precio_base,duracion,proveedores_invitados,respuestas_al_procedimiento,modalidad_de_contratacion,departamento_entidad,real,prediccion,probabilidad
1390089591,44,0,0,SELECCIÓN ABREVIADA SUBASTA INVERSA,Distrito Capital de Bogotá,0,0,0.4814507235519049
29148000,7,0,0,CONTRATACIÓN DIRECTA,Distrito Capital de Bogotá,0,0,2.7918792060790337e-05
10000000,5,0,0,CONTRATACIÓN RÉGIMEN ESPECIAL,Boyacá,0,0,5.4072300057351483e-05
2400000,60,0,0,CONTRATACIÓN RÉGIMEN ESPECIAL,Atlántico,0,0,3.7664300145734314e-05
47979359,3,0,0,CONTRATACIÓN RÉGIMEN ESPECIAL,Antioquia,0,0,4.279503542926322e-05
18500000,60,0,0,CONTRATACIÓN RÉGIMEN ESPECIAL,No Definido,0,0,5.012656243638322e-05
83538000,20,0,0,CONTRATACIÓN RÉGIMEN ESPECIAL,Distrito Capital de Bogotá,0,0,2.8082213312212803e-05
17435880,7,0,0,CONTRATACIÓN DIRECTA,Valle del Cauca,0,0,4.402495903929784e-05
39200000,175,0,0,CONTRATACIÓN RÉGIMEN ESPECIAL,Distrito Capital de Bogotá,0,0,2.8082209478285138e-05
6846748,0,0,0,CONTRATACIÓN RÉGIMEN ESPECIAL,Distrito Capital de Bogotá,0,0,2.80821543184602e-05
17820000,6,0,0,CONTRATACIÓN DIRECTA,Bolívar,0,0,3.4601767813949285e-05
3400000,46,0,0,CONTRATACIÓN RÉGIMEN ESPECIAL,OTRO,0,0,4.264932943160937e-05
22512000,1,0,0,CONTRATACIÓN RÉGIMEN ESPECIAL,Distrito Capital de Bogotá,0,0,2.8082165807998553e-05
37510000,12,0,0,CONTRATACIÓN DIRECTA,Distrito Capital de Bogotá,0,0,2.7918798965150254e-05
5000000,6,0,0,CONTRATACIÓN RÉGIMEN ESPECIAL,Antioquia,0,0,4.279498898243953e-05
175280916,60,34,4,SELECCIÓN ABREVIADA DE MENOR CUANTÍA,Antioquia,1,1,0.9976386383954535
22500000,9,0,0,CONTRATACIÓN DIRECTA,Cundinamarca,0,0,4.369603269770049e-05
15000000,166,0,0,CONTRATACIÓN DIRECTA,Nariño,0,0,2.3935661041048916e-05
10000000,35,0,0,CONTRATACIÓN DIRECTA,Valle del Cauca,0,0,4.402495860260468e-05
4000000,2,0,0,CONTRATACIÓN RÉGIMEN ESPECIAL,Magdalena,0,0,3.843052542629723e-05
6325000,8,0,0,CONTRATACIÓN RÉGIMEN ESPECIAL,Atlántico,0,0,3.7664291270054466e-05
70000000,4,0,0,CONTRATACIÓN RÉGIMEN ESPECIAL,Antioquia,0,0,4.2795059929173345e-05
11183200,0,0,0,CONTRATACIÓN RÉGIMEN ESPECIAL,Antioquia,0,0,4.279499412222239e-05
3300000,47,0,0,CONTRATACIÓN DIRECTA,Valle del Cauca,0,0,4.402495443983816e-05
37327948,210,0,0,CONTRATACIÓN DIRECTA,Distrito Capital de Bogotá,0,0,2.7918834611342456e-05
1800000,1,0,0,CONTRATACIÓN RÉGIMEN ESPECIAL,No Definido,0,0,5.012652177889535e-05
5093200,3,0,0,CONTRATACIÓN RÉGIMEN ESPECIAL,Nariño,0,0,2.4075700581048167e-05
26312000,12,0,0,CONTRATACIÓN DIRECTA,Distrito Capital de Bogotá,0,0,2.7918790929018588e-05
16119720,180,0,0,CONTRATACIÓN DIRECTA,Distrito Capital de Bogotá,0,0,2.791881397072091e-05
1900000,2,0,0,CONTRATACIÓN RÉGIMEN ESPECIAL,Santander,0,0,5.003932432400805e-05
333200000,5,0,0,CONTRATACIÓN DIRECTA,Antioquia,0,0,4.254637375655695e-05
2856000,9,0,0,CONTRATACIÓN RÉGIMEN ESPECIAL,Distrito Capital de Bogotá,0,0,2.8082153073517085e-05
11720000,4,0,0,CONTRATACIÓN DIRECTA,Distrito Capital de Bogotá,0,0,2.7918779011693527e-05
30000000,3,0,0,CONTRATACIÓN RÉGIMEN ESPECIAL,Meta,0,0,6.450774706291637e-05
12250000,105,0,0,CONTRATACIÓN DIRECTA,Caldas,0,0,3.4443817864325196e-05
7468440,10,0,0,CONTRATACIÓN RÉGIMEN ESPECIAL,Distrito Capital de Bogotá,0,0,2.8082156584703814e-05
3325000,3,0,0,CONTRATACIÓN RÉGIMEN ESPECIAL,Antioquia,0,0,4.2794986309026365e-05
25200000,120,0,0,CONTRATACIÓN DIRECTA,Antioquia,0,0,4.254606858899454e-05
9400000,8,0,0,CONTRATACIÓN RÉGIMEN ESPECIAL,Antioquia,0,0,4.279499437641266e-05
13200000,3,0,0,CONTRATACIÓN DIRECTA,Bolívar,0,0,3.4601763033018845e-05
42093000,9,0,0,CONTRATACIÓN DIRECTA,Distrito Capital de Bogotá,0,0,2.7918801712021547e-05
6513622800,335,0,0,CONTRATACIÓN RÉGIMEN ESPECIAL,Distrito Capital de Bogotá,0,0,2.808691245100979e-05
2863760,0,0,0,CONTRATACIÓN RÉGIMEN ESPECIAL,Antioquia,0,0,4.2794984970760604e-05
6263670,27,0,0,CONTRATACIÓN DIRECTA,Nariño,0,0,2.393563413310862e-05
187497600,2,0,0,CONTRATACIÓN RÉGIMEN ESPECIAL,No Definido,0,0,5.012676136610096e-05
5744000,8,0,0,CONTRATACIÓN RÉGIMEN ESPECIAL,Distrito Capital de Bogotá,0,0,2.808215497643951e-05
153333333,115,0,0,CONTRATACIÓN DIRECTA,Distrito Capital de Bogotá,0,0,2.791890069596615e-05
22800000,6,0,0,CONTRATACIÓN DIRECTA,Distrito Capital de Bogotá,0,0,2.7918787324522153e-05
93600000,355,0,0,CONTRATACIÓN DIRECTA,Distrito Capital de Bogotá,0,0,2.79189011947773e-05
6357474,3,0,0,CONTRATACIÓN DIRECTA,Santander,0,0,4.974821227259378e-05
57354040,30,0,0,CONTRATACIÓN RÉGIMEN ESPECIAL,OTRO,0,0,4.264938416322245e-05
4000000,61,0,0,CONTRATACIÓN RÉGIMEN ESPECIAL,Antioquia,0,0,4.279500311555481e-05
42436000,5,0,0,CONTRATACIÓN DIRECTA,Valle del Cauca,0,0,4.4024986760173094e-05
121171716,94,0,0,CONTRATACIÓN DIRECTA,Valle del Cauca,0,0,4.402510121795851e-05
10749987,0,0,0,CONTRATACIÓN RÉGIMEN ESPECIAL,Meta,0,0,6.45077138923925e-05
12000000,6,0,0,CONTRATACIÓN DIRECTA,No Definido,0,0,4.983491111315878e-05
7257600,4,0,0,CONTRATACIÓN RÉGIMEN ESPECIAL,No Definido,0,0,5.012652978398289e-05
13075395,190,0,0,CONTRATACIÓN DIRECTA,Valle del Cauca,0,0,4.4025006246314534e-05
20250000,135,0,0,CONTRATACIÓN DIRECTA,Tolima,0,0,4.4774766819318874e-05
5100000,90,0,0,CONTRATACIÓN DIRECTA,Boyacá,0,0,5.375774305807537e-05
15035328,4,0,0,CONTRATACIÓN DIRECTA,Antioquia,0,0,4.254602553164361e-05
3716382,60,0,0,CONTRATACIÓN DIRECTA,Distrito Capital de Bogotá,0,0,2.7918783386670006e-05
14000000,60,0,0,CONTRATACIÓN DIRECTA,Antioquia,0,0,4.25460398192614e-05
101000000,3,0,0,CONTRATACIÓN DIRECTA,Distrito Capital de Bogotá,0,0,2.791884290193015e-05
95068663,4,0,3,CONCURSO DE MÉRITOS ABIERTO,Distrito Capital de Bogotá,1,1,0.9875841133795132
13257884,111,0,0,CONTRATACIÓN DIRECTA,Santander,0,0,4.97482558685042e-05
553285412,4,0,0,CONTRATACIÓN RÉGIMEN ESPECIAL,Distrito Capital de Bogotá,0,0,2.8082549488899826e-05
2600000,59,0,0,CONTRATACIÓN RÉGIMEN ESPECIAL,OTRO,0,0,4.2649332142898706e-05
10800000,4,0,0,CONTRATACIÓN DIRECTA,Norte de Santander,0,0,7.300884428837645e-05
7000000,169,0,0,CONTRATACIÓN RÉGIMEN ESPECIAL,Valle del Cauca,0,0,4.428262167233938e-05
28864220,105,0,0,CONTRATACIÓN DIRECTA,Distrito Capital de Bogotá,0,0,2.7918809564857266e-05
8758585,164,0,0,CONTRATACIÓN DIRECTA,Antioquia,0,0,4.254606272409458e-05
4136792,10,0,0,CONTRATACIÓN DIRECTA,OTRO,0,0,4.240119386702636e-05
18000000,3,0,0,CONTRATACIÓN DIRECTA,Atlántico,0,0,3.7445175818526985e-05
7852548,66,0,0,CONTRATACIÓN RÉGIMEN ESPECIAL,No Definido,0,0,5.012655066413266e-05
13656000,107,0,0,CONTRATACIÓN DIRECTA,Valle del Cauca,0,0,4.402498325448226e-05
5700000,7,0,0,CONTRATACIÓN RÉGIMEN ESPECIAL,Distrito Capital de Bogotá,0,0,2.8082154762930373e-05
12772000,4,0,0,CONTRATACIÓN DIRECTA,Valle del Cauca,0,0,4.402495290676567e-05
10800000,116,0,0,CONTRATACIÓN DIRECTA,Distrito Capital de Bogotá,0,0,2.79187985888492e-05
2508656,27,0,0,CONTRATACIÓN DIRECTA,Distrito Capital de Bogotá,0,0,2.7918776557159325e-05
2100000,19,0,0,CONTRATACIÓN RÉGIMEN ESPECIAL,Antioquia,0,0,4.279498939296859e-05
1476940,60,0,0,CONTRATACIÓN RÉGIMEN ESPECIAL,Antioquia,0,0,4.2795000063198496e-05
3421440,6,0,0,CONTRATACIÓN RÉGIMEN ESPECIAL,Distrito Capital de Bogotá,0,0,2.8082152936429034e-05
6601516,34,0,0,CONTRATACIÓN RÉGIMEN ESPECIAL,Bolívar,0,0,3.480425085178954e-05
5200000,48,0,0,CONTRATACIÓN RÉGIMEN ESPECIAL,OTRO,0,0,4.264933195693364e-05
70000000,364,0,0,CONTRATACIÓN RÉGIMEN ESPECIAL,Antioquia,0,0,4.2795159637164266e-05
5646667,66,0,0,CONTRATACIÓN RÉGIMEN ESPECIAL,Atlántico,0,0,3.766430475151428e-05
16531744,7,0,12,MÍNIMA CUANTÍA,Distrito Capital de Bogotá,1,1,0.9999999968988333
42100000,10,0,0,CONTRATACIÓN DIRECTA,Distrito Capital de Bogotá,0,0,2.7918801897736042e-05
15200000,4,0,0,CONTRATACIÓN DIRECTA,Norte de Santander,0,0,7.300885254530458e-05
45000000,30,0,0,SELECCIÓN ABREVIADA DE MENOR CUANTÍA,Distrito Capital de Bogotá,0,0,0.3903575345189181
23000000,1,0,16,MÍNIMA CUANTÍA,Distrito Capital de Bogotá,1,1,0.9999999999928326
8400000,3,0,0,CONTRATACIÓN RÉGIMEN ESPECIAL,Antioquia,0,0,4.279499189157376e-05
43595368,6,0,0,MÍNIMA CUANTÍA,OTRO,0,1,0.8580757360263498
9730000,15,0,0,CONTRATACIÓN RÉGIMEN ESPECIAL,Bolívar,0,0,3.480424937080565e-05
9549120,135,0,0,CONTRATACIÓN RÉGIMEN ESPECIAL,Cundinamarca,0,0,4.3951757243352495e-05
624000,1,0,0,CONTRATACIÓN RÉGIMEN ESPECIAL,Atlántico,0,0,3.7664284044391724e-05
19405900,129,0,0,CONTRATACIÓN DIRECTA,Distrito Capital de Bogotá,0,0,2.791880711377146e-05
12576300,198,0,0,CONTRATACIÓN DIRECTA,Boyacá,0,0,5.3757790963229254e-05
10038600,69,0,0,CONTRATACIÓN RÉGIMEN ESPECIAL,Bolívar,0,0,3.480426181050735e-05
31794078,6,0,0,CONTRATACIÓN DIRECTA,Distrito Capital de Bogotá,0,0,2.791879377903042e-05
82500000,11,0,0,CONTRATACIÓN DIRECTA,Distrito Capital de Bogotá,0,0,2.7918831071101795e-05
6600000,90,0,0,CONTRATACIÓN DIRECTA,OTRO,0,0,4.2401218505041835e-05
180000000,0,1,1,CONTRATACIÓN DIRECTA (CON OFERTAS),Antioquia,1,1,0.986180844601242
150000000,130,1,1,CONTRATACIÓN DIRECTA (CON OFERTAS),Antioquia,1,1,0.9861808455583234
2912823,6,0,0,CONTRATACIÓN RÉGIMEN ESPECIAL,Distrito Capital de Bogotá,0,0,2.8082152569289525e-05
11900400,4,0,0,CONTRATACIÓN DIRECTA,Distrito Capital de Bogotá,0,0,2.791877914115569e-05
5600000,0,0,0,CONTRATACIÓN DIRECTA,Meta,0,0,6.413241873607167e-05
1500000,43,0,0,CONTRATACIÓN RÉGIMEN ESPECIAL,Boyacá,0,0,5.4072301541494106e-05
76800000,60,0,2,MÍNIMA CUANTÍA,Distrito Capital de Bogotá,1,1,0.9880677355273726
12950000,99,0,0,CONTRATACIÓN RÉGIMEN ESPECIAL,Valle del Cauca,0,0,4.428260838337568e-05
6600000,3,0,0,CONTRATACIÓN DIRECTA,No Definido,0,0,4.983490322842278e-05
8200000,0,0,0,CONTRATACIÓN DIRECTA,Antioquia,0,0,4.254601695504131e-05
172144470,6,0,1,CONCURSO DE MÉRITOS ABIERTO,OTRO,1,1,0.8531071339511517
11593333,94,0,0,CONTRATACIÓN DIRECTA,Santander,0,0,4.974824826659762e-05
53393472,8,0,0,CONTRATACIÓN DIRECTA,Distrito Capital de Bogotá,0,0,2.7918809641003342e-05
21129640,60,0,0,CONTRATACIÓN RÉGIMEN ESPECIAL,OTRO,0,0,4.264935273233209e-05
8400000,3,0,0,CONTRATACIÓN DIRECTA,Santander,0,0,4.974821488442749e-05
9734400,244,0,0,CONTRATACIÓN DIRECTA,Tolima,0,0,4.477478630279534e-05
25290650,10,0,0,CONTRATACIÓN RÉGIMEN ESPECIAL,OTRO,0,0,4.264934349273932e-05
13186333,130,0,0,CONTRATACIÓN DIRECTA,OTRO,0,0,4.2401236660113106e-05
10000000,120,0,0,CONTRATACIÓN DIRECTA,Cundinamarca,0,0,4.3696050048569804e-05
474810,5,0,0,CONTRATACIÓN RÉGIMEN ESPECIAL,Antioquia,0,0,4.279498372772276e-05
4000000,81,0,0,CONTRATACIÓN RÉGIMEN ESPECIAL,OTRO,0,0,4.26493397501819e-05
2400000,30,0,0,CONTRATACIÓN RÉGIMEN ESPECIAL,Magdalena,0,0,3.8430530809944864e-05
5100000,3,0,0,CONTRATACIÓN DIRECTA,Santander,0,0,4.974821066462765e-05
14476000,7,0,0,CONTRATACIÓN DIRECTA,Distrito Capital de Bogotá,0,0,2.7918781531580723e-05
42680055,329,0,0,CONTRATACIÓN RÉGIMEN ESPECIAL,Distrito Capital de Bogotá,0,0,2.8082239979624216e-05
1000000,1,0,0,CONTRATACIÓN RÉGIMEN ESPECIAL,Magdalena,0,0,3.843052221409058e-05
11180000,75,0,0,CONTRATACIÓN DIRECTA,Distrito Capital de Bogotá,0,0,2.7918791453222532e-05
34245000,9,0,0,CONTRATACIÓN DIRECTA,Antioquia,0,0,4.254604791631615e-05
7500000,3,0,0,CONTRATACIÓN RÉGIMEN ESPECIAL,Valle del Cauca,0,0,4.4282574667003335e-05
338402,5,0,0,MÍNIMA CUANTÍA,OTRO,0,1,0.8580755998250976
25500000,278,0,0,CONTRATACIÓN DIRECTA,Distrito Capital de Bogotá,0,0,2.7918838410126582e-05
1900000,20,0,0,CONTRATACIÓN RÉGIMEN ESPECIAL,OTRO,0,0,4.264932061060879e-05
111960000,12,0,0,CONTRATACIÓN DIRECTA,Distrito Capital de Bogotá,0,0,2.7918852393500184e-05
1800000,1,0,0,CONTRATACIÓN RÉGIMEN ESPECIAL,OTRO,0,0,4.264931525654285e-05
4300000,30,0,0,CONTRATACIÓN RÉGIMEN ESPECIAL,Distrito Capital de Bogotá,0,0,2.8082157932564924e-05
19000000,5,0,0,CONTRATACIÓN DIRECTA,Magdalena,0,0,3.820695775157441e-05
933400,18,0,0,CONTRATACIÓN RÉGIMEN ESPECIAL,Distrito Capital de Bogotá,0,0,2.8082153321443506e-05
12000000,0,0,0,CONTRATACIÓN DIRECTA,OTRO,0,0,4.240119969286603e-05
40320000,342,0,0,CONTRATACIÓN RÉGIMEN ESPECIAL,Valle del Cauca,0,0,4.428270917941929e-05
3160000,5,0,0,CONTRATACIÓN RÉGIMEN ESPECIAL,Santander,0,0,5.003932691617704e-05
830000000,7,0,0,SELECCIÓN ABREVIADA SUBASTA INVERSA,OTRO,0,1,0.5850758593361193
5253360,120,0,0,CONTRATACIÓN RÉGIMEN ESPECIAL,Cundinamarca,0,0,4.395174812347323e-05
9500000,30,0,0,CONTRATACIÓN RÉGIMEN ESPECIAL,No Definido,0,0,5.012654110793548e-05
10750000,4,0,0,CONTRATACIÓN RÉGIMEN ESPECIAL,No Definido,0,0,5.0126534283769314e-05
11518666,163,0,0,CONTRATACIÓN DIRECTA,OTRO,0,0,4.2401243898324256e-05
9000000,3,0,0,CONTRATACIÓN DIRECTA,Norte de Santander,0,0,7.300884043804926e-05
30652636,15,0,10,MÍNIMA CUANTÍA,Valle del Cauca,1,1,0.9999999590929828
5045100,22,0,0,CONTRATACIÓN RÉGIMEN ESPECIAL,Distrito Capital de Bogotá,0,0,2.80821570164213e-05
64400000,185,0,0,CONTRATACIÓN DIRECTA,Antioquia,0,0,4.254612935667231e-05
57934590,328,0,0,CONTRATACIÓN DIRECTA,Distrito Capital de Bogotá,0,0,2.7918870721100265e-05
7840000,86,0,0,CONTRATACIÓN DIRECTA,Distrito Capital de Bogotá,0,0,2.7918791043905963e-05
3000000,1,0,0,CONTRATACIÓN DIRECTA,Valle del Cauca,0,0,4.402494099376878e-05
15434800,8,0,0,CONTRATACIÓN RÉGIMEN ESPECIAL,Antioquia,0,0,4.279500101475028e-05
4054500,30,0,0,CONTRATACIÓN RÉGIMEN ESPECIAL,No Definido,0,0,5.012653409167449e-05
126496675,24,0,0,CONTRATACIÓN RÉGIMEN ESPECIAL,Distrito Capital de Bogotá,0,0,2.8082245048531532e-05
9000000,6,0,0,CONTRATACIÓN RÉGIMEN ESPECIAL,Boyacá,0,0,5.4072299017431767e-05
12000000,2,0,0,CONTRATACIÓN RÉGIMEN ESPECIAL,No Definido,0,0,5.012653524550794e-05
4000000,1,0,0,CONTRATACIÓN RÉGIMEN ESPECIAL,OTRO,0,0,4.264931766832611e-05
19649925,40,0,4,MÍNIMA CUANTÍA,Distrito Capital de Bogotá,1,1,0.9994197670250563
3333620,110,0,0,CONTRATACIÓN RÉGIMEN ESPECIAL,Nariño,0,0,2.407571616475618e-05
475227,0,0,0,CONTRATACIÓN RÉGIMEN ESPECIAL,Antioquia,0,0,4.279498234335229e-05
36397000,255,0,0,CONTRATACIÓN DIRECTA,Distrito Capital de Bogotá,0,0,2.7918842074362272e-05
360000000,12,0,0,CONTRATACIÓN RÉGIMEN ESPECIAL,Distrito Capital de Bogotá,0,0,2.808241142035914e-05
3000000,2,0,0,CONTRATACIÓN DIRECTA,OTRO,0,0,4.2401190432712117e-05
24200000,2,0,0,CONTRATACIÓN RÉGIMEN ESPECIAL,Magdalena,0,0,3.84305453804435e-05
24590000,10,0,0,CONTRATACIÓN DIRECTA,Distrito Capital de Bogotá,0,0,2.7918789331860974e-05
10284235,150,0,0,CONTRATACIÓN DIRECTA,OTRO,0,0,4.2401238985502086e-05
38956000,75,0,1,MÍNIMA CUANTÍA,Boyacá,1,1,0.9721917293031286
799948392,30,0,0,SELECCIÓN ABREVIADA SUBASTA INVERSA,OTRO,0,1,0.585075707943872
117012271,365,0,0,SELECCIÓN ABREVIADA DE MENOR CUANTÍA,Boyacá,0,1,0.5521615377575112
6000000,5,0,0,CONTRATACIÓN DIRECTA,OTRO,0,0,4.240119452562683e-05
17731692,180,0,0,CONTRATACIÓN DIRECTA,Distrito Capital de Bogotá,0,0,2.7918815127537113e-05
16011000,9,0,0,CONTRATACIÓN DIRECTA,Cundinamarca,0,0,4.3696025409458164e-05
7500000,3,0,0,CONTRATACIÓN DIRECTA,Santander,0,0,4.9748213733572906e-05
10800000,120,0,0,CONTRATACIÓN DIRECTA,Cundinamarca,0,0,4.3696050947105296e-05
3657000,5,0,0,CONTRATACIÓN RÉGIMEN ESPECIAL,Norte de Santander,0,0,7.343605667002548e-05
430960307,120,0,0,CONTRATACIÓN RÉGIMEN ESPECIAL,Distrito Capital de Bogotá,0,0,2.8082482271811018e-05
27495000,9,0,0,CONTRATACIÓN RÉGIMEN ESPECIAL,Distrito Capital de Bogotá,0,0,2.8082170858909774e-05
2540000,14,0,0,CONTRATACIÓN RÉGIMEN ESPECIAL,No Definido,0,0,5.012652694971295e-05
930700000,2,0,0,SELECCIÓN ABREVIADA DE MENOR CUANTÍA,OTRO,0,0,0.49302660467502624
6088358,75,0,0,CONTRATACIÓN DIRECTA,Santander,0,0,4.9748235109905935e-05
819315,3,0,0,CONTRATACIÓN RÉGIMEN ESPECIAL,Antioquia,0,0,4.279498355274971e-05
15000000,3,0,0,CONTRATACIÓN DIRECTA,Valle del Cauca,0,0,4.402495514309627e-05
55947500,345,0,0,CONTRATACIÓN DIRECTA,Antioquia,0,0,4.2546164169776185e-05
11580000,3,0,0,CONTRATACIÓN RÉGIMEN ESPECIAL,OTRO,0,0,4.2649326530062996e-05
38400000,285,0,0,CONTRATACIÓN DIRECTA,Distrito Capital de Bogotá,0,0,2.7918848932536562e-05
2000000,4,0,0,CONTRATACIÓN RÉGIMEN ESPECIAL,OTRO,0,0,4.2649316303865225e-05
57900640,15,0,0,CONTRATACIÓN RÉGIMEN ESPECIAL,Norte de Santander,0,0,7.343616381050759e-05
16936673,316,0,0,CONTRATACIÓN DIRECTA,OTRO,0,0,4.2401291789281894e-05
20000000,2,0,0,CONTRATACIÓN RÉGIMEN ESPECIAL,Valle del Cauca,0,0,4.428258860847242e-05
55176000,330,0,0,CONTRATACIÓN DIRECTA,Distrito Capital de Bogotá,0,0,2.7918869102803555e-05
35000000,42,0,2,MÍNIMA CUANTÍA,Distrito Capital de Bogotá,1,1,0.9880677214858519
3400000,3,0,0,CONTRATACIÓN RÉGIMEN ESPECIAL,No Definido,0,0,5.01265244892419e-05
45662400,315,0,0,CONTRATACIÓN DIRECTA,Distrito Capital de Bogotá,0,0,2.791885956507629e-05
6192000,80,0,0,CONTRATACIÓN DIRECTA,Boyacá,0,0,5.375774108786052e-05
10069796,120,0,0,CONTRATACIÓN DIRECTA,OTRO,0,0,4.24012305192588e-05
13137333,118,0,0,CONTRATACIÓN DIRECTA,Distrito Capital de Bogotá,0,0,2.7918800627594887e-05
66000000,11,0,0,CONTRATACIÓN DIRECTA,Cundinamarca,0,0,4.369608212116967e-05
2160000,30,0,0,CONTRATACIÓN RÉGIMEN ESPECIAL,OTRO,0,0,4.2649323655869335e-05
2000000,1,0,0,CONTRATACIÓN RÉGIMEN ESPECIAL,Atlántico,0,0,3.7664285376543906e-05
257842201,135,0,0,CONTRATACIÓN DIRECTA,Antioquia,0,0,4.2546327140247836e-05
18622020,0,0,0,CONTRATACIÓN RÉGIMEN ESPECIAL,OTRO,0,0,4.264933342191665e-05
20100000,3,0,0,CONTRATACIÓN DIRECTA,Distrito Capital de Bogotá,0,0,2.7918784844822283e-05
32094629,7,0,0,CONTRATACIÓN DIRECTA,Norte de Santander,0,0,7.300888566682523e-05
13500000,5,0,0,CONTRATACIÓN RÉGIMEN ESPECIAL,Bolívar,0,0,3.480425049100554e-05
5292314,70,0,0,CONTRATACIÓN RÉGIMEN ESPECIAL,Caldas,0,0,3.46453663090777e-05
23666650,10,0,0,CONTRATACIÓN DIRECTA,Distrito Capital de Bogotá,0,0,2.791878866922832e-05
44000000,330,0,0,CONTRATACIÓN DIRECTA,Distrito Capital de Bogotá,0,0,2.7918861082439804e-05
1745000,5,0,0,CONTRATACIÓN RÉGIMEN ESPECIAL,OTRO,0,0,4.2649316300340775e-05
62315000,11,0,0,CONTRATACIÓN DIRECTA,Distrito Capital de Bogotá,0,0,2.7918816585525302e-05
9600000,120,0,0,CONTRATACIÓN DIRECTA,Antioquia,0,0,4.254605152866141e-05
11792925,5,0,0,CONTRATACIÓN DIRECTA,OTRO,0,0,4.240120083926447e-05
5400000,10,0,0,CONTRATACIÓN RÉGIMEN ESPECIAL,Antioquia,0,0,4.27949905303067e-05
11200000,6,0,0,CONTRATACIÓN RÉGIMEN ESPECIAL,OTRO,0,0,4.264932694155175e-05
3159272,8,0,0,CONTRATACIÓN RÉGIMEN ESPECIAL,Boyacá,0,0,5.407229159949007e-05
46997304,268,0,0,CONTRATACIÓN DIRECTA,Antioquia,0,0,4.254613317935223e-05
38700000,3,0,0,CONTRATACIÓN DIRECTA,Distrito Capital de Bogotá,0,0,2.7918798192922906e-05
16940000,153,0,0,CONTRATACIÓN DIRECTA,Distrito Capital de Bogotá,0,0,2.7918809680727734e-05
17615000,149,0,0,CONTRATACIÓN DIRECTA,Valle del Cauca,0,0,4.402499970147373e-05
29880000,135,0,0,CONTRATACIÓN DIRECTA,Distrito Capital de Bogotá,0,0,2.791881571455454e-05
50000000,10,1,1,CONTRATACIÓN DIRECTA (CON OFERTAS),Antioquia,1,1,0.9861807999421209
55440000,156,0,0,CONTRATACIÓN DIRECTA,Antioquia,0,0,4.254611157260009e-05
3500000,1,0,0,CONTRATACIÓN RÉGIMEN ESPECIAL,No Definido,0,0,5.01265239692618e-05
20037096,6,0,0,CONTRATACIÓN DIRECTA,Distrito Capital de Bogotá,0,0,2.7918785341752604e-05
16000000,164,0,0,CONTRATACIÓN DIRECTA,Distrito Capital de Bogotá,0,0,2.7918810993747627e-05
15000000,1,0,0,CONTRATACIÓN RÉGIMEN ESPECIAL,OTRO,0,0,4.264932972724426e-05
9799999,55,0,0,CONTRATACIÓN RÉGIMEN ESPECIAL,Valle del Cauca,0,0,4.4282592187803305e-05
10500000,69,0,0,CONTRATACIÓN RÉGIMEN ESPECIAL,Tolima,0,0,4.5036751954415395e-05
16987868,94,0,0,CONTRATACIÓN RÉGIMEN ESPECIAL,Antioquia,0,0,4.2795026542218306e-05
1270000,18,0,0,CONTRATACIÓN RÉGIMEN ESPECIAL,OTRO,0,0,4.264931936791544e-05
14000000,120,0,0,CONTRATACIÓN DIRECTA,Valle del Cauca,0,0,4.402498734779823e-05
138040000,361,0,0,CONTRATACIÓN DIRECTA,Distrito Capital de Bogotá,0,0,2.791893417098559e-05
38968333,227,0,0,CONTRATACIÓN DIRECTA,Atlántico,0,0,3.744525028562562e-05
18000000,0,0,0,CONTRATACIÓN DIRECTA,Bolívar,0,0,3.460176663039347e-05
11200000,4,0,0,CONTRATACIÓN DIRECTA,Norte de Santander,0,0,7.300884503900632e-05
39200000,7,0,0,CONTRATACIÓN DIRECTA,Distrito Capital de Bogotá,0,0,2.7918799274506883e-05
492100,1,0,0,CONTRATACIÓN RÉGIMEN ESPECIAL,Distrito Capital de Bogotá,0,0,2.8082149913176843e-05
7087500,45,0,0,CONTRATACIÓN RÉGIMEN ESPECIAL,Antioquia,0,0,4.2795002080379515e-05
12566666,130,0,0,CONTRATACIÓN DIRECTA,Distrito Capital de Bogotá,0,0,2.7918802386353553e-05
14150000,27,0,0,CONTRATACIÓN RÉGIMEN ESPECIAL,Boyacá,0,0,5.407231352415482e-05
3534000,1,0,0,CONTRATACIÓN RÉGIMEN ESPECIAL,Caldas,0,0,3.464534927178434e-05
60480000,9,0,0,CONTRATACIÓN DIRECTA,Distrito Capital de Bogotá,0,0,2.7918814907272842e-05
138000,2,0,0,CONTRATACIÓN RÉGIMEN ESPECIAL,Magdalena,0,0,3.843052161130275e-05
320000000,7,0,0,SELECCIÓN ABREVIADA DE MENOR CUANTÍA,Valle del Cauca,0,1,0.5024175937569164
22287115,216,0,5,MÍNIMA CUANTÍA,Antioquia,1,1,0.9999164767099193
1900000,1,0,0,CONTRATACIÓN RÉGIMEN ESPECIAL,OTRO,0,0,4.264931536616938e-05
18664932,150,0,0,CONTRATACIÓN DIRECTA,Antioquia,0,0,4.25460697028183e-05
5100000,1,0,0,CONTRATACIÓN DIRECTA,Bolívar,0,0,3.4601755380861624e-05
184450,12,0,0,CONTRATACIÓN RÉGIMEN ESPECIAL,No Definido,0,0,5.012652326587723e-05
27173208,10,0,2,MÍNIMA CUANTÍA,Meta,1,1,0.9947704691964621
14000000,41,0,0,CONTRATACIÓN RÉGIMEN ESPECIAL,OTRO,0,0,4.264933967190818e-05
2312005,12,0,0,CONTRATACIÓN RÉGIMEN ESPECIAL,Antioquia,0,0,4.2794987687415115e-05
4800000,0,0,0,CONTRATACIÓN RÉGIMEN ESPECIAL,Atlántico,0,0,3.766428784355716e-05
2318596,2,0,0,CONTRATACIÓN RÉGIMEN ESPECIAL,Antioquia,0,0,4.279498492500678e-05
3750000,45,0,0,CONTRATACIÓN DIRECTA,Caldas,0,0,3.4443796963622865e-05
65000000,0,0,0,MÍNIMA CUANTÍA,OTRO,1,1,0.8580757983029133
6893960,58,0,0,CONTRATACIÓN DIRECTA,Antioquia,0,0,4.254603149731222e-05
17500000,5,0,0,CONTRATACIÓN DIRECTA,Boyacá,0,0,5.3757730619648874e-05
127660,1,0,0,CONTRATACIÓN RÉGIMEN ESPECIAL,No Definido,0,0,5.012651962416766e-05
12840000,3,0,0,CONTRATACIÓN DIRECTA,OTRO,0,0,4.240120143162391e-05
6100533,83,0,0,CONTRATACIÓN DIRECTA,Distrito Capital de Bogotá,0,0,2.791878925352242e-05
7650000,3,0,0,CONTRATACIÓN DIRECTA,Distrito Capital de Bogotá,0,0,2.791877591021009e-05
2300000,2,0,0,CONTRATACIÓN RÉGIMEN ESPECIAL,Antioquia,0,0,4.279498490455105e-05
8000000,45,0,0,CONTRATACIÓN RÉGIMEN ESPECIAL,OTRO,0,0,4.264933419840739e-05
2090000,1,0,0,CONTRATACIÓN RÉGIMEN ESPECIAL,Atlántico,0,0,3.7664285463675895e-05
5665000,69,0,0,CONTRATACIÓN RÉGIMEN ESPECIAL,Valle del Cauca,0,0,4.428259149346361e-05
4867500,60,0,0,CONTRATACIÓN DIRECTA,Antioquia,0,0,4.254602983186399e-05
9200000,6,0,0,CONTRATACIÓN RÉGIMEN ESPECIAL,Boyacá,0,0,5.407229929540523e-05
24886710,3,0,0,CONTRATACIÓN RÉGIMEN ESPECIAL,Distrito Capital de Bogotá,0,0,2.808216788565388e-05
25200000,3,0,0,CONTRATACIÓN RÉGIMEN ESPECIAL,No Definido,0,0,5.0126552577478634e-05
9000000,3,0,0,CONTRATACIÓN RÉGIMEN ESPECIAL,Atlántico,0,0,3.7664292641004844e-05
13500000,3,0,0,CONTRATACIÓN DIRECTA,Distrito Capital de Bogotá,0,0,2.7918780108400983e-05
500000000,38,0,0,CONTRATACIÓN RÉGIMEN ESPECIAL,Valle del Cauca,0,0,4.428314528699015e-05
11456000,4,0,0,CONTRATACIÓN DIRECTA,Distrito Capital de Bogotá,0,0,2.7918778822236696e-05
3363104,1,0,0,CONTRATACIÓN RÉGIMEN ESPECIAL,OTRO,0,0,4.264931697011927e-05
3000000,1,0,0,CONTRATACIÓN DIRECTA,OTRO,0,0,4.240119015829483e-05
40000000,8,0,0,CONTRATACIÓN RÉGIMEN ESPECIAL,Cundinamarca,0,0,4.395175551957434e-05
21000000,4,0,0,CONTRATACIÓN DIRECTA,Distrito Capital de Bogotá,0,0,2.791878567138888e-05
31500000,3,0,0,CONTRATACIÓN RÉGIMEN ESPECIAL,Antioquia,0,0,4.2795017301798665e-05
6026000,2,0,0,CONTRATACIÓN RÉGIMEN ESPECIAL,Cundinamarca,0,0,4.395171543103451e-05
7053000,92,0,0,CONTRATACIÓN RÉGIMEN ESPECIAL,Distrito Capital de Bogotá,0,0,2.8082171188180933e-05
1800000,53,0,0,CONTRATACIÓN DIRECTA,Magdalena,0,0,3.820695272889177e-05
271259071,2,0,0,SELECCIÓN ABREVIADA DE MENOR CUANTÍA,Cundinamarca,0,1,0.500542320316404
11400000,6,0,0,CONTRATACIÓN DIRECTA,Distrito Capital de Bogotá,0,0,2.7918779143430637e-05
29400000,8,0,0,CONTRATACIÓN DIRECTA,Distrito Capital de Bogotá,0,0,2.7918792422326527e-05
102149890,15,0,0,SELECCIÓN ABREVIADA SUBASTA INVERSA,Boyacá,0,1,0.6412857774409542
25000000,80,0,0,CONTRATACIÓN DIRECTA,Santander,0,0,4.974826090257758e-05
8000000,53,0,0,CONTRATACIÓN RÉGIMEN ESPECIAL,Valle del Cauca,0,0,4.4282589565776896e-05
7116200,1,0,0,CONTRATACIÓN RÉGIMEN ESPECIAL,Valle del Cauca,0,0,4.428257365695912e-05
16000000,4,0,0,CONTRATACIÓN DIRECTA,Santander,0,0,4.9748224924720246e-05
6000000,2,0,0,CONTRATACIÓN DIRECTA,Boyacá,0,0,5.375771368541923e-05
35260500,5,0,0,CONTRATACIÓN DIRECTA,Distrito Capital de Bogotá,0,0,2.7918796085982196e-05
16800000,5,0,0,CONTRATACIÓN RÉGIMEN ESPECIAL,No Definido,0,0,5.012654240331198e-05
28538772,360,0,0,CONTRATACIÓN DIRECTA,Atlántico,0,0,3.744527247889881e-05
30800000,3,0,0,CONTRATACIÓN DIRECTA,Atlántico,0,0,3.7445188138554884e-05
15000000,4,0,0,CONTRATACIÓN RÉGIMEN ESPECIAL,No Definido,0,0,5.01265397596869e-05
18660000,0,0,0,CONTRATACIÓN RÉGIMEN ESPECIAL,Antioquia,0,0,4.279500234677396e-05
154000000,122,0,0,CONTRATACIÓN RÉGIMEN ESPECIAL,Distrito Capital de Bogotá,0,0,2.80822827129716e-05
1160000,1,0,0,CONTRATACIÓN RÉGIMEN ESPECIAL,Boyacá,0,0,5.40722863711334e-05
17346684,4,0,0,CONTRATACIÓN DIRECTA,OTRO,0,0,4.2401206617821495e-05
6132254,116,0,0,CONTRATACIÓN DIRECTA,Bolívar,0,0,3.460178205227335e-05
317844639,0,0,0,SELECCIÓN ABREVIADA DE MENOR CUANTÍA,OTRO,0,0,0.49302266380412785
1700000,30,0,0,CONTRATACIÓN RÉGIMEN ESPECIAL,No Definido,0,0,5.01265310580164e-05
6739833,0,0,0,CONTRATACIÓN DIRECTA,OTRO,0,0,4.240119395987483e-05
820309002,2,0,0,CONTRATACIÓN DIRECTA,Antioquia,0,0,4.2546905645548405e-05
702175,1,0,0,CONTRATACIÓN RÉGIMEN ESPECIAL,No Definido,0,0,5.0126520364401946e-05
11318870,19,0,0,CONTRATACIÓN RÉGIMEN ESPECIAL,Distrito Capital de Bogotá,0,0,2.808216099982839e-05
16013333,74,0,0,CONTRATACIÓN DIRECTA,OTRO,0,0,4.24012243738428e-05
3198249984,268,0,0,CONTRATACIÓN RÉGIMEN ESPECIAL,Distrito Capital de Bogotá,0,0,2.8084506804404982e-05
20250000,118,0,0,CONTRATACIÓN RÉGIMEN ESPECIAL,Distrito Capital de Bogotá,0,0,2.8082185439753956e-05
8400000,6,0,0,CONTRATACIÓN DIRECTA,OTRO,0,0,4.240119741577453e-05
1915870,1,0,0,CONTRATACIÓN RÉGIMEN ESPECIAL,Meta,0,0,6.450769966219478e-05
7020000,4,0,0,CONTRATACIÓN DIRECTA,Distrito Capital de Bogotá,0,0,2.7918775638788084e-05
12800000,4,0,0,CONTRATACIÓN DIRECTA,OTRO,0,0,4.240120166244578e-05
12600000,168,0,0,CONTRATACIÓN RÉGIMEN ESPECIAL,Cundinamarca,0,0,4.395177007697849e-05
16800000,120,0,0,CONTRATACIÓN RÉGIMEN ESPECIAL,Distrito Capital de Bogotá,0,0,2.8082183312903983e-05
12740000,0,0,0,CONTRATACIÓN DIRECTA,Boyacá,0,0,5.375772230280559e-05
15000000,3,0,0,CONTRATACIÓN DIRECTA,Valle del Cauca,0,0,4.402495514309627e-05
19000000,15,0,0,CONTRATACIÓN RÉGIMEN ESPECIAL,Distrito Capital de Bogotá,0,0,2.8082165817375326e-05
5700000,3,0,0,CONTRATACIÓN RÉGIMEN ESPECIAL,OTRO,0,0,4.264932008402313e-05
54170000,10,0,0,CONTRATACIÓN DIRECTA,Distrito Capital de Bogotá,0,0,2.7918810559653223e-05
19945359,350,0,0,CONTRATACIÓN DIRECTA,OTRO,0,0,4.24013043986325e-05
8700000,3,0,0,CONTRATACIÓN RÉGIMEN ESPECIAL,Distrito Capital de Bogotá,0,0,2.808215620145424e-05
20900000,11,0,0,CONTRATACIÓN DIRECTA,Bolívar,0,0,3.4601771673062055e-05
26804974,40,0,0,CONTRATACIÓN RÉGIMEN ESPECIAL,Antioquia,0,0,4.279502238496671e-05
185982853,19,0,5,SELECCIÓN ABREVIADA SUBASTA INVERSA,Distrito Capital de Bogotá,1,1,0.9994544823798078
32306629,30,0,2,MÍNIMA CUANTÍA,Boyacá,1,1,0.9937674490057526
110029207,0,1,1,CONTRATACIÓN DIRECTA (CON OFERTAS),Valle del Cauca,1,1,0.9866388645571033
58000000,9,0,0,CONTRATACIÓN RÉGIMEN ESPECIAL,OTRO,0,0,4.264937907487258e-05
15558574,2,0,0,CONTRATACIÓN DIRECTA,OTRO,0,0,4.240120412014717e-05
16100000,161,0,0,CONTRATACIÓN RÉGIMEN ESPECIAL,Tolima,0,0,4.503678525273465e-05
15000000,6,0,0,CONTRATACIÓN RÉGIMEN ESPECIAL,Cundinamarca,0,0,4.39517267071362e-05
11721755,111,0,0,CONTRATACIÓN RÉGIMEN ESPECIAL,Antioquia,0,0,4.2795025457863525e-05
1473160,1,0,0,CONTRATACIÓN RÉGIMEN ESPECIAL,No Definido,0,0,5.0126521357778144e-05
27312000,240,0,0,CONTRATACIÓN DIRECTA,Valle del Cauca,0,0,4.402503660312041e-05
16835833,0,0,0,CONTRATACIÓN RÉGIMEN ESPECIAL,Cundinamarca,0,0,4.395172707444089e-05
27600000,0,0,1,MÍNIMA CUANTÍA,Norte de Santander,1,1,0.9793733967558309
34400000,0,0,2,MÍNIMA CUANTÍA,OTRO,1,1,0.9921112328017858
13800000,4,0,0,CONTRATACIÓN DIRECTA,OTRO,0,0,4.240120275233364e-05
14220000,180,0,0,CONTRATACIÓN DIRECTA,Boyacá,0,0,5.375778697204336e-05
11174520,92,0,0,CONTRATACIÓN RÉGIMEN ESPECIAL,Distrito Capital de Bogotá,0,0,2.8082174163256194e-05
357893107,140,0,0,SELECCIÓN ABREVIADA DE MENOR CUANTÍA,Distrito Capital de Bogotá,0,0,0.39035961800897884
5889402781,12,0,2,LICITACIÓN PÚBLICA,Distrito Capital de Bogotá,1,1,0.9587485984537483
19798233,139,0,0,CONTRATACIÓN DIRECTA,Distrito Capital de Bogotá,0,0,2.7918809202235973e-05
29750000,25,0,0,CONTRATACIÓN DIRECTA,Distrito Capital de Bogotá,0,0,2.7918795745246883e-05
5634889,109,0,0,CONTRATACIÓN RÉGIMEN ESPECIAL,Magdalena,0,0,3.843055365438878e-05
8000000,4,0,0,CONTRATACIÓN DIRECTA,OTRO,0,0,4.240119643098475e-05
2163896524,60,0,0,LICITACIÓN PÚBLICA OBRA PUBLICA,Distrito Capital de Bogotá,0,0,0.37231810298758866
165166107,30,0,0,CONTRATACIÓN DIRECTA,Caldas,0,0,3.44439365308867e-05
22915596728,2,0,11,LICITACIÓN PÚBLICA OBRA PUBLICA,Antioquia,1,1,0.9999999377453258
13984460,134,0,0,CONTRATACIÓN RÉGIMEN ESPECIAL,OTRO,0,0,4.2649365325043916e-05
6210891,8,0,0,CONTRATACIÓN DIRECTA,Distrito Capital de Bogotá,0,0,2.7918775780902967e-05
28000000,286,0,3,MÍNIMA CUANTÍA,OTRO,1,1,0.9982595949043223
30000000,166,0,0,CONTRATACIÓN DIRECTA,Boyacá,0,0,5.375780390581913e-05
23000000,3,0,0,CONTRATACIÓN RÉGIMEN ESPECIAL,No Definido,0,0,5.012654974288527e-05
2617286,14,0,0,CONTRATACIÓN RÉGIMEN ESPECIAL,Antioquia,0,0,4.279498857715877e-05
30996000,282,0,0,CONTRATACIÓN DIRECTA,Distrito Capital de Bogotá,0,0,2.791884307704707e-05
7800000,365,0,0,CONTRATACIÓN RÉGIMEN ESPECIAL,No Definido,0,0,5.012664759594242e-05
55326351,3,0,3,MÍNIMA CUANTÍA,OTRO,1,1,0.9982595929424736
87507000,0,0,0,CONTRATACIÓN DIRECTA,Distrito Capital de Bogotá,0,0,2.791883267672628e-05
19102900,10,0,0,CONTRATACIÓN DIRECTA,Distrito Capital de Bogotá,0,0,2.7918785394100097e-05
4586667,43,0,0,CONTRATACIÓN RÉGIMEN ESPECIAL,OTRO,0,0,4.2649329904441714e-05
14000000,6,0,0,CONTRATACIÓN DIRECTA,OTRO,0,0,4.240120351914603e-05
1550000000,153,0,0,CONTRATACIÓN RÉGIMEN ESPECIAL,Antioquia,0,0,4.279672924622411e-05
51600000,12,0,0,CONTRATACIÓN DIRECTA,Distrito Capital de Bogotá,0,0,2.791880907669985e-05
5363100,30,0,0,CONTRATACIÓN RÉGIMEN ESPECIAL,Antioquia,0,0,4.279499602903408e-05
6400000,4,0,0,CONTRATACIÓN DIRECTA,Santander,0,0,4.974821264893731e-05
23845590,135,0,0,CONTRATACIÓN DIRECTA,Distrito Capital de Bogotá,0,0,2.7918811384018187e-05
1500000,1,0,0,CONTRATACIÓN RÉGIMEN ESPECIAL,Magdalena,0,0,3.843052270800498e-05
7122000,3,0,0,CONTRATACIÓN DIRECTA,OTRO,0,0,4.240119519964602e-05
9497160,3,0,0,CONTRATACIÓN RÉGIMEN ESPECIAL,Distrito Capital de Bogotá,0,0,2.808215677687536e-05
175804131,360,0,0,CONTRATACIÓN DIRECTA,Cundinamarca,0,0,4.3696304146753826e-05
39380140,120,0,0,CONTRATACIÓN DIRECTA,Atlántico,0,0,3.744522475118566e-05
21497000,201,0,0,CONTRATACIÓN RÉGIMEN ESPECIAL,Valle del Cauca,0,0,4.428264734448388e-05
540784458,20,0,0,CONTRATACIÓN RÉGIMEN ESPECIAL,Santander,0,0,5.0040023276514236e-05
106099700,0,0,0,SELECCIÓN ABREVIADA SUBASTA INVERSA,Meta,0,1,0.6807938428696847
51574303,2,0,16,CONTRATACIÓN RÉGIMEN ESPECIAL (CON OFERTAS),Distrito Capital de Bogotá,1,1,0.9999999999941864
167139487,3,0,0,CONTRATACIÓN RÉGIMEN ESPECIAL,Santander,0,0,5.003953718092121e-05
10680000,167,0,0,CONTRATACIÓN DIRECTA,Boyacá,0,0,5.3757777557668264e-05
3270189,45,0,0,CONTRATACIÓN DIRECTA,Meta,0,0,6.413243357283555e-05
4887400,1,0,0,CONTRATACIÓN RÉGIMEN ESPECIAL,Valle del Cauca,0,0,4.428257112003926e-05
22145000,141,0,0,CONTRATACIÓN DIRECTA,Valle del Cauca,0,0,4.402500254832373e-05
105000000,91,0,0,CONTRATACIÓN RÉGIMEN ESPECIAL,Boyacá,0,0,5.407246219051691e-05
16069920,5,0,0,CONTRATACIÓN DIRECTA,Tolima,0,0,4.4774724337330264e-05
24009000,0,0,0,CONTRATACIÓN DIRECTA,Antioquia,0,0,4.254603424392514e-05
10356908,4,0,0,CONTRATACIÓN DIRECTA,OTRO,0,0,4.240119899974975e-05
60000000,307,0,0,CONTRATACIÓN RÉGIMEN ESPECIAL,No Definido,0,0,5.012669603728844e-05
3400000,30,0,0,CONTRATACIÓN DIRECTA,OTRO,0,0,4.24011985523533e-05
83395980,9,0,0,CONTRATACIÓN DIRECTA,Distrito Capital de Bogotá,0,0,2.7918831352711224e-05
65341500,254,0,0,CONTRATACIÓN DIRECTA,Distrito Capital de Bogotá,0,0,2.7918862665441973e-05
19804833,194,0,0,CONTRATACIÓN RÉGIMEN ESPECIAL,No Definido,0,0,5.012660758894099e-05
8640582,120,0,2,MÍNIMA CUANTÍA,Valle del Cauca,1,1,0.992399992254989
6000000,0,0,0,CONTRATACIÓN RÉGIMEN ESPECIAL,Nariño,0,0,2.4075700674771024e-05
6500000,1,0,0,CONTRATACIÓN DIRECTA,Antioquia,0,0,4.2546015371258955e-05
59843000,7,0,0,CONTRATACIÓN DIRECTA,Cundinamarca,0,0,4.369607407462202e-05
13452192,62,0,0,CONTRATACIÓN RÉGIMEN ESPECIAL,Distrito Capital de Bogotá,0,0,2.8082170354919783e-05
3750000,26,0,0,CONTRATACIÓN RÉGIMEN ESPECIAL,Antioquia,0,0,4.2794993146745206e-05
20218269,3,0,0,CONTRATACIÓN RÉGIMEN ESPECIAL,Antioquia,0,0,4.2795004891782826e-05
6649723,59,0,0,CONTRATACIÓN DIRECTA,Antioquia,0,0,4.2546031505566834e-05
16000000,4,0,0,CONTRATACIÓN DIRECTA,Santander,0,0,4.9748224924720246e-05
10000000,173,0,0,CONTRATACIÓN RÉGIMEN ESPECIAL,Boyacá,0,0,5.407235884861354e-05
6210000,82,0,0,CONTRATACIÓN RÉGIMEN ESPECIAL,OTRO,0,0,4.264934244895247e-05
15211000,210,0,0,CONTRATACIÓN DIRECTA,Distrito Capital de Bogotá,0,0,2.791881873931993e-05
769860000,240,1,1,CONTRATACIÓN DIRECTA (CON OFERTAS),OTRO,1,1,0.9861345262698783
42408067,0,0,0,CONTRATACIÓN DIRECTA,Antioquia,0,0,4.254605436534156e-05
588000000,7,0,2,SELECCIÓN ABREVIADA SUBASTA INVERSA,Distrito Capital de Bogotá,1,1,0.9507688677241088
25480630,153,0,0,CONTRATACIÓN RÉGIMEN ESPECIAL,OTRO,0,0,4.264938317235735e-05
140000000,11,0,0,CONTRATACIÓN RÉGIMEN ESPECIAL,Magdalena,0,0,3.8430662009736556e-05
100000000,60,0,0,SELECCIÓN ABREVIADA DE MENOR CUANTÍA,Antioquia,0,0,0.49387367161566326
10800000,2,0,0,CONTRATACIÓN DIRECTA,Caldas,0,0,3.44437936198487e-05
13140000,148,0,0,CONTRATACIÓN DIRECTA,Nariño,0,0,2.393565710824187e-05
50400000,3,0,0,CONTRATACIÓN RÉGIMEN ESPECIAL,Magdalena,0,0,3.843057151030016e-05
8400000,4,0,0,CONTRATACIÓN RÉGIMEN ESPECIAL,Cundinamarca,0,0,4.3951718681942584e-05
61413336,188,0,0,CONTRATACIÓN DIRECTA,Distrito Capital de Bogotá,0,0,2.7918847920798803e-05
100608000,12,0,0,CONTRATACIÓN DIRECTA,Distrito Capital de Bogotá,0,0,2.7918844246836373e-05
77729670,10,0,0,CONTRATACIÓN DIRECTA,Distrito Capital de Bogotá,0,0,2.791882746702722e-05
35666900,0,0,0,CONTRATACIÓN DIRECTA,Distrito Capital de Bogotá,0,0,2.791879547417619e-05
4950000,3,0,0,CONTRATACIÓN RÉGIMEN ESPECIAL,No Definido,0,0,5.012652648634078e-05
5192000,37,0,0,CONTRATACIÓN RÉGIMEN ESPECIAL,Distrito Capital de Bogotá,0,0,2.8082159848682955e-05
34828704,8,0,0,CONTRATACIÓN DIRECTA,Boyacá,0,0,5.37577556078869e-05
1500000,30,0,0,CONTRATACIÓN RÉGIMEN ESPECIAL,Boyacá,0,0,5.4072296992172825e-05
100000000,105,0,1,MÍNIMA CUANTÍA,OTRO,1,1,0.965004028063796
24500000,7,0,0,CONTRATACIÓN DIRECTA,Cundinamarca,0,0,4.3696034378444186e-05
3200000,1,0,0,CONTRATACIÓN DIRECTA,No Definido,0,0,4.9834898228123876e-05
15000000,90,0,0,CONTRATACIÓN RÉGIMEN ESPECIAL,OTRO,0,0,4.264935429331653e-05
8621404,4,0,0,CONTRATACIÓN DIRECTA,Cundinamarca,0,0,4.3696015695711024e-05
3116292,247,0,0,MÍNIMA CUANTÍA,OTRO,0,1,0.8580757992645477
23200000,0,0,0,CONTRATACIÓN DIRECTA,Santander,0,0,4.974823284370148e-05
15000000,30,0,0,CONTRATACIÓN DIRECTA,OTRO,0,0,4.240121119505261e-05
322279787,70,0,0,SELECCIÓN ABREVIADA DE MENOR CUANTÍA,Distrito Capital de Bogotá,0,0,0.3903592923339032
1525511702,6,0,0,CONCURSO DE MÉRITOS ABIERTO,Distrito Capital de Bogotá,0,0,0.4560701573972516
8675334,105,0,0,CONTRATACIÓN DIRECTA,OTRO,0,0,4.240122488318713e-05
17239454,100,0,0,MÍNIMA CUANTÍA,Santander,0,1,0.8764467897247266
15162000,80,0,0,CONTRATACIÓN DIRECTA,Valle del Cauca,0,0,4.4024977265707944e-05
1394211,17,0,0,CONTRATACIÓN RÉGIMEN ESPECIAL,Distrito Capital de Bogotá,0,0,2.8082153472326617e-05
19320000,8,0,0,CONTRATACIÓN DIRECTA,Cundinamarca,0,0,4.369602884322653e-05
297000,12,1,0,CONTRATACIÓN DIRECTA (CON OFERTAS),Distrito Capital de Bogotá,0,1,0.9112488512712459
700461100,2,0,0,SELECCIÓN ABREVIADA DE MENOR CUANTÍA,Valle del Cauca,0,1,0.5024200305727179
116000,82,0,0,CONTRATACIÓN RÉGIMEN ESPECIAL,Antioquia,0,0,4.2795004659402075e-05
24000000,4,0,0,CONTRATACIÓN DIRECTA,Valle del Cauca,0,0,4.402496561263202e-05
27750000,3,0,0,CONTRATACIÓN RÉGIMEN ESPECIAL,Boyacá,0,0,5.407232402760913e-05
499800,3,0,0,CONTRATACIÓN RÉGIMEN ESPECIAL,Norte de Santander,0,0,7.343604976012294e-05
8576000,2,0,0,CONTRATACIÓN DIRECTA,Valle del Cauca,0,0,4.4024947588623816e-05
5560200,10,0,0,CONTRATACIÓN RÉGIMEN ESPECIAL,Antioquia,0,0,4.279499070652818e-05
11000000,150,0,0,CONTRATACIÓN DIRECTA,OTRO,0,0,4.240123976560631e-05
12000000,4,0,0,CONTRATACIÓN RÉGIMEN ESPECIAL,OTRO,0,0,4.264932726651768e-05
7993333,3,0,0,CONTRATACIÓN RÉGIMEN ESPECIAL,Caldas,0,0,3.464535369143307e-05
114033333,311,0,0,CONTRATACIÓN DIRECTA,Distrito Capital de Bogotá,0,0,2.7918907908176173e-05
139390398,1,0,7,SELECCIÓN ABREVIADA SUBASTA INVERSA,Distrito Capital de Bogotá,1,1,0.9999737606808243
46200000,11,0,0,CONTRATACIÓN DIRECTA,Distrito Capital de Bogotá,0,0,2.79188050207516e-05
12000000,3,0,0,CONTRATACIÓN DIRECTA,Valle del Cauca,0,0,4.402495174822686e-05
4083000,49,0,0,CONTRATACIÓN RÉGIMEN ESPECIAL,Nariño,0,0,2.4075707123552945e-05
2660106785,365,0,9,LICITACIÓN PÚBLICA,Distrito Capital de Bogotá,1,1,0.9999989517128656
20580000,7,0,0,CONTRATACIÓN DIRECTA,Norte de Santander,0,0,7.300886405875735e-05
15000000,5,0,0,CONTRATACIÓN DIRECTA,Santander,0,0,4.97482239679571e-05
5501417,0,0,0,CONTRATACIÓN RÉGIMEN ESPECIAL,OTRO,0,0,4.264931903825413e-05
5000000,1,0,0,CONTRATACIÓN RÉGIMEN ESPECIAL,Meta,0,0,6.45077047759304e-05
10500000,86,0,0,CONTRATACIÓN RÉGIMEN ESPECIAL,Magdalena,0,0,3.843055273971382e-05
21598050,0,0,0,CONTRATACIÓN DIRECTA,OTRO,0,0,4.2401210153664344e-05
2680000,15,0,0,CONTRATACIÓN RÉGIMEN ESPECIAL,Santander,0,0,5.003932953727952e-05
1338549375,285,0,0,CONTRATACIÓN RÉGIMEN ESPECIAL,Distrito Capital de Bogotá,0,0,2.8083167409688314e-05
38851600,300,0,0,CONTRATACIÓN DIRECTA,Distrito Capital de Bogotá,0,0,2.7918851966993332e-05
28000000000,15,0,0,CONTRATACIÓN RÉGIMEN ESPECIAL,Distrito Capital de Bogotá,0,0,2.8102370864053578e-05
7300000,5,0,0,CONTRATACIÓN RÉGIMEN ESPECIAL,Santander,0,0,5.003933224108526e-05
49359401,10,0,0,CONTRATACIÓN DIRECTA,Distrito Capital de Bogotá,0,0,2.7918807107373695e-05
69432000,183,0,0,CONTRATACIÓN RÉGIMEN ESPECIAL,Nariño,0,0,2.4075768445097684e-05
20273078,7,0,0,CONTRATACIÓN DIRECTA,Cundinamarca,0,0,4.369602963089695e-05
8000000,35,0,0,CONTRATACIÓN RÉGIMEN ESPECIAL,Antioquia,0,0,4.279500031447891e-05
999964,41,0,0,CONTRATACIÓN RÉGIMEN ESPECIAL,Distrito Capital de Bogotá,0,0,2.8082157549700875e-05
2499500,60,0,1,MÍNIMA CUANTÍA,No Definido,1,1,0.9700681447228903
19600000,168,0,0,CONTRATACIÓN RÉGIMEN ESPECIAL,No Definido,0,0,5.01265988902821e-05
39746000,38,0,0,CONTRATACIÓN RÉGIMEN ESPECIAL,Cundinamarca,0,0,4.3951763766181755e-05
1574575829,60,0,1,SELECCIÓN ABREVIADA SUBASTA INVERSA,Distrito Capital de Bogotá,1,1,0.8089608415374662
72000000,181,0,0,CONTRATACIÓN RÉGIMEN ESPECIAL,No Definido,0,0,5.0126670622629234e-05
42000000,7,0,0,CONTRATACIÓN DIRECTA,Distrito Capital de Bogotá,0,0,2.7918801283899e-05
51750000,350,0,0,CONTRATACIÓN DIRECTA,Distrito Capital de Bogotá,0,0,2.7918870257991737e-05
8743000,191,0,0,CONTRATACIÓN RÉGIMEN ESPECIAL,Cundinamarca,0,0,4.3951772261962176e-05
70805022,297,0,0,CONTRATACIÓN DIRECTA,Distrito Capital de Bogotá,0,0,2.7918874356025915e-05
6250000,76,0,0,CONTRATACIÓN RÉGIMEN ESPECIAL,Nariño,0,0,2.4075712671731557e-05
5097600,0,0,0,MÍNIMA CUANTÍA,OTRO,0,1,0.8580756107824734
300000000,26,0,0,CONTRATACIÓN RÉGIMEN ESPECIAL,OTRO,0,0,4.26496490646717e-05
13400000,4,0,0,CONTRATACIÓN DIRECTA,Bolívar,0,0,3.460176343484396e-05
10506000,181,0,0,CONTRATACIÓN RÉGIMEN ESPECIAL,No Definido,0,0,5.0126591390463396e-05
55000000,0,0,0,CONTRATACIÓN RÉGIMEN ESPECIAL,Norte de Santander,0,0,7.343615120650562e-05
65878800,11,0,0,CONTRATACIÓN DIRECTA,Distrito Capital de Bogotá,0,0,2.79188191430525e-05
3000000,1,0,0,CONTRATACIÓN RÉGIMEN ESPECIAL,No Definido,0,0,5.012652332503638e-05
40800000,6,0,0,CONTRATACIÓN DIRECTA,No Definido,0,0,4.983494800469409e-05
130000000,4,0,0,CONTRATACIÓN DIRECTA,Distrito Capital de Bogotá,0,0,2.7918863894222356e-05
370000,15,0,0,CONTRATACIÓN RÉGIMEN ESPECIAL,No Definido,0,0,5.0126524478187105e-05
3800000,2,0,0,CONTRATACIÓN DIRECTA,Tolima,0,0,4.4774709346615465e-05
13500000,10,0,0,CONTRATACIÓN RÉGIMEN ESPECIAL,OTRO,0,0,4.2649330567054996e-05
6295100,4,0,0,CONTRATACIÓN RÉGIMEN ESPECIAL,Bolívar,0,0,3.480424382009738e-05
20000000,240,0,0,CONTRATACIÓN RÉGIMEN ESPECIAL,Tolima,0,0,4.503681279394211e-05
1800000,1,0,0,CONTRATACIÓN DIRECTA,Cundinamarca,0,0,4.3696007185735076e-05
15162000,5,0,0,CONTRATACIÓN DIRECTA,Valle del Cauca,0,0,4.402495589627077e-05
155600000,10,0,0,SELECCIÓN ABREVIADA DE MENOR CUANTÍA,OTRO,0,0,0.49302163754929557
6059667,98,0,0,CONTRATACIÓN DIRECTA,OTRO,0,0,4.2401220111479414e-05
30675000,4,0,0,CONTRATACIÓN RÉGIMEN ESPECIAL,Cundinamarca,0,0,4.395174384692604e-05
5190000000,100,0,1,SELECCIÓN ABREVIADA SUBASTA INVERSA,Tolima,1,1,0.8716610983822396
24000000,167,0,0,CONTRATACIÓN DIRECTA,Valle del Cauca,0,0,4.402501205556567e-05
471166000,240,1,1,CONTRATACIÓN DIRECTA (CON OFERTAS),Norte de Santander,1,1,0.9919004785954417
18000000,161,0,0,CONTRATACIÓN RÉGIMEN ESPECIAL,Antioquia,0,0,4.2795046212307363e-05
12305563,79,0,0,CONTRATACIÓN DIRECTA,Distrito Capital de Bogotá,0,0,2.7918792983735184e-05
30392632,203,0,0,CONTRATACIÓN DIRECTA,Antioquia,0,0,4.254609712218479e-05
12600000,75,0,0,CONTRATACIÓN RÉGIMEN ESPECIAL,Boyacá,0,0,5.407232816736009e-05
90400000,1,0,0,CONTRATACIÓN DIRECTA,Valle del Cauca,0,0,4.402503989771502e-05
870766928,225,0,0,CONTRATACIÓN DIRECTA,Distrito Capital de Bogotá,0,0,2.7919435438097737e-05
260449549,0,0,0,SELECCIÓN ABREVIADA DE MENOR CUANTÍA,OTRO,0,0,0.49302229503699774
14933334,113,0,0,CONTRATACIÓN DIRECTA,Distrito Capital de Bogotá,0,0,2.7918801013022112e-05
182000000,3,0,0,SELECCIÓN ABREVIADA DE MENOR CUANTÍA,Distrito Capital de Bogotá,0,0,0.39035833100277556
16893333,7,0,2,MÍNIMA CUANTÍA,Tolima,1,1,0.9925263074457097
9191205,135,0,0,CONTRATACIÓN DIRECTA,OTRO,0,0,4.240123367795659e-05
100000000,10,0,0,CONTRATACIÓN DIRECTA,Distrito Capital de Bogotá,0,0,2.7918843449127967e-05
1373395371,0,0,0,CONTRATACIÓN DIRECTA,Boyacá,0,0,5.375960246486361e-05
850000,2,0,0,CONTRATACIÓN RÉGIMEN ESPECIAL,Magdalena,0,0,3.843052231463679e-05
8580000,3,0,0,CONTRATACIÓN RÉGIMEN ESPECIAL,Atlántico,0,0,3.766429223438854e-05
27709000,327,0,0,CONTRATACIÓN DIRECTA,Distrito Capital de Bogotá,0,0,2.7918848849268896e-05
17913840,0,0,0,CONTRATACIÓN DIRECTA,Distrito Capital de Bogotá,0,0,2.7918782733874524e-05
23578417,335,0,0,CONTRATACIÓN DIRECTA,Caldas,0,0,3.444387916557674e-05
16000000,4,0,0,CONTRATACIÓN DIRECTA,Valle del Cauca,0,0,4.402495655964527e-05
12560000,157,0,0,CONTRATACIÓN DIRECTA,Antioquia,0,0,4.254606495388025e-05
14800000,4,0,0,CONTRATACIÓN DIRECTA,OTRO,0,0,4.2401203842221466e-05
35000000,181,0,0,CONTRATACIÓN RÉGIMEN ESPECIAL,Tolima,0,0,4.503681296143337e-05
4800000,0,0,0,CONTRATACIÓN RÉGIMEN ESPECIAL,OTRO,0,0,4.264931826931506e-05
8400000,20,0,0,CONTRATACIÓN RÉGIMEN ESPECIAL,Distrito Capital de Bogotá,0,0,2.8082159074622384e-05
29700000,11,0,0,CONTRATACIÓN RÉGIMEN ESPECIAL,Antioquia,0,0,4.2795017537508906e-05
18337200,0,0,0,CONTRATACIÓN DIRECTA,Cundinamarca,0,0,4.3696025476999826e-05
4591048775,5,0,0,LICITACIÓN PÚBLICA OBRA PUBLICA,Distrito Capital de Bogotá,0,0,0.3723326004262602
12900000,86,0,0,CONTRATACIÓN RÉGIMEN ESPECIAL,Antioquia,0,0,4.279501982979316e-05
1240000000,10,1,1,CONTRATACIÓN DIRECTA (CON OFERTAS),Antioquia,1,1,0.9861812168134119
8000000,329,1,0,CONTRATACIÓN DIRECTA (CON OFERTAS),Distrito Capital de Bogotá,0,1,0.9112490332137648
44725000,152,0,0,CONTRATACIÓN RÉGIMEN ESPECIAL,Distrito Capital de Bogotá,0,0,2.8082209286235785e-05
480000,30,0,0,CONTRATACIÓN RÉGIMEN ESPECIAL,No Definido,0,0,5.0126529486106145e-05
24375000,195,0,0,CONTRATACIÓN DIRECTA,Cundinamarca,0,0,4.3696087403935235e-05
58602213,11,0,0,CONTRATACIÓN DIRECTA,Distrito Capital de Bogotá,0,0,2.7918813921079222e-05
232258000,220,1,1,SELECCIÓN ABREVIADA DE MENOR CUANTÍA,Boyacá,1,1,0.849019057191396
5079497,30,0,0,CONTRATACIÓN RÉGIMEN ESPECIAL,Valle del Cauca,0,0,4.428257964988902e-05
4600000,30,0,0,CONTRATACIÓN DIRECTA,Tolima,0,0,4.477471838111241e-05
14928423,247,0,0,CONTRATACIÓN RÉGIMEN ESPECIAL,Cundinamarca,0,0,4.395179517922133e-05
44133810,0,0,0,CONTRATACIÓN DIRECTA,Cundinamarca,0,0,4.369605445095466e-05
170000000,9,0,0,SELECCIÓN ABREVIADA DE MENOR CUANTÍA,Distrito Capital de Bogotá,0,0,0.3903582668365917
2000000,30,0,0,CONTRATACIÓN RÉGIMEN ESPECIAL,Nariño,0,0,2.4075702873911623e-05
5500000,1,0,0,CONTRATACIÓN RÉGIMEN ESPECIAL,Magdalena,0,0,3.843052665931994e-05
6960000,57,0,0,CONTRATACIÓN RÉGIMEN ESPECIAL,Antioquia,0,0,4.279500526371974e-05
2232442,20,0,0,CONTRATACIÓN RÉGIMEN ESPECIAL,Distrito Capital de Bogotá,0,0,2.8082154622638908e-05
22752947,285,0,0,CONTRATACIÓN DIRECTA,Distrito Capital de Bogotá,0,0,2.7918837703567405e-05
117983997,270,0,0,CONTRATACIÓN RÉGIMEN ESPECIAL,Distrito Capital de Bogotá,0,0,2.8082283613959307e-05
7800000,3,0,0,CONTRATACIÓN RÉGIMEN ESPECIAL,OTRO,0,0,4.2649322386180114e-05
52993500,343,0,0,CONTRATACIÓN DIRECTA,Antioquia,0,0,4.254616038853014e-05
34800000,104,0,0,CONTRATACIÓN DIRECTA,Distrito Capital de Bogotá,0,0,2.791881364392133e-05
12400000,12,0,0,CONTRATACIÓN RÉGIMEN ESPECIAL,Tolima,0,0,4.503673753991128e-05
13350000,78,0,0,CONTRATACIÓN RÉGIMEN ESPECIAL,OTRO,0,0,4.2649349172197494e-05
71740000,6,0,0,CONTRATACIÓN RÉGIMEN ESPECIAL,Antioquia,0,0,4.279506239712543e-05
39240000,7,0,0,CONTRATACIÓN DIRECTA,OTRO,0,0,4.240123130234156e-05
37307508,155,0,0,CONTRATACIÓN RÉGIMEN ESPECIAL,Antioquia,0,0,4.2795065788981873e-05
7715000,8,0,0,CONTRATACIÓN RÉGIMEN ESPECIAL,Distrito Capital de Bogotá,0,0,2.8082156399184e-05
120000000,61,0,0,CONTRATACIÓN RÉGIMEN ESPECIAL,No Definido,0,0,5.012669353882931e-05
32614400,0,0,0,CONTRATACIÓN DIRECTA,Valle del Cauca,0,0,4.402497422118671e-05
5189269,65,1,1,CONTRATACIÓN DIRECTA (CON OFERTAS),Distrito Capital de Bogotá,1,1,0.9790916885052952
21000000,6,0,0,CONTRATACIÓN DIRECTA,Distrito Capital de Bogotá,0,0,2.79187860327707e-05
734037094,8,0,1,CONTRATACIÓN RÉGIMEN ESPECIAL (CON OFERTAS),Boyacá,1,1,0.977325831717078
11400000,6,0,0,CONTRATACIÓN DIRECTA,Tolima,0,0,4.4774719252523346e-05
6615000,3,0,0,CONTRATACIÓN DIRECTA,Distrito Capital de Bogotá,0,0,2.7918775167453273e-05
7500000,90,0,0,CONTRATACIÓN DIRECTA,Bolívar,0,0,3.460177744628111e-05
63468036,136,0,0,CONTRATACIÓN RÉGIMEN ESPECIAL,Distrito Capital de Bogotá,0,0,2.808221990773917e-05
1951927,3,0,0,CONTRATACIÓN RÉGIMEN ESPECIAL,Distrito Capital de Bogotá,0,0,2.808215133043295e-05
13233140,1,0,0,MÍNIMA CUANTÍA,Antioquia,0,1,0.8584903853704803
172896242,362,0,0,CONTRATACIÓN RÉGIMEN ESPECIAL,Antioquia,0,0,4.279527227065659e-05
157287740,0,0,0,CONTRATACIÓN RÉGIMEN ESPECIAL,Valle del Cauca,0,0,4.4282744302663204e-05
30241600,163,0,0,CONTRATACIÓN DIRECTA,OTRO,0,0,4.240126430424661e-05
2915820,8,0,0,CONTRATACIÓN RÉGIMEN ESPECIAL,No Definido,0,0,5.012652548746283e-05
10621199,130,0,0,CONTRATACIÓN DIRECTA,Antioquia,0,0,4.254605539900416e-05
65338521,30,0,0,CONTRATACIÓN RÉGIMEN ESPECIAL,No Definido,0,0,5.0126613053201676e-05
28800000,8,0,0,CONTRATACIÓN DIRECTA,Distrito Capital de Bogotá,0,0,2.7918791991742654e-05
33632000,128,0,0,CONTRATACIÓN DIRECTA,Distrito Capital de Bogotá,0,0,2.7918817142303752e-05
21000000,6,0,0,CONTRATACIÓN DIRECTA,Distrito Capital de Bogotá,0,0,2.79187860327707e-05
17733333,133,0,0,CONTRATACIÓN DIRECTA,Santander,0,0,4.9748268674611156e-05
7000000,30,0,0,CONTRATACIÓN RÉGIMEN ESPECIAL,Bolívar,0,0,3.480425030727293e-05
25000000,75,0,0,CONTRATACIÓN DIRECTA,Distrito Capital de Bogotá,0,0,2.7918801371006608e-05
5000000,15,0,0,CONTRATACIÓN RÉGIMEN ESPECIAL,No Definido,0,0,5.012653044371501e-05
1404200,0,0,0,CONTRATACIÓN RÉGIMEN ESPECIAL,Distrito Capital de Bogotá,0,0,2.8082150389817827e-05
10000000,30,0,0,CONTRATACIÓN RÉGIMEN ESPECIAL,No Definido,0,0,5.012654175216112e-05
24000000,4,0,0,CONTRATACIÓN DIRECTA,Distrito Capital de Bogotá,0,0,2.7918787824307947e-05
1235000,4,0,0,CONTRATACIÓN RÉGIMEN ESPECIAL,No Definido,0,0,5.012652202415844e-05
48954136,330,0,0,CONTRATACIÓN DIRECTA,OTRO,0,0,4.2401330526667576e-05
51000000,6,0,0,CONTRATACIÓN DIRECTA,Distrito Capital de Bogotá,0,0,2.791880756196934e-05
9000000,2,0,0,CONTRATACIÓN DIRECTA,Distrito Capital de Bogotá,0,0,2.7918776698332453e-05
7300000,20,0,0,CONTRATACIÓN RÉGIMEN ESPECIAL,Tolima,0,0,4.503673396779255e-05
11250000,5,0,0,CONTRATACIÓN DIRECTA,OTRO,0,0,4.240120024753717e-05
19650000,70,0,2,MÍNIMA CUANTÍA,OTRO,1,1,0.9921112333801773
15978250,33,0,0,CONTRATACIÓN RÉGIMEN ESPECIAL,Cundinamarca,0,0,4.395173549250609e-05
16135638,0,0,0,CONTRATACIÓN DIRECTA,Antioquia,0,0,4.254602563353518e-05
9268315,60,0,4,MÍNIMA CUANTÍA,Distrito Capital de Bogotá,1,1,0.999419766945368
25410000,8,0,0,CONTRATACIÓN DIRECTA,Antioquia,0,0,4.254603797891127e-05
18881460,8,0,0,CONTRATACIÓN DIRECTA,Distrito Capital de Bogotá,0,0,2.7918784873804193e-05
18309677,0,0,0,CONTRATACIÓN RÉGIMEN ESPECIAL,Cundinamarca,0,0,4.3951728739502966e-05
5970000,3,0,0,CONTRATACIÓN DIRECTA,OTRO,0,0,4.240119394409551e-05
25673500,15,0,0,MÍNIMA CUANTÍA,OTRO,0,1,0.8580756870169122
8800000,120,0,0,CONTRATACIÓN DIRECTA,Antioquia,0,0,4.254605065377271e-05
6000000,90,0,0,CONTRATACIÓN RÉGIMEN ESPECIAL,Nariño,0,0,2.407571469848419e-05
83416667,11,0,0,CONTRATACIÓN DIRECTA,Distrito Capital de Bogotá,0,0,2.7918831728939474e-05
25395057,30,0,0,CONTRATACIÓN RÉGIMEN ESPECIAL,Distrito Capital de Bogotá,0,0,2.8082173159803096e-05
29167590,2,0,0,CONTRATACIÓN RÉGIMEN ESPECIAL,Valle del Cauca,0,0,4.428259904343839e-05
36446667,284,0,0,CONTRATACIÓN DIRECTA,OTRO,0,0,4.240130427165751e-05
12000000,154,0,0,CONTRATACIÓN RÉGIMEN ESPECIAL,OTRO,0,0,4.264936867001604e-05
12447000,29,0,0,CONTRATACIÓN RÉGIMEN ESPECIAL,Tolima,0,0,4.503674254937184e-05
11340000,6,0,0,CONTRATACIÓN RÉGIMEN ESPECIAL,Tolima,0,0,4.503673456398282e-05
29706500,285,0,0,CONTRATACIÓN DIRECTA,Distrito Capital de Bogotá,0,0,2.791884269372263e-05
30324000,160,0,0,CONTRATACIÓN DIRECTA,Valle del Cauca,0,0,4.402501721747744e-05
730000,0,0,0,CONTRATACIÓN RÉGIMEN ESPECIAL,Caldas,0,0,3.4645346550495024e-05
8800026,10,0,0,CONTRATACIÓN RÉGIMEN ESPECIAL,Tolima,0,0,4.503673278952993e-05
369730487,7,0,0,LICITACIÓN PÚBLICA,Distrito Capital de Bogotá,0,1,0.5276729562311016
4339201,1,0,0,CONTRATACIÓN RÉGIMEN ESPECIAL,Distrito Capital de Bogotá,0,0,2.808215269016361e-05
25728000,166,0,0,CONTRATACIÓN DIRECTA,Valle del Cauca,0,0,4.4025013726087005e-05
565924,59,0,0,CONTRATACIÓN RÉGIMEN ESPECIAL,Antioquia,0,0,4.2794998784106226e-05
11500000,5,0,0,CONTRATACIÓN DIRECTA,Santander,0,0,4.974821949241102e-05
12000000,4,0,0,CONTRATACIÓN RÉGIMEN ESPECIAL,Santander,0,0,5.003933796242331e-05
150000,1,0,0,CONTRATACIÓN RÉGIMEN ESPECIAL,Valle del Cauca,0,0,4.4282565727719174e-05
23000000,120,0,0,CONTRATACIÓN DIRECTA,Magdalena,0,0,3.820699011638277e-05
13750000,21,0,0,CONTRATACIÓN RÉGIMEN ESPECIAL,Valle del Cauca,0,0,4.428258693970847e-05
24333333,73,0,0,CONTRATACIÓN DIRECTA,Distrito Capital de Bogotá,0,0,2.791880053119764e-05
2354599,1,0,0,CONTRATACIÓN DIRECTA,OTRO,0,0,4.24011894548803e-05
27489000,211,0,0,CONTRATACIÓN DIRECTA,Valle del Cauca,0,0,4.402502854055663e-05
2900000,9,0,0,CONTRATACIÓN RÉGIMEN ESPECIAL,OTRO,0,0,4.264931867061947e-05
28322000,30,0,0,CONTRATACIÓN RÉGIMEN ESPECIAL,No Definido,0,0,5.0126565359171595e-05
27000000,30,0,0,CONTRATACIÓN RÉGIMEN ESPECIAL,No Definido,0,0,5.012656365583812e-05
18806340,1360,0,0,CONTRATACIÓN DIRECTA,Distrito Capital de Bogotá,0,0,2.7919029115067014e-05
42000000,80,0,0,CONTRATACIÓN RÉGIMEN ESPECIAL,Distrito Capital de Bogotá,0,0,2.808219423332863e-05
2600000,31,0,0,CONTRATACIÓN RÉGIMEN ESPECIAL,Meta,0,0,6.450771332093213e-05
49023500,1,0,1,MÍNIMA CUANTÍA,OTRO,0,1,0.9650039610793619
11620000,101,0,0,CONTRATACIÓN DIRECTA,Valle del Cauca,0,0,4.402497924094055e-05
100000000,8,0,0,CONTRATACIÓN DIRECTA,Antioquia,0,0,4.254611955139885e-05
213404461,0,0,4,CONTRATACIÓN RÉGIMEN ESPECIAL (CON OFERTAS),Distrito Capital de Bogotá,1,1,0.999529320310818
10000000,4,0,0,CONTRATACIÓN RÉGIMEN ESPECIAL,Norte de Santander,0,0,7.343606816752634e-05
59070210,180,0,0,CONTRATACIÓN DIRECTA,Distrito Capital de Bogotá,0,0,2.7918844793744544e-05
3108722,11,0,0,CONTRATACIÓN DIRECTA,Antioquia,0,0,4.2546014416069496e-05
9758000,8,0,0,CONTRATACIÓN RÉGIMEN ESPECIAL,OTRO,0,0,4.2649325912783406e-05
18795000,7,0,0,CONTRATACIÓN RÉGIMEN ESPECIAL,No Definido,0,0,5.01265456225979e-05
11204207,259,0,0,CONTRATACIÓN DIRECTA,OTRO,0,0,4.240126989970409e-05
800000,11,0,0,CONTRATACIÓN RÉGIMEN ESPECIAL,Boyacá,0,0,5.407228937025835e-05
16169657,179,0,0,CONTRATACIÓN RÉGIMEN ESPECIAL,Norte de Santander,0,0,7.343616298330152e-05
16000000,161,0,0,CONTRATACIÓN RÉGIMEN ESPECIAL,Distrito Capital de Bogotá,0,0,2.8082190187117282e-05
39900000,285,0,0,CONTRATACIÓN DIRECTA,Distrito Capital de Bogotá,0,0,2.791885000899851e-05
33500000,5,0,0,CONTRATACIÓN DIRECTA,Meta,0,0,6.413246680267975e-05
22000000,3,0,0,CONTRATACIÓN DIRECTA,Distrito Capital de Bogotá,0,0,2.7918786208337612e-05
89933093,117,0,2,CONCURSO DE MÉRITOS ABIERTO,Distrito Capital de Bogotá,1,1,0.9457711219247605
4500000,44,0,0,CONTRATACIÓN RÉGIMEN ESPECIAL,No Definido,0,0,5.012653920745711e-05
10800000,4,0,0,CONTRATACIÓN DIRECTA,Cundinamarca,0,0,4.3696018142641404e-05
3700000,15,0,1,MÍNIMA CUANTÍA,Distrito Capital de Bogotá,1,1,0.9477972106568033
7520000,4,0,0,CONTRATACIÓN DIRECTA,Valle del Cauca,0,0,4.4024946963481314e-05
35724360,8,0,0,CONTRATACIÓN DIRECTA,Caldas,0,0,3.4443817024311116e-05
201826752478,36,0,0,CONTRATACIÓN DIRECTA,Atlántico,0,0,3.763992984157589e-05
8500000,115,0,0,CONTRATACIÓN DIRECTA,Valle del Cauca,0,0,4.402497969923698e-05
14400000,3,0,0,CONTRATACIÓN DIRECTA,Santander,0,0,4.974822255679183e-05
11400000,56,0,0,CONTRATACIÓN DIRECTA,Valle del Cauca,0,0,4.402496617031925e-05
79530000,11,0,0,CONTRATACIÓN DIRECTA,Distrito Capital de Bogotá,0,0,2.79188289397086e-05
7440000,60,0,0,CONTRATACIÓN RÉGIMEN ESPECIAL,No Definido,0,0,5.0126548186107904e-05
15000000,157,0,0,CONTRATACIÓN DIRECTA,OTRO,0,0,4.240124604608543e-05
82024956,30,0,10,MÍNIMA CUANTÍA,Distrito Capital de Bogotá,1,1,0.999999935493029
13500000,150,0,0,CONTRATACIÓN DIRECTA,OTRO,0,0,4.2401242490328296e-05
14420000,120,0,0,CONTRATACIÓN DIRECTA,OTRO,0,0,4.2401235260496505e-05
27000000,6,0,0,CONTRATACIÓN DIRECTA,Bolívar,0,0,3.460177597879589e-05
100000000,30,0,0,CONTRATACIÓN RÉGIMEN ESPECIAL,OTRO,0,0,4.2649430914600095e-05
2074939698,18,0,0,CONTRATACIÓN RÉGIMEN ESPECIAL,OTRO,0,0,4.265159272038157e-05
120000000,12,0,0,CONTRATACIÓN RÉGIMEN ESPECIAL,Distrito Capital de Bogotá,0,0,2.808223817797921e-05
6013000,82,0,0,CONTRATACIÓN DIRECTA,OTRO,0,0,4.240121566993738e-05
20153070,9,0,0,CONTRATACIÓN DIRECTA,Distrito Capital de Bogotá,0,0,2.791878596705286e-05
19919622,3,0,0,CONTRATACIÓN DIRECTA,Antioquia,0,0,4.2546030597803e-05
48000000,8,0,0,CONTRATACIÓN RÉGIMEN ESPECIAL,Distrito Capital de Bogotá,0,0,2.8082185478479997e-05
34067250,9,0,0,CONTRATACIÓN DIRECTA,Distrito Capital de Bogotá,0,0,2.7918795952422285e-05
26040000,238,0,0,CONTRATACIÓN DIRECTA,Distrito Capital de Bogotá,0,0,2.7918831570003496e-05
18400000,4,0,0,CONTRATACIÓN DIRECTA,OTRO,0,0,4.240120776581789e-05
5250000,50,0,0,CONTRATACIÓN DIRECTA,OTRO,0,0,4.24012060569939e-05
4925351,5,0,0,CONTRATACIÓN RÉGIMEN ESPECIAL,No Definido,0,0,5.0126527103407025e-05
28435380,0,0,0,CONTRATACIÓN RÉGIMEN ESPECIAL,OTRO,0,0,4.264934417996635e-05
6750000,3,0,0,CONTRATACIÓN RÉGIMEN ESPECIAL,Santander,0,0,5.00393308859732e-05
22260000,3,0,0,CONTRATACIÓN DIRECTA,Meta,0,0,6.413244744415734e-05
131399047,170,0,0,SELECCIÓN ABREVIADA DE MENOR CUANTÍA,Cundinamarca,0,1,0.5005416933648802
15000000,5,0,0,CONTRATACIÓN DIRECTA,Norte de Santander,0,0,7.300885264248297e-05
1138097400,135,0,0,CONTRATACIÓN DIRECTA,Distrito Capital de Bogotá,0,0,2.7919611027505758e-05
15000000,3,0,0,CONTRATACIÓN RÉGIMEN ESPECIAL,OTRO,0,0,4.264933027929067e-05
10000000,2,0,0,CONTRATACIÓN DIRECTA,Distrito Capital de Bogotá,0,0,2.7918777415971895e-05
16400000,2,0,0,CONTRATACIÓN RÉGIMEN ESPECIAL,Atlántico,0,0,3.766429956143582e-05
2023050,5,0,0,CONTRATACIÓN RÉGIMEN ESPECIAL,OTRO,0,0,4.2649316605157264e-05
4500000,1,0,0,CONTRATACIÓN DIRECTA,Valle del Cauca,0,0,4.402494269120304e-05
5504290,47,0,0,CONTRATACIÓN RÉGIMEN ESPECIAL,OTRO,0,0,4.2649332014493045e-05
13797000,292,0,0,CONTRATACIÓN DIRECTA,Cundinamarca,0,0,4.3696102954394626e-05
7292533,2,0,0,CONTRATACIÓN DIRECTA,No Definido,0,0,4.983490379300126e-05
35535000,345,0,0,CONTRATACIÓN DIRECTA,Bolívar,0,0,3.460185948635863e-05
29700949,365,0,0,CONTRATACIÓN DIRECTA,Distrito Capital de Bogotá,0,0,2.7918857145045116e-05
12942557,75,0,0,CONTRATACIÓN DIRECTA,Distrito Capital de Bogotá,0,0,2.7918792718103653e-05
21000000,5,0,0,CONTRATACIÓN DIRECTA,Santander,0,0,4.9748231640322834e-05
12300000,6,0,0,CONTRATACIÓN DIRECTA,Distrito Capital de Bogotá,0,0,2.791877978930617e-05
83387733,12,0,0,CONTRATACIÓN RÉGIMEN ESPECIAL,Distrito Capital de Bogotá,0,0,2.808221174975536e-05
50400000,8,0,0,CONTRATACIÓN DIRECTA,Distrito Capital de Bogotá,0,0,2.7918807492767286e-05
7500000,147,0,0,CONTRATACIÓN RÉGIMEN ESPECIAL,Cundinamarca,0,0,4.395175834180063e-05
10569000,5,0,0,CONTRATACIÓN RÉGIMEN ESPECIAL,Distrito Capital de Bogotá,0,0,2.8082157914067632e-05
10666666,93,0,0,CONTRATACIÓN DIRECTA,Nariño,0,0,2.393564706631099e-05
6000000,2,0,0,CONTRATACIÓN RÉGIMEN ESPECIAL,OTRO,0,0,4.2649320136879596e-05
7800000,52,0,0,CONTRATACIÓN DIRECTA,Meta,0,0,6.413244394529573e-05
89998662,1,0,29,SELECCIÓN ABREVIADA SUBASTA INVERSA,Distrito Capital de Bogotá,1,1,1.0
731000,5,0,0,CONTRATACIÓN RÉGIMEN ESPECIAL,No Definido,0,0,5.01265216991919e-05
47960218,165,0,0,CONTRATACIÓN RÉGIMEN ESPECIAL,Antioquia,0,0,4.2795080276749386e-05
10000000,287,0,2,MÍNIMA CUANTÍA,Magdalena,1,1,0.9912527758484019
27300000,198,0,0,CONTRATACIÓN DIRECTA,Distrito Capital de Bogotá,0,0,2.7918825246583437e-05
19440000,4,0,0,CONTRATACIÓN DIRECTA,Distrito Capital de Bogotá,0,0,2.7918784551871005e-05
17500000,151,0,0,CONTRATACIÓN RÉGIMEN ESPECIAL,Antioquia,0,0,4.2795042892639784e-05
848099634,9,0,0,CONTRATACIÓN RÉGIMEN ESPECIAL,Antioquia,0,0,4.279591724087108e-05
9450000,7,0,0,CONTRATACIÓN DIRECTA,Tolima,0,0,4.477471729805733e-05
10500000,90,0,0,CONTRATACIÓN DIRECTA,OTRO,0,0,4.2401222755606125e-05
3852328,46,0,0,CONTRATACIÓN DIRECTA,Antioquia,0,0,4.254602486669618e-05
54000000,342,0,0,CONTRATACIÓN DIRECTA,Antioquia,0,0,4.254616121389681e-05
76403250,11,0,0,CONTRATACIÓN DIRECTA,Distrito Capital de Bogotá,0,0,2.791882669582539e-05
26800000,6,0,0,CONTRATACIÓN DIRECTA,OTRO,0,0,4.24012174697126e-05
42091550,5,0,0,CONTRATACIÓN RÉGIMEN ESPECIAL,Antioquia,0,0,4.2795029506544065e-05
3900000,3,0,0,CONTRATACIÓN RÉGIMEN ESPECIAL,Nariño,0,0,2.407569984262766e-05
13800000,6,0,0,CONTRATACIÓN DIRECTA,Santander,0,0,4.9748222755448587e-05
23937584,20,0,2,MÍNIMA CUANTÍA,Valle del Cauca,1,1,0.9923999903392087
15716250,340,0,0,CONTRATACIÓN DIRECTA,Meta,0,0,6.413257652965303e-05
370000000,258,0,0,CONTRATACIÓN RÉGIMEN ESPECIAL,Distrito Capital de Bogotá,0,0,2.8082463349329784e-05
12000000,90,0,0,CONTRATACIÓN DIRECTA,OTRO,0,0,4.240122439043864e-05
6300000,105,0,0,CONTRATACIÓN RÉGIMEN ESPECIAL,Magdalena,0,0,3.843055331652246e-05
25897630,237,0,0,CONTRATACIÓN DIRECTA,Nariño,0,0,2.3935678744705897e-05
1890000,1,0,0,CONTRATACIÓN RÉGIMEN ESPECIAL,OTRO,0,0,4.2649315355206715e-05
7000000,1,0,0,CONTRATACIÓN DIRECTA,Valle del Cauca,0,0,4.402494552026029e-05
18000000,6,0,0,CONTRATACIÓN DIRECTA,Valle del Cauca,0,0,4.402495939274333e-05
8773667,151,0,0,CONTRATACIÓN DIRECTA,Santander,0,0,4.974826301299446e-05
18000000,90,0,0,CONTRATACIÓN RÉGIMEN ESPECIAL,No Definido,0,0,5.012657152454387e-05
25200000,9,0,0,CONTRATACIÓN RÉGIMEN ESPECIAL,No Definido,0,0,5.012655452395544e-05
2008298400,4,0,0,CONTRATACIÓN RÉGIMEN ESPECIAL,Antioquia,0,0,4.27971921321538e-05
1235333,17,0,0,CONTRATACIÓN RÉGIMEN ESPECIAL,OTRO,0,0,4.264931905388814e-05
31590150,180,0,0,CONTRATACIÓN DIRECTA,Antioquia,0,0,4.254609209863749e-05
18150000,163,0,0,CONTRATACIÓN DIRECTA,OTRO,0,0,4.240125112574197e-05
6053107,137,78,1,CONTRATACIÓN DIRECTA (CON OFERTAS),Caldas,1,1,0.9830103928040794
27650871,0,0,0,CONTRATACIÓN RÉGIMEN ESPECIAL,Distrito Capital de Bogotá,0,0,2.808216933568882e-05
251000000,30,0,0,CONTRATACIÓN RÉGIMEN ESPECIAL,Antioquia,0,0,4.2795266232814446e-05
127138950,50,1,1,SELECCIÓN ABREVIADA DE MENOR CUANTÍA,Tolima,1,1,0.8240558324400779
19640454,30,0,2,MÍNIMA CUANTÍA,Santander,1,1,0.9932684832713274
10549350,7,0,0,CONTRATACIÓN RÉGIMEN ESPECIAL,Boyacá,0,0,5.407230152077082e-05
6650000,15,0,0,CONTRATACIÓN RÉGIMEN ESPECIAL,No Definido,0,0,5.0126532569659265e-05
70517748,210,0,4,MÍNIMA CUANTÍA,Antioquia,1,1,0.9996191805552676
2000000,4,0,0,CONTRATACIÓN RÉGIMEN ESPECIAL,No Definido,0,0,5.012652300982333e-05
323831816,7,578,1,CONTRATACIÓN DIRECTA (CON OFERTAS),Distrito Capital de Bogotá,1,1,0.9793211701946057
63319900,291,0,0,CONTRATACIÓN DIRECTA,Distrito Capital de Bogotá,0,0,2.7918867900240214e-05
1190000,182,0,0,CONTRATACIÓN RÉGIMEN ESPECIAL,Antioquia,0,0,4.2795033537418474e-05
6007000,1,0,0,CONTRATACIÓN DIRECTA,Valle del Cauca,0,0,4.402494439655877e-05
95800000,90,0,0,SELECCIÓN ABREVIADA DE MENOR CUANTÍA,Cundinamarca,0,1,0.5005413351505983
2681340,20,0,0,CONTRATACIÓN DIRECTA,Antioquia,0,0,4.254601642687166e-05
1129000,1,0,0,CONTRATACIÓN RÉGIMEN ESPECIAL,Cundinamarca,0,0,4.3951709614242875e-05
8074953,45,0,0,CONTRATACIÓN DIRECTA,OTRO,0,0,4.240120776378886e-05
6306708,38,0,0,CONTRATACIÓN RÉGIMEN ESPECIAL,Distrito Capital de Bogotá,0,0,2.808216083507091e-05
42224000,8,0,0,CONTRATACIÓN DIRECTA,Distrito Capital de Bogotá,0,0,2.7918801625341423e-05
196972548,1,0,0,CONTRATACIÓN RÉGIMEN ESPECIAL,Valle del Cauca,0,0,4.428278976047936e-05
50000000,0,0,0,SELECCIÓN ABREVIADA DE MENOR CUANTÍA,Bolívar,0,0,0.44245661348359683
3280000,2,0,0,CONTRATACIÓN RÉGIMEN ESPECIAL,No Definido,0,0,5.012652401021524e-05
11624496,240,0,0,CONTRATACIÓN DIRECTA,Distrito Capital de Bogotá,0,0,2.7918821586233192e-05
21641143,8,0,0,CONTRATACIÓN RÉGIMEN ESPECIAL,Tolima,0,0,4.503674707183299e-05
3000000,3,0,0,CONTRATACIÓN RÉGIMEN ESPECIAL,Boyacá,0,0,5.407228962838445e-05
14761110,4,0,0,CONTRATACIÓN DIRECTA,Antioquia,0,0,4.254602523175595e-05
9900000,3,0,0,CONTRATACIÓN DIRECTA,Valle del Cauca,0,0,4.4024949371818394e-05
17440000,4,0,0,CONTRATACIÓN DIRECTA,Distrito Capital de Bogotá,0,0,2.7918783116591776e-05
5931371,102,0,0,CONTRATACIÓN DIRECTA,Distrito Capital de Bogotá,0,0,2.7918792565252976e-05
42657500,45,0,1,MÍNIMA CUANTÍA,Nariño,1,1,0.9396343520794165
59950000,163,0,0,CONTRATACIÓN DIRECTA,Distrito Capital de Bogotá,0,0,2.7918842353366224e-05
10152000,6,0,0,CONTRATACIÓN DIRECTA,Antioquia,0,0,4.2546020741895786e-05
38112000,180,0,0,CONTRATACIÓN RÉGIMEN ESPECIAL,Distrito Capital de Bogotá,0,0,2.808220960166572e-05
58589200,8,0,0,CONTRATACIÓN DIRECTA,Distrito Capital de Bogotá,0,0,2.791881336966728e-05
5950000,92,0,0,CONTRATACIÓN RÉGIMEN ESPECIAL,No Definido,0,0,5.012655664752438e-05
21850000,9,0,0,CONTRATACIÓN DIRECTA,Cundinamarca,0,0,4.369603196764075e-05
6630000,0,0,0,CONTRATACIÓN DIRECTA,Valle del Cauca,0,0,4.402494481663416e-05
8000000,20,0,1,MÍNIMA CUANTÍA,Santander,1,1,0.9700175437395149
52000000,10,0,0,CONTRATACIÓN DIRECTA,Bolívar,0,0,3.460179910999467e-05
39520000,304,0,0,CONTRATACIÓN DIRECTA,Santander,0,0,4.9748351589881245e-05
1665470,17,0,0,CONTRATACIÓN DIRECTA,Santander,0,0,4.974821078030145e-05
21614370,30,0,0,CONTRATACIÓN RÉGIMEN ESPECIAL,Antioquia,0,0,4.279501390558944e-05
8558300,95,0,0,CONTRATACIÓN DIRECTA,Distrito Capital de Bogotá,0,0,2.7918793185605222e-05
2490520,3,0,0,CONTRATACIÓN RÉGIMEN ESPECIAL,Antioquia,0,0,4.279498539109066e-05
21100000,120,0,0,CONTRATACIÓN DIRECTA,Distrito Capital de Bogotá,0,0,2.7918806703306348e-05
33980000,5,0,0,CONTRATACIÓN DIRECTA,Cundinamarca,0,0,4.369604446049271e-05
20641200,8,0,1,CONTRATACIÓN RÉGIMEN ESPECIAL (CON OFERTAS),Distrito Capital de Bogotá,0,1,0.9572363473570572
6975000,7,0,0,CONTRATACIÓN DIRECTA,Antioquia,0,0,4.25460175428513e-05
26104991,265,0,0,CONTRATACIÓN DIRECTA,Distrito Capital de Bogotá,0,0,2.7918836495306747e-05
80000000,30,0,7,MÍNIMA CUANTÍA,Atlántico,1,1,0.9999954372701271
10919700,3,0,0,CONTRATACIÓN DIRECTA,Boyacá,0,0,5.3757720831283776e-05
35771582,7,0,0,CONTRATACIÓN DIRECTA,Distrito Capital de Bogotá,0,0,2.7918796814137057e-05
21104610526,1,0,0,SELECCIÓN ABREVIADA DE MENOR CUANTÍA,Valle del Cauca,0,1,0.5025511492161377
8800000,4,0,0,CONTRATACIÓN DIRECTA,Norte de Santander,0,0,7.300884053522766e-05
3722000,1,0,0,CONTRATACIÓN RÉGIMEN ESPECIAL,Antioquia,0,0,4.2794986191798354e-05
3825000,4,0,0,CONTRATACIÓN RÉGIMEN ESPECIAL,No Definido,0,0,5.01265253612462e-05
50780000,10,0,0,CONTRATACIÓN DIRECTA,Distrito Capital de Bogotá,0,0,2.7918808126852687e-05
4961302,2,0,0,CONTRATACIÓN DIRECTA,OTRO,0,0,4.240119257031069e-05
366635878,6,0,0,SELECCIÓN ABREVIADA DE MENOR CUANTÍA,Tolima,0,1,0.5066394866800268
15000000,3,0,0,CONTRATACIÓN RÉGIMEN ESPECIAL,OTRO,0,0,4.264933027929067e-05
1554140,30,0,0,CONTRATACIÓN RÉGIMEN ESPECIAL,Antioquia,0,0,4.279499183914208e-05
7500000,1,0,0,CONTRATACIÓN RÉGIMEN ESPECIAL,Bolívar,0,0,3.480424422226975e-05
9171624,2,0,0,CONTRATACIÓN DIRECTA,Antioquia,0,0,4.2546018568328294e-05
12000000,154,0,0,CONTRATACIÓN DIRECTA,OTRO,0,0,4.2401241953165744e-05
3800000,30,0,0,CONTRATACIÓN RÉGIMEN ESPECIAL,No Definido,0,0,5.012653376376365e-05
7260000,3,0,0,CONTRATACIÓN RÉGIMEN ESPECIAL,OTRO,0,0,4.264932179419689e-05
86903559,30,0,0,CONTRATACIÓN RÉGIMEN ESPECIAL,OTRO,0,0,4.264941655739273e-05
126000000,9,0,0,CONTRATACIÓN DIRECTA,Distrito Capital de Bogotá,0,0,2.7918861927112792e-05
19140000,174,0,0,CONTRATACIÓN DIRECTA,Cundinamarca,0,0,4.369607558539393e-05
5400000,3,0,0,CONTRATACIÓN DIRECTA,Bolívar,0,0,3.460175609557001e-05
60017615,3,10,1,SELECCIÓN ABREVIADA DE MENOR CUANTÍA,Distrito Capital de Bogotá,1,1,0.7449550797500393
36389400,6,0,0,CONTRATACIÓN DIRECTA,Distrito Capital de Bogotá,0,0,2.7918797076816933e-05
29744004,360,0,0,CONTRATACIÓN DIRECTA,Distrito Capital de Bogotá,0,0,2.7918856272486282e-05
39000000,3,0,0,CONTRATACIÓN DIRECTA,Santander,0,0,4.974825401349791e-05
7782222,60,0,0,CONTRATACIÓN RÉGIMEN ESPECIAL,Bolívar,0,0,3.480425776463263e-05
17390000,125,0,0,CONTRATACIÓN DIRECTA,OTRO,0,0,4.240123986955421e-05
18200000,45,0,0,CONTRATACIÓN DIRECTA,Atlántico,0,0,3.744518618945915e-05
8100000,3,0,0,CONTRATACIÓN RÉGIMEN ESPECIAL,Magdalena,0,0,3.843052972511591e-05
13000000,3,0,0,CONTRATACIÓN RÉGIMEN ESPECIAL,Cundinamarca,0,0,4.3951723594298744e-05
132177376,1,0,0,CONTRATACIÓN RÉGIMEN ESPECIAL,Antioquia,0,0,4.279512749413505e-05
140000000,10,0,0,SELECCIÓN ABREVIADA SUBASTA INVERSA,Cundinamarca,0,1,0.5923550698626217
1,249,0,0,CONTRATACIÓN RÉGIMEN ESPECIAL,Antioquia,0,0,4.279505078514249e-05
1621342,0,0,0,CONTRATACIÓN RÉGIMEN ESPECIAL,Boyacá,0,0,5.407228666238975e-05
2395052869,210,10,4,SELECCIÓN ABREVIADA DE MENOR CUANTÍA,Distrito Capital de Bogotá,1,1,0.9964043946828438
9058834,48,0,0,CONTRATACIÓN DIRECTA,Distrito Capital de Bogotá,0,0,2.7918785052334534e-05
17861000,159,0,0,CONTRATACIÓN RÉGIMEN ESPECIAL,No Definido,0,0,5.012659372994516e-05
14393333,254,0,0,CONTRATACIÓN DIRECTA,Atlántico,0,0,3.744523317538497e-05
2685000,19,0,0,CONTRATACIÓN DIRECTA,Valle del Cauca,0,0,4.402494576596977e-05
37960000,219,0,0,CONTRATACIÓN DIRECTA,Distrito Capital de Bogotá,0,0,2.7918836691149987e-05
2134050,50,0,0,CONTRATACIÓN DIRECTA,Cundinamarca,0,0,4.3696021417981066e-05
21660768,96,0,0,CONTRATACIÓN DIRECTA,Antioquia,0,0,4.254605810993322e-05
13860000,7,0,0,CONTRATACIÓN DIRECTA,Valle del Cauca,0,0,4.402495499274892e-05
42072920,300,0,0,CONTRATACIÓN DIRECTA,Distrito Capital de Bogotá,0,0,2.7918854278745904e-05
9000000,116,0,0,CONTRATACIÓN RÉGIMEN ESPECIAL,Boyacá,0,0,5.40723375117025e-05
55610967,221,0,0,CONTRATACIÓN DIRECTA,Distrito Capital de Bogotá,0,0,2.7918849719592766e-05
3450000,45,0,0,CONTRATACIÓN RÉGIMEN ESPECIAL,Caldas,0,0,3.4645359062830004e-05
20166667,111,0,0,CONTRATACIÓN DIRECTA,Antioquia,0,0,4.254606060629091e-05
4000000,85,0,0,CONTRATACIÓN RÉGIMEN ESPECIAL,Antioquia,0,0,4.279500976273808e-05
9859215,150,0,0,CONTRATACIÓN DIRECTA,Valle del Cauca,0,0,4.402499120976553e-05
32000000,4,0,0,CONTRATACIÓN DIRECTA,Distrito Capital de Bogotá,0,0,2.7918793565426326e-05
108511667,350,0,0,CONTRATACIÓN RÉGIMEN ESPECIAL,No Definido,0,0,5.012677249225003e-05
1120000,1,0,0,CONTRATACIÓN DIRECTA,OTRO,0,0,4.2401188109306394e-05
6376810,0,0,0,CONTRATACIÓN RÉGIMEN ESPECIAL,OTRO,0,0,4.264931999791699e-05
6600000,75,0,0,CONTRATACIÓN DIRECTA,Valle del Cauca,0,0,4.40249661521172e-05
642082352,330,0,1,SELECCIÓN ABREVIADA SUBASTA INVERSA,Distrito Capital de Bogotá,1,1,0.8089574071783724
21317034,6,0,0,CONTRATACIÓN DIRECTA,Distrito Capital de Bogotá,0,0,2.7918786260286878e-05
444997832,5,0,79,CONCURSO DE MÉRITOS ABIERTO,Santander,1,1,1.0
9300000,3,0,0,CONTRATACIÓN DIRECTA,OTRO,0,0,4.2401197573421303e-05
12100000,150,0,0,CONTRATACIÓN DIRECTA,Valle del Cauca,0,0,4.402499374549195e-05
71385762,315,0,0,CONTRATACIÓN DIRECTA,Antioquia,0,0,4.254617279260638e-05
8580000,5,0,0,CONTRATACIÓN DIRECTA,No Definido,0,0,4.983490640976536e-05
12600000,3,0,0,CONTRATACIÓN RÉGIMEN ESPECIAL,No Definido,0,0,5.012653634299131e-05
47416667,250,0,0,CONTRATACIÓN DIRECTA,Antioquia,0,0,4.254612868157693e-05
8000000,4,0,0,CONTRATACIÓN DIRECTA,OTRO,0,0,4.240119643098475e-05
2079331,17,0,0,CONTRATACIÓN RÉGIMEN ESPECIAL,Distrito Capital de Bogotá,0,0,2.8082153966872847e-05
50640747,34,0,0,CONTRATACIÓN RÉGIMEN ESPECIAL,Antioquia,0,0,4.279504694277053e-05
29088389,330,0,0,CONTRATACIÓN DIRECTA,Valle del Cauca,0,0,4.40250642567012e-05
63594000,9,0,0,CONTRATACIÓN DIRECTA,Distrito Capital de Bogotá,0,0,2.7918817142005203e-05
19726630,119,0,0,CONTRATACIÓN RÉGIMEN ESPECIAL,Santander,0,0,5.0039385143077546e-05
23878423,175,0,0,CONTRATACIÓN RÉGIMEN ESPECIAL,Meta,0,0,6.450780871944644e-05
732100,1,0,0,CONTRATACIÓN RÉGIMEN ESPECIAL,Distrito Capital de Bogotá,0,0,2.808215008641818e-05
26110000,197,0,0,CONTRATACIÓN RÉGIMEN ESPECIAL,Valle del Cauca,0,0,4.428265144884208e-05
48968700,11,0,0,CONTRATACIÓN DIRECTA,Distrito Capital de Bogotá,0,0,2.791880700768201e-05
8989432,0,0,0,CONTRATACIÓN DIRECTA,Atlántico,0,0,3.744516641880753e-05
30000000,5,0,4,MÍNIMA CUANTÍA,Distrito Capital de Bogotá,1,1,0.9994197670479762
66000000,300,2,1,SELECCIÓN ABREVIADA DE MENOR CUANTÍA,Distrito Capital de Bogotá,1,1,0.7449258036870091
13373820,1,0,0,CONTRATACIÓN RÉGIMEN ESPECIAL,Distrito Capital de Bogotá,0,0,2.808215921170313e-05
13600000,227,0,0,CONTRATACIÓN DIRECTA,Valle del Cauca,0,0,4.402501738223701e-05
107532000,350,0,0,CONTRATACIÓN DIRECTA,Distrito Capital de Bogotá,0,0,2.7918910289517747e-05
2917000,1,0,0,CONTRATACIÓN RÉGIMEN ESPECIAL,OTRO,0,0,4.2649316481070955e-05
76140,12,0,0,CONTRATACIÓN RÉGIMEN ESPECIAL,Caldas,0,0,3.464534865889468e-05
11175000,111,0,0,CONTRATACIÓN DIRECTA,Cundinamarca,0,0,4.369604882311893e-05
370000000,255,5,0,SELECCIÓN ABREVIADA DE MENOR CUANTÍA,Distrito Capital de Bogotá,0,0,0.39038309578188024
9000000,30,0,0,CONTRATACIÓN RÉGIMEN ESPECIAL,Antioquia,0,0,4.27950000296589e-05
13640000,4,0,0,CONTRATACIÓN DIRECTA,Distrito Capital de Bogotá,0,0,2.7918780389561386e-05
8100000,90,0,0,CONTRATACIÓN DIRECTA,Norte de Santander,0,0,7.300887985605942e-05
2007532652,120,0,0,CONTRATACIÓN RÉGIMEN ESPECIAL,Distrito Capital de Bogotá,0,0,2.8083620339356654e-05
14400000,3,0,0,CONTRATACIÓN DIRECTA,Atlántico,0,0,3.744517235351989e-05
31999144,240,0,3,MÍNIMA CUANTÍA,Caldas,1,1,0.9978583600855053
4800000,3,0,0,CONTRATACIÓN DIRECTA,OTRO,0,0,4.2401192668927046e-05
131515849,75,5,1,SELECCIÓN ABREVIADA DE MENOR CUANTÍA,Distrito Capital de Bogotá,1,1,0.7449369736850008
14300000,165,0,0,CONTRATACIÓN DIRECTA,Antioquia,0,0,4.254606905960323e-05
2000495,5,0,0,CONTRATACIÓN RÉGIMEN ESPECIAL,Norte de Santander,0,0,7.343605354328213e-05
4742400,2,0,0,CONTRATACIÓN RÉGIMEN ESPECIAL,Meta,0,0,6.450770476628873e-05
25615611,20,0,0,CONTRATACIÓN RÉGIMEN ESPECIAL,Bolívar,0,0,3.480426470867472e-05
7416000,129,0,0,CONTRATACIÓN DIRECTA,OTRO,0,0,4.240123009667535e-05
8492000,62,0,0,CONTRATACIÓN RÉGIMEN ESPECIAL,Distrito Capital de Bogotá,0,0,2.808216677445859e-05
1750000,1,0,0,CONTRATACIÓN RÉGIMEN ESPECIAL,Atlántico,0,0,3.766428513451044e-05
25200000,174,0,0,CONTRATACIÓN RÉGIMEN ESPECIAL,Cundinamarca,0,0,4.395178601844487e-05
2000000,5,0,0,CONTRATACIÓN RÉGIMEN ESPECIAL,OTRO,0,0,4.264931657988839e-05
8400000,3,0,0,CONTRATACIÓN DIRECTA,OTRO,0,0,4.2401196592522436e-05
108177648,12,0,0,CONTRATACIÓN DIRECTA,No Definido,0,0,4.9835036247766636e-05
265179072,50,0,0,CONTRATACIÓN RÉGIMEN ESPECIAL,Meta,0,0,6.450815663186877e-05
8000000,4,0,0,CONTRATACIÓN DIRECTA,OTRO,0,0,4.240119643098475e-05
3446100,59,0,0,CONTRATACIÓN DIRECTA,No Definido,0,0,4.9834917249840194e-05
7500000,3,0,0,CONTRATACIÓN RÉGIMEN ESPECIAL,No Definido,0,0,5.012652977189072e-05
11440000,5,0,0,CONTRATACIÓN DIRECTA,Bolívar,0,0,3.4601761915529166e-05
50103066,2,0,10,MÍNIMA CUANTÍA,OTRO,1,1,0.9999999575264
11300000,60,0,0,CONTRATACIÓN RÉGIMEN ESPECIAL,Boyacá,0,0,5.407232111131221e-05
223503488,8,0,0,CONTRATACIÓN RÉGIMEN ESPECIAL,OTRO,0,0,4.264956023519864e-05
90000000,152,0,0,CONTRATACIÓN DIRECTA,Nariño,0,0,2.393570501664061e-05
4500000,3,0,0,CONTRATACIÓN RÉGIMEN ESPECIAL,Bolívar,0,0,3.4804241988910946e-05
38400000,240,0,0,CONTRATACIÓN RÉGIMEN ESPECIAL,Tolima,0,0,4.5036834094356484e-05
13863740,123,0,0,CONTRATACIÓN DIRECTA,Distrito Capital de Bogotá,0,0,2.791880205234874e-05
23480000,5,0,0,CONTRATACIÓN DIRECTA,OTRO,0,0,4.240121357686649e-05
59668000,7,0,0,CONTRATACIÓN DIRECTA,Distrito Capital de Bogotá,0,0,2.791881396316665e-05
3600000,60,0,0,CONTRATACIÓN DIRECTA,Valle del Cauca,0,0,4.4024958483360115e-05
20000000,2,0,0,CONTRATACIÓN RÉGIMEN ESPECIAL,Antioquia,0,0,4.279500437471887e-05
38500000,150,0,0,CONTRATACIÓN DIRECTA,Distrito Capital de Bogotá,0,0,2.7918824610983093e-05
662118,10,0,0,CONTRATACIÓN DIRECTA,OTRO,0,0,4.240119008002243e-05
11797800,0,0,0,CONTRATACIÓN DIRECTA,Cundinamarca,0,0,4.3696018132151017e-05
2190000,3,0,0,CONTRATACIÓN RÉGIMEN ESPECIAL,Magdalena,0,0,3.8430523887047685e-05
12925000,165,0,0,CONTRATACIÓN DIRECTA,OTRO,0,0,4.240124597990741e-05
119906258,226,0,0,CONTRATACIÓN RÉGIMEN ESPECIAL,Valle del Cauca,0,0,4.428276652348884e-05
29942304,8,0,0,CONTRATACIÓN RÉGIMEN ESPECIAL,Distrito Capital de Bogotá,0,0,2.8082172443721703e-05
11801327,181,0,0,CONTRATACIÓN RÉGIMEN ESPECIAL,Nariño,0,0,2.4075732468222776e-05
11101496,210,0,0,CONTRATACIÓN DIRECTA,Distrito Capital de Bogotá,0,0,2.791881579017347e-05
12000000,2,0,0,CONTRATACIÓN RÉGIMEN ESPECIAL,Boyacá,0,0,5.407230178724311e-05
11700000,3,0,0,CONTRATACIÓN DIRECTA,Antioquia,0,0,4.254602160874033e-05
25258628,4,0,0,CONTRATACIÓN RÉGIMEN ESPECIAL,Boyacá,0,0,5.407232091487868e-05
4386667,47,0,0,CONTRATACIÓN RÉGIMEN ESPECIAL,OTRO,0,0,4.264933078928147e-05
121296000,0,0,0,CONTRATACIÓN DIRECTA,Valle del Cauca,0,0,4.402507457549989e-05
32018666,4,0,0,CONTRATACIÓN RÉGIMEN ESPECIAL,Antioquia,0,0,4.279501814930253e-05
48548754,75,0,0,CONCURSO DE MÉRITOS ABIERTO,Santander,0,1,0.599044591407005
834180255,1,0,18,SELECCIÓN ABREVIADA SUBASTA INVERSA,Distrito Capital de Bogotá,1,1,0.9999999999985225
26000000,365,0,0,CONTRATACIÓN RÉGIMEN ESPECIAL,Distrito Capital de Bogotá,0,0,2.8082234482231374e-05
37457000,210,0,0,CONTRATACIÓN RÉGIMEN ESPECIAL,Distrito Capital de Bogotá,0,0,2.8082214581317694e-05
10200000,180,0,0,CONTRATACIÓN DIRECTA,Valle del Cauca,0,0,4.402500014318668e-05
16500000,129,0,0,CONTRATACIÓN DIRECTA,Valle del Cauca,0,0,4.4024992741192295e-05
100000000,2,0,0,MÍNIMA CUANTÍA,Distrito Capital de Bogotá,0,1,0.7992331810109957
21000000,180,0,0,CONTRATACIÓN DIRECTA,Santander,0,0,4.974828798413699e-05
13800000,69,0,0,CONTRATACIÓN DIRECTA,Antioquia,0,0,4.254604207873214e-05
82056000,6,0,0,CONTRATACIÓN RÉGIMEN ESPECIAL,Distrito Capital de Bogotá,0,0,2.8082209697965372e-05
54208000,8,0,0,CONTRATACIÓN RÉGIMEN ESPECIAL,Cundinamarca,0,0,4.395177157094799e-05
5301946,23,0,0,CONTRATACIÓN RÉGIMEN ESPECIAL,Distrito Capital de Bogotá,0,0,2.8082157383570992e-05
4186933604,180,0,0,CONTRATACIÓN RÉGIMEN ESPECIAL,Antioquia,0,0,4.27996375929484e-05
14151900,6,0,2,MÍNIMA CUANTÍA,Boyacá,1,1,0.993767445153236
31850000,147,0,0,CONTRATACIÓN RÉGIMEN ESPECIAL,Distrito Capital de Bogotá,0,0,2.8082199083801236e-05
8400000,3,0,0,CONTRATACIÓN DIRECTA,OTRO,0,0,4.2401196592522436e-05
660000000,10,0,0,CONCURSO DE MÉRITOS ABIERTO,Antioquia,1,1,0.5609714573039749
16827605,115,0,0,CONTRATACIÓN DIRECTA,Antioquia,0,0,4.2546058056075276e-05
1750000,1,0,0,CONTRATACIÓN RÉGIMEN ESPECIAL,No Definido,0,0,5.012652171447289e-05
102000000,12,0,0,CONTRATACIÓN DIRECTA,Distrito Capital de Bogotá,0,0,2.7918845245792885e-05
17900960,140,0,0,CONTRATACIÓN DIRECTA,Distrito Capital de Bogotá,0,0,2.791880802136756e-05
50800000,241,0,0,CONTRATACIÓN DIRECTA,Distrito Capital de Bogotá,0,0,2.7918849880870553e-05
50000000,0,0,1,MÍNIMA CUANTÍA,Valle del Cauca,0,1,0.9662511957258239
10500000,53,0,0,CONTRATACIÓN RÉGIMEN ESPECIAL,Boyacá,0,0,5.407231754978239e-05
7373835,135,0,0,CONTRATACIÓN DIRECTA,Cundinamarca,0,0,4.3696051340899796e-05
59750000,60,0,19,MÍNIMA CUANTÍA,Tolima,1,1,0.9999999999999529
5718000,3,0,0,CONTRATACIÓN RÉGIMEN ESPECIAL,Caldas,0,0,3.464535166516477e-05
7500000,3,0,0,CONTRATACIÓN RÉGIMEN ESPECIAL,OTRO,0,0,4.2649322057300524e-05
7500000,70,0,0,CONTRATACIÓN RÉGIMEN ESPECIAL,Boyacá,0,0,5.407231932929309e-05
17400000,6,0,0,CONTRATACIÓN RÉGIMEN ESPECIAL,Santander,0,0,5.0039345555654295e-05
48000000,8,0,0,CONTRATACIÓN DIRECTA,Distrito Capital de Bogotá,0,0,2.791880577043083e-05
15000000,3,0,0,CONTRATACIÓN RÉGIMEN ESPECIAL,No Definido,0,0,5.012653943527415e-05
15000000,3,0,0,CONTRATACIÓN RÉGIMEN ESPECIAL,Antioquia,0,0,4.279499915163643e-05
6048000,3,0,0,CONTRATACIÓN DIRECTA,Antioquia,0,0,4.254601542765642e-05
42135000,150,0,0,CONTRATACIÓN DIRECTA,Distrito Capital de Bogotá,0,0,2.791882721960709e-05
60000000,96,0,0,CONTRATACIÓN RÉGIMEN ESPECIAL,OTRO,0,0,4.2649405281460685e-05
9600000,72,0,0,CONTRATACIÓN DIRECTA,OTRO,0,0,4.2401216835191224e-05
1600000,2,0,0,CONTRATACIÓN RÉGIMEN ESPECIAL,Nariño,0,0,2.4075698263437016e-05
110341749,117,0,0,CONTRATACIÓN RÉGIMEN ESPECIAL,Meta,0,0,6.4507927869074e-05
32000000,0,0,0,CONTRATACIÓN RÉGIMEN ESPECIAL,No Definido,0,0,5.0126560365711624e-05
15200000,4,0,0,CONTRATACIÓN DIRECTA,OTRO,0,0,4.240120427817657e-05
5474000,45,0,0,CONTRATACIÓN RÉGIMEN ESPECIAL,Caldas,0,0,3.4645360865277315e-05
10320078,90,0,0,CONTRATACIÓN RÉGIMEN ESPECIAL,Distrito Capital de Bogotá,0,0,2.8082173182989657e-05
5100000,31,0,0,CONTRATACIÓN RÉGIMEN ESPECIAL,Magdalena,0,0,3.843053372580359e-05
40000000,50,0,0,CONTRATACIÓN RÉGIMEN ESPECIAL,Boyacá,0,0,5.407235750105762e-05
8733333,131,0,0,CONTRATACIÓN DIRECTA,Tolima,0,0,4.477475240572695e-05
34800000,6,0,0,CONTRATACIÓN RÉGIMEN ESPECIAL,OTRO,0,0,4.264935281342241e-05
65125830,225,0,0,CONTRATACIÓN DIRECTA,Distrito Capital de Bogotá,0,0,2.791885727061786e-05
3706849430,0,0,0,CONTRATACIÓN RÉGIMEN ESPECIAL,OTRO,0,0,4.265337689018476e-05
12744900,70,0,0,CONTRATACIÓN RÉGIMEN ESPECIAL,No Definido,0,0,5.012655826534276e-05
52239000,11,0,0,CONTRATACIÓN DIRECTA,Distrito Capital de Bogotá,0,0,2.7918809354580896e-05
1276900000,0,0,0,SELECCIÓN ABREVIADA SUBASTA INVERSA,OTRO,0,1,0.5850786371086855
36045868,172,0,0,CONTRATACIÓN DIRECTA,Distrito Capital de Bogotá,0,0,2.7918826825003862e-05
9200000,4,0,0,CONTRATACIÓN DIRECTA,Valle del Cauca,0,0,4.402494886460797e-05
17500000,150,0,0,CONTRATACIÓN RÉGIMEN ESPECIAL,Nariño,0,0,2.4075731164497775e-05
11000000,2,0,0,CONTRATACIÓN DIRECTA,Valle del Cauca,0,0,4.402495033167802e-05
1700000,30,0,0,CONTRATACIÓN RÉGIMEN ESPECIAL,Nariño,0,0,2.4075702688254408e-05
62943533,330,0,0,CONTRATACIÓN RÉGIMEN ESPECIAL,Antioquia,0,0,4.279514245808043e-05
46000000,31,0,0,CONTRATACIÓN RÉGIMEN ESPECIAL,Valle del Cauca,0,0,4.428262651406119e-05
17079737,30,0,0,CONTRATACIÓN RÉGIMEN ESPECIAL,Antioquia,0,0,4.27950089174482e-05
13000000,8,0,0,CONTRATACIÓN RÉGIMEN ESPECIAL,OTRO,0,0,4.2649329466875864e-05
25996000,3,0,0,CONTRATACIÓN DIRECTA,Valle del Cauca,0,0,4.4024967586426696e-05
13000000,13,0,0,CONTRATACIÓN RÉGIMEN ESPECIAL,No Definido,0,0,5.012654010249877e-05
4026200,30,0,0,CONTRATACIÓN RÉGIMEN ESPECIAL,Tolima,0,0,4.5036733092683076e-05
26562400,10,0,0,CONTRATACIÓN DIRECTA,Antioquia,0,0,4.254603978989753e-05
89636787,62,0,0,CONTRATACIÓN RÉGIMEN ESPECIAL,Nariño,0,0,2.4075762094862747e-05
2452224,10,0,0,CONTRATACIÓN DIRECTA,Distrito Capital de Bogotá,0,0,2.7918773444917158e-05
24200000,22,0,0,CONTRATACIÓN RÉGIMEN ESPECIAL,OTRO,0,0,4.264934560937661e-05
7044641,52,0,0,CONTRATACIÓN DIRECTA,Boyacá,0,0,5.375773252448611e-05
197953717,65,0,0,CONTRATACIÓN RÉGIMEN ESPECIAL,Atlántico,0,0,3.766449068727473e-05
32500000,150,0,0,CONTRATACIÓN DIRECTA,Distrito Capital de Bogotá,0,0,2.791882030513945e-05
16000000,80,0,0,CONTRATACIÓN RÉGIMEN ESPECIAL,Boyacá,0,0,5.407233464265237e-05
63728000,8,0,0,CONTRATACIÓN DIRECTA,Distrito Capital de Bogotá,0,0,2.791881705747794e-05
2414000,1,0,0,CONTRATACIÓN RÉGIMEN ESPECIAL,Magdalena,0,0,3.84305236108804e-05
42750000,289,0,0,CONTRATACIÓN DIRECTA,Bolívar,0,0,3.460185336274386e-05
996730434,115,0,0,CONTRATACIÓN RÉGIMEN ESPECIAL,Caldas,0,0,3.464625932336013e-05
20300000,7,0,0,CONTRATACIÓN DIRECTA,Meta,0,0,6.413244587342905e-05
8690931,6,0,0,CONTRATACIÓN DIRECTA,Nariño,0,0,2.3935632373335663e-05
20900000,318,0,0,CONTRATACIÓN DIRECTA,Valle del Cauca,0,0,4.402505157139164e-05
12435500,30,0,0,CONTRATACIÓN RÉGIMEN ESPECIAL,OTRO,0,0,4.264933492054478e-05
115000000,1,0,0,CONTRATACIÓN RÉGIMEN ESPECIAL,No Definido,0,0,5.012666763173762e-05
42000000,6,0,0,CONTRATACIÓN DIRECTA,Valle del Cauca,0,0,4.402498655171098e-05
1,12,0,0,CONTRATACIÓN RÉGIMEN ESPECIAL,Atlántico,0,0,3.766428612165463e-05
88371200,42,0,0,CONTRATACIÓN RÉGIMEN ESPECIAL,Distrito Capital de Bogotá,0,0,2.8082220799481658e-05
400000000,10,0,0,CONTRATACIÓN RÉGIMEN ESPECIAL,Atlántico,0,0,3.766467288966971e-05
6270000,99,0,0,CONTRATACIÓN DIRECTA,No Definido,0,0,4.983493376815231e-05
75601208,241,0,0,SELECCIÓN ABREVIADA DE MENOR CUANTÍA,Distrito Capital de Bogotá,0,0,0.3903580467074257
20675893,262,0,0,CONTRATACIÓN DIRECTA,Antioquia,0,0,4.254610274179439e-05
21138000,6,0,0,CONTRATACIÓN DIRECTA,Valle del Cauca,0,0,4.402496294377743e-05
14100000,6,0,0,CONTRATACIÓN RÉGIMEN ESPECIAL,Bolívar,0,0,3.48042512530305e-05
16117480,152,0,0,CONTRATACIÓN DIRECTA,OTRO,0,0,4.2401245891926005e-05
9500000,49,0,0,CONTRATACIÓN DIRECTA,Santander,0,0,4.974823110139073e-05
12000000,6,0,0,CONTRATACIÓN DIRECTA,Santander,0,0,4.974822045373916e-05
95163804,12,0,0,CONTRATACIÓN DIRECTA,Distrito Capital de Bogotá,0,0,2.7918840339857415e-05
7200000,80,0,0,CONTRATACIÓN DIRECTA,Valle del Cauca,0,0,4.402496825572053e-05
41210000,317,0,0,CONTRATACIÓN DIRECTA,Cundinamarca,0,0,4.369614081382805e-05
3600000,2,0,0,CONTRATACIÓN DIRECTA,Bolívar,0,0,3.4601754270678715e-05
12000000,52,0,0,CONTRATACIÓN DIRECTA,Antioquia,0,0,4.25460354292025e-05
895767820,283,0,0,LICITACIÓN PÚBLICA,Antioquia,0,1,0.6299778531656064
31458000,200,0,0,CONTRATACIÓN RÉGIMEN ESPECIAL,Boyacá,0,0,5.407239812103772e-05
4700000,26,0,0,CONTRATACIÓN RÉGIMEN ESPECIAL,Distrito Capital de Bogotá,0,0,2.8082157494307617e-05
1800000,360,0,0,CONTRATACIÓN RÉGIMEN ESPECIAL,Magdalena,0,0,3.8430612295102054e-05
6900000,0,0,0,CONTRATACIÓN DIRECTA,Antioquia,0,0,4.2546015533348346e-05
50000000,2,0,1,CONTRATACIÓN RÉGIMEN ESPECIAL (CON OFERTAS),OTRO,1,1,0.9714256189007289
571560,15,0,0,CONTRATACIÓN RÉGIMEN ESPECIAL,Boyacá,0,0,5.4072290452548026e-05
22000000,10,0,0,CONTRATACIÓN DIRECTA,Tolima,0,0,4.4774732611117376e-05
5600000,2,0,0,CONTRATACIÓN DIRECTA,Norte de Santander,0,0,7.300883358520336e-05
8448000,145,0,0,CONTRATACIÓN RÉGIMEN ESPECIAL,OTRO,0,0,4.264936229186694e-05
10080000,126,0,0,CONTRATACIÓN DIRECTA,Antioquia,0,0,4.254605370572367e-05
35000000,45,0,0,CONTRATACIÓN DIRECTA,OTRO,0,0,4.2401237109083245e-05
99000000,11,0,0,CONTRATACIÓN RÉGIMEN ESPECIAL,Distrito Capital de Bogotá,0,0,2.8082222837573135e-05
5831088,110,0,0,CONTRATACIÓN RÉGIMEN ESPECIAL,Magdalena,0,0,3.8430554096920585e-05
51750000,349,0,0,CONTRATACIÓN DIRECTA,OTRO,0,0,4.240133878780229e-05
8000000,75,0,0,CONTRATACIÓN DIRECTA,Norte de Santander,0,0,7.300887258099904e-05
16000000,4,0,0,CONTRATACIÓN DIRECTA,Santander,0,0,4.9748224924720246e-05
1187714832,0,0,7,CONCURSO DE MÉRITOS ABIERTO,Distrito Capital de Bogotá,0,1,0.9999709454544472
1562747,28,0,0,CONTRATACIÓN RÉGIMEN ESPECIAL,Distrito Capital de Bogotá,0,0,2.808215559321272e-05
10920140,154,0,0,CONTRATACIÓN DIRECTA,OTRO,0,0,4.240124077623836e-05
26060214,291,0,0,CONTRATACIÓN DIRECTA,Distrito Capital de Bogotá,0,0,2.7918841161145548e-05
47541989,230,0,0,CONTRATACIÓN DIRECTA,Distrito Capital de Bogotá,0,0,2.7918845555183003e-05
7740000,3,0,0,CONTRATACIÓN DIRECTA,Bolívar,0,0,3.460175817680452e-05
7600000,2,0,0,CONTRATACIÓN DIRECTA,OTRO,0,0,4.24011954461949e-05
1818684,30,1,1,CONTRATACIÓN DIRECTA (CON OFERTAS),Distrito Capital de Bogotá,1,1,0.9790916820943683
16500000,3,0,0,CONTRATACIÓN RÉGIMEN ESPECIAL,OTRO,0,0,4.264933192368895e-05
23604000,168,0,0,CONTRATACIÓN DIRECTA,Distrito Capital de Bogotá,0,0,2.7918817173449614e-05
380880,1,0,0,CONTRATACIÓN RÉGIMEN ESPECIAL,Antioquia,0,0,4.27949825165356e-05
20600000,4,0,0,CONTRATACIÓN DIRECTA,Distrito Capital de Bogotá,0,0,2.7918785384332984e-05
14850000,135,0,0,CONTRATACIÓN DIRECTA,Antioquia,0,0,4.254606140044202e-05
8800000,117,0,0,CONTRATACIÓN RÉGIMEN ESPECIAL,Magdalena,0,0,3.84305587707444e-05
34320000,323,0,0,CONTRATACIÓN DIRECTA,Atlántico,0,0,3.744526907662138e-05
7733333,78,0,0,CONTRATACIÓN RÉGIMEN ESPECIAL,Cundinamarca,0,0,4.395173897821928e-05
3040450,5,0,0,CONTRATACIÓN RÉGIMEN ESPECIAL,No Definido,0,0,5.012652467480467e-05
5994744,30,0,0,CONTRATACIÓN RÉGIMEN ESPECIAL,No Definido,0,0,5.012653659158405e-05
156669896,2,0,1,CONTRATACIÓN RÉGIMEN ESPECIAL (CON OFERTAS),OTRO,1,1,0.9714256950121328
469951997,9,0,0,CONTRATACIÓN RÉGIMEN ESPECIAL,Distrito Capital de Bogotá,0,0,2.8082490243571768e-05
15799688,20,0,0,CONTRATACIÓN RÉGIMEN ESPECIAL,No Definido,0,0,5.012654598064967e-05
6000000,15,0,0,CONTRATACIÓN RÉGIMEN ESPECIAL,No Definido,0,0,5.012653173216603e-05
37080000,8,0,0,CONTRATACIÓN DIRECTA,Distrito Capital de Bogotá,0,0,2.7918797933801074e-05
9000000,150,0,0,CONTRATACIÓN DIRECTA,OTRO,0,0,4.2401237585828774e-05
3000000,3,0,0,CONTRATACIÓN RÉGIMEN ESPECIAL,Cundinamarca,0,0,4.395171229689101e-05
11700000,6,0,0,CONTRATACIÓN DIRECTA,Bolívar,0,0,3.4601762370719284e-05
150000000,120,0,0,CONTRATACIÓN RÉGIMEN ESPECIAL,OTRO,0,0,4.2649510570224064e-05
4500000,3,0,0,CONTRATACIÓN RÉGIMEN ESPECIAL,OTRO,0,0,4.2649318768504944e-05
3808000,61,0,0,CONTRATACIÓN RÉGIMEN ESPECIAL,No Definido,0,0,5.012654383086514e-05
10000000,2,0,0,CONTRATACIÓN DIRECTA,Atlántico,0,0,3.744516787616808e-05
115948000,5,1,0,SELECCIÓN ABREVIADA DE MENOR CUANTÍA,Meta,1,1,0.5952949422330228
43560000,11,0,0,CONTRATACIÓN DIRECTA,OTRO,0,0,4.240123710833091e-05
64480834,85,0,3,MÍNIMA CUANTÍA,Santander,1,1,0.9985162539701959
248800092,2,0,0,SELECCIÓN ABREVIADA DE MENOR CUANTÍA,Caldas,0,0,0.44132935261268247
14625000,225,0,0,CONTRATACIÓN DIRECTA,Antioquia,0,0,4.254608593632653e-05
2372036,30,0,0,CONTRATACIÓN RÉGIMEN ESPECIAL,Antioquia,0,0,4.279499273883539e-05
29400000,8,0,0,CONTRATACIÓN DIRECTA,Distrito Capital de Bogotá,0,0,2.7918792422326527e-05
23376465,45,0,5,MÍNIMA CUANTÍA,Antioquia,1,1,0.9999164766198264
39240000,12,0,1,MÍNIMA CUANTÍA,OTRO,1,1,0.9650039549906214
107152,62,0,0,CONTRATACIÓN RÉGIMEN ESPECIAL,Distrito Capital de Bogotá,0,0,2.808216072194734e-05
438000,1,0,0,CONTRATACIÓN RÉGIMEN ESPECIAL,Antioquia,0,0,4.2794982579368066e-05
12000000,88,0,0,CONTRATACIÓN RÉGIMEN ESPECIAL,Distrito Capital de Bogotá,0,0,2.8082174032126807e-05
22129100,11,0,0,CONTRATACIÓN DIRECTA,Distrito Capital de Bogotá,0,0,2.7918787746512287e-05
55000000,8,0,0,CONTRATACIÓN DIRECTA,Valle del Cauca,0,0,4.402500183267756e-05
16000000,4,0,0,CONTRATACIÓN DIRECTA,Distrito Capital de Bogotá,0,0,2.791878208319075e-05
281376857,2,0,0,SELECCIÓN ABREVIADA DE MENOR CUANTÍA,OTRO,0,0,0.49302243273176094
26172432,120,0,0,CONTRATACIÓN RÉGIMEN ESPECIAL,Distrito Capital de Bogotá,0,0,2.808219007829752e-05
18300000,12,0,0,CONTRATACIÓN RÉGIMEN ESPECIAL,Distrito Capital de Bogotá,0,0,2.808216476684308e-05
28800000,8,0,2,MÍNIMA CUANTÍA,Antioquia,0,1,0.99213787448796
7200000,4,0,0,CONTRATACIÓN DIRECTA,Santander,0,0,4.974821367191911e-05
840794,12,0,0,CONTRATACIÓN RÉGIMEN ESPECIAL,Distrito Capital de Bogotá,0,0,2.8082152164107757e-05
16660000,64,0,0,CONTRATACIÓN DIRECTA,Antioquia,0,0,4.254604382968476e-05
30000000,6,0,0,CONTRATACIÓN DIRECTA,Distrito Capital de Bogotá,0,0,2.7918792491528536e-05
18243170,121,0,0,CONTRATACIÓN DIRECTA,Distrito Capital de Bogotá,0,0,2.7918804833821373e-05
2358185,26,0,0,CONTRATACIÓN DIRECTA,Valle del Cauca,0,0,4.402494739061832e-05
9529560,6,0,0,CONTRATACIÓN DIRECTA,Distrito Capital de Bogotá,0,0,2.7918777801129018e-05
26230000,329,0,0,CONTRATACIÓN DIRECTA,OTRO,0,0,4.2401305485423134e-05
6500000,10,0,0,CONTRATACIÓN RÉGIMEN ESPECIAL,No Definido,0,0,5.0126530754328306e-05
8801580,5,0,0,CONTRATACIÓN RÉGIMEN ESPECIAL,Tolima,0,0,4.503673133396091e-05
28000000,0,0,1,MÍNIMA CUANTÍA,Norte de Santander,1,1,0.9793733969635413
72450000,345,0,0,CONTRATACIÓN DIRECTA,No Definido,0,0,4.9835097883393305e-05
31400667,148,0,0,CONTRATACIÓN DIRECTA,Distrito Capital de Bogotá,0,0,2.7918819154831246e-05
1080000,36,0,0,CONTRATACIÓN RÉGIMEN ESPECIAL,Antioquia,0,0,4.2794992979378895e-05
6771466,67,0,0,CONTRATACIÓN RÉGIMEN ESPECIAL,OTRO,0,0,4.2649338924119324e-05
14061384,6,0,0,CONTRATACIÓN RÉGIMEN ESPECIAL,Valle del Cauca,0,0,4.428258299524419e-05
1855000,30,0,0,CONTRATACIÓN DIRECTA,OTRO,0,0,4.240119686847676e-05
14850000,5,0,0,CONTRATACIÓN DIRECTA,Cundinamarca,0,0,4.369602297427119e-05
149520,1,0,0,CONTRATACIÓN RÉGIMEN ESPECIAL,Distrito Capital de Bogotá,0,0,2.8082149665889348e-05
19168494,5,0,0,CONTRATACIÓN RÉGIMEN ESPECIAL,Distrito Capital de Bogotá,0,0,2.8082164121518144e-05
1498500,0,0,0,CONTRATACIÓN RÉGIMEN ESPECIAL,Antioquia,0,0,4.2794983468962013e-05
61285000,3,0,0,CONTRATACIÓN RÉGIMEN ESPECIAL,OTRO,0,0,4.264938101996766e-05
20000000,5,0,0,CONTRATACIÓN RÉGIMEN ESPECIAL,OTRO,0,0,4.2649336312664835e-05
29431493,344,0,0,CONTRATACIÓN DIRECTA,Distrito Capital de Bogotá,0,0,2.7918853157153756e-05
54314500,323,0,0,CONTRATACIÓN RÉGIMEN ESPECIAL,Atlántico,0,0,3.7664414515437366e-05
49500000,135,0,0,CONTRATACIÓN RÉGIMEN ESPECIAL,OTRO,0,0,4.264940453557718e-05
1863970587,6,0,0,CONTRATACIÓN RÉGIMEN ESPECIAL,Antioquia,0,0,4.2797033916292e-05
351928938,211,0,0,CONTRATACIÓN RÉGIMEN ESPECIAL,No Definido,0,0,5.012704103213813e-05
7968127,55,0,0,CONTRATACIÓN RÉGIMEN ESPECIAL,Distrito Capital de Bogotá,0,0,2.8082165124068546e-05
10988505,15,0,0,CONTRATACIÓN DIRECTA,Santander,0,0,4.974822205799229e-05
5312698,64,0,0,CONTRATACIÓN DIRECTA,Antioquia,0,0,4.2546031420155915e-05
30800000,99,0,0,CONTRATACIÓN RÉGIMEN ESPECIAL,Distrito Capital de Bogotá,0,0,2.8082189601943032e-05
32400000,11,0,0,CONTRATACIÓN DIRECTA,Distrito Capital de Bogotá,0,0,2.791879511731905e-05
22500000,9,0,0,CONTRATACIÓN DIRECTA,Distrito Capital de Bogotá,0,0,2.7918787651302968e-05
12588046,254,0,0,CONTRATACIÓN RÉGIMEN ESPECIAL,Antioquia,0,0,4.279506601696345e-05
22500000,9,0,0,CONTRATACIÓN DIRECTA,Distrito Capital de Bogotá,0,0,2.7918787651302968e-05
4400000,40,0,0,CONTRATACIÓN DIRECTA,OTRO,0,0,4.2401202386415043e-05
1090000000,10,1,1,CONTRATACIÓN DIRECTA (CON OFERTAS),Distrito Capital de Bogotá,1,1,0.9790922520559021
53066520,0,0,0,CONTRATACIÓN DIRECTA,No Definido,0,0,4.9834961782421355e-05
16697009,117,0,0,CONTRATACIÓN DIRECTA,Antioquia,0,0,4.254605846396374e-05
430000000,180,0,0,CONTRATACIÓN DIRECTA,Tolima,0,0,4.477525144142943e-05
4187848,4,0,0,CONTRATACIÓN RÉGIMEN ESPECIAL,Boyacá,0,0,5.4072291629283215e-05
11986000,16,0,0,CONTRATACIÓN RÉGIMEN ESPECIAL,Antioquia,0,0,4.2794999436764614e-05
114000000,0,0,0,MÍNIMA CUANTÍA,Norte de Santander,0,1,0.912363037281134
29210000,10,0,0,CONTRATACIÓN DIRECTA,Antioquia,0,0,4.2546042685340995e-05
8000000,4,0,0,CONTRATACIÓN DIRECTA,OTRO,0,0,4.240119643098475e-05
1388440,43,0,0,CONTRATACIÓN RÉGIMEN ESPECIAL,Bolívar,0,0,3.480424821533105e-05
18207000,1,0,0,CONTRATACIÓN RÉGIMEN ESPECIAL,Cundinamarca,0,0,4.3951728907956434e-05
4369570,6,0,0,MÍNIMA CUANTÍA,Distrito Capital de Bogotá,0,1,0.7992327907224177
37844100,10,0,0,CONTRATACIÓN DIRECTA,Distrito Capital de Bogotá,0,0,2.7918798843531776e-05
999999,10,0,0,CONTRATACIÓN RÉGIMEN ESPECIAL,Distrito Capital de Bogotá,0,0,2.808215191553168e-05
13232074,162,0,0,CONTRATACIÓN RÉGIMEN ESPECIAL,Nariño,0,0,2.4075730393087533e-05
474314759,100,0,21,SELECCIÓN ABREVIADA SUBASTA INVERSA,Bolívar,1,1,0.9999999999999873
18550000,159,0,0,CONTRATACIÓN DIRECTA,Distrito Capital de Bogotá,0,0,2.79188119202751e-05
20000000,20,0,0,CONTRATACIÓN RÉGIMEN ESPECIAL,No Definido,0,0,5.012655139254794e-05
7500000,90,0,0,CONTRATACIÓN DIRECTA,OTRO,0,0,4.240121948594121e-05
22666500,6,0,0,CONTRATACIÓN DIRECTA,Bolívar,0,0,3.460177212450773e-05
25056000,9,0,5,MÍNIMA CUANTÍA,Distrito Capital de Bogotá,1,1,0.9998727206261075
28123699,16,0,0,CONTRATACIÓN RÉGIMEN ESPECIAL,Antioquia,0,0,4.2795017188392114e-05
63000000,0,0,0,CONTRATACIÓN DIRECTA,Distrito Capital de Bogotá,0,0,2.7918815089506834e-05
8853600,183,0,0,CONTRATACIÓN RÉGIMEN ESPECIAL,Antioquia,0,0,4.279504224442578e-05
16966540,3,0,0,CONTRATACIÓN RÉGIMEN ESPECIAL,OTRO,0,0,4.264933243514067e-05
23650000,267,0,0,CONTRATACIÓN DIRECTA,Distrito Capital de Bogotá,0,0,2.7918835094887135e-05
29682234,307,0,0,CONTRATACIÓN DIRECTA,Meta,0,0,6.413258585500263e-05
8027939,0,0,0,CONTRATACIÓN RÉGIMEN ESPECIAL,Magdalena,0,0,3.8430528907770475e-05
29440000,128,0,0,CONTRATACIÓN DIRECTA,Distrito Capital de Bogotá,0,0,2.7918814133955058e-05
42342872,240,0,0,CONTRATACIÓN DIRECTA,OTRO,0,0,4.2401298623480174e-05
7500000,2,0,0,CONTRATACIÓN RÉGIMEN ESPECIAL,No Definido,0,0,5.012652944747811e-05
29926670,9,0,0,CONTRATACIÓN DIRECTA,Distrito Capital de Bogotá,0,0,2.7918792980976902e-05
9600000,2,0,0,CONTRATACIÓN DIRECTA,Boyacá,0,0,5.3757718659834056e-05
60000000,4,0,0,CONTRATACIÓN DIRECTA,Distrito Capital de Bogotá,0,0,2.7918813659349972e-05
16000000,4,0,0,CONTRATACIÓN DIRECTA,OTRO,0,0,4.2401205150086876e-05
7800000,3,0,0,CONTRATACIÓN DIRECTA,OTRO,0,0,4.240119593858982e-05
13384757,99,0,0,CONTRATACIÓN DIRECTA,OTRO,0,0,4.240122836942736e-05
17989020,364,0,0,CONTRATACIÓN DIRECTA,Valle del Cauca,0,0,4.402506138386642e-05
7050729,40,0,0,CONTRATACIÓN DIRECTA,OTRO,0,0,4.2401205275412367e-05
88798875,11,0,0,CONTRATACIÓN DIRECTA,Distrito Capital de Bogotá,0,0,2.791883559143208e-05
26873039046,7,0,0,CONTRATACIÓN RÉGIMEN ESPECIAL,Distrito Capital de Bogotá,0,0,2.8101555351018296e-05
2153900,7,0,0,CONTRATACIÓN RÉGIMEN ESPECIAL,OTRO,0,0,4.2649317300649796e-05
27945000,6,0,0,CONTRATACIÓN DIRECTA,Valle del Cauca,0,0,4.402497064673852e-05
27844550,200,0,0,CONTRATACIÓN DIRECTA,Magdalena,0,0,3.8207014656047306e-05
1910000,30,0,0,CONTRATACIÓN RÉGIMEN ESPECIAL,Boyacá,0,0,5.407229756201845e-05
236245285,0,0,0,CONTRATACIÓN DIRECTA,Antioquia,0,0,4.25462663483739e-05
1800000,1,0,0,CONTRATACIÓN RÉGIMEN ESPECIAL,Magdalena,0,0,3.843052300435354e-05
7200000,4,0,0,CONTRATACIÓN DIRECTA,Santander,0,0,4.974821367191911e-05
155048400,12,0,0,CONTRATACIÓN RÉGIMEN ESPECIAL,Distrito Capital de Bogotá,0,0,2.80822634773635e-05
31302000,333,0,0,CONTRATACIÓN DIRECTA,Distrito Capital de Bogotá,0,0,2.7918852511902183e-05
62379000,255,0,3,MÍNIMA CUANTÍA,OTRO,1,1,0.9982595960910939
8000000,0,0,0,CONTRATACIÓN DIRECTA,OTRO,0,0,4.240119533331526e-05
23100000,11,0,0,CONTRATACIÓN DIRECTA,OTRO,0,0,4.2401214809213924e-05
40000000,10,0,0,CONTRATACIÓN DIRECTA,Norte de Santander,0,0,7.30089019193335e-05
3250000,15,0,0,CONTRATACIÓN DIRECTA,Distrito Capital de Bogotá,0,0,2.7918774920886837e-05
5865000,3,0,0,CONTRATACIÓN DIRECTA,Valle del Cauca,0,0,4.402494480571963e-05
134920200,12,0,0,CONTRATACIÓN DIRECTA,Distrito Capital de Bogotá,0,0,2.7918868870694732e-05
28000000,106,0,0,CONTRATACIÓN RÉGIMEN ESPECIAL,Distrito Capital de Bogotá,0,0,2.8082188853030697e-05
4890000,15,0,0,CONTRATACIÓN RÉGIMEN ESPECIAL,OTRO,0,0,4.2649322508326154e-05
1,1,0,0,CONTRATACIÓN RÉGIMEN ESPECIAL,Caldas,0,0,3.464534612462788e-05
3840000,40,0,0,CONTRATACIÓN DIRECTA,Atlántico,0,0,3.744517115621111e-05
22619520,6,0,0,CONTRATACIÓN DIRECTA,OTRO,0,0,4.2401212913457064e-05
50811860,220,0,0,CONTRATACIÓN DIRECTA,Distrito Capital de Bogotá,0,0,2.7918846094864194e-05
89910000,269,0,0,CONTRATACIÓN RÉGIMEN ESPECIAL,OTRO,0,0,4.2649485822993235e-05
25270000,125,0,0,CONTRATACIÓN DIRECTA,Valle del Cauca,0,0,4.402500152583306e-05
33251142,316,0,0,CONTRATACIÓN DIRECTA,Meta,0,0,6.413259547360184e-05
8000000,172,0,0,CONTRATACIÓN RÉGIMEN ESPECIAL,Boyacá,0,0,5.407235571892743e-05
21700000,210,0,0,CONTRATACIÓN RÉGIMEN ESPECIAL,Boyacá,0,0,5.4072388058171365e-05
14940000,6,0,0,CONTRATACIÓN DIRECTA,Cundinamarca,0,0,4.369602335815337e-05
8800000,0,0,0,CONTRATACIÓN DIRECTA,Boyacá,0,0,5.3757716858584544e-05
17489071,174,0,0,CONTRATACIÓN DIRECTA,Nariño,0,0,2.393566381177056e-05
615490,1,0,0,CONTRATACIÓN RÉGIMEN ESPECIAL,Antioquia,0,0,4.279498277460869e-05
10300000,10,0,0,CONTRATACIÓN RÉGIMEN ESPECIAL,Bolívar,0,0,3.48042487544787e-05
16110534,180,0,0,CONTRATACIÓN DIRECTA,OTRO,0,0,4.2401253568051745e-05
7103104,240,0,0,CONTRATACIÓN RÉGIMEN ESPECIAL,Caldas,0,0,3.464540603974968e-05
4680000,44,0,0,CONTRATACIÓN RÉGIMEN ESPECIAL,Distrito Capital de Bogotá,0,0,2.8082160751339082e-05
16270199,0,0,0,CONTRATACIÓN RÉGIMEN ESPECIAL,Meta,0,0,6.45077230453503e-05
69300000,315,0,0,CONTRATACIÓN DIRECTA,Distrito Capital de Bogotá,0,0,2.7918876528405772e-05
13332000,2,0,0,CONTRATACIÓN DIRECTA,Meta,0,0,6.413243231187423e-05
1600000000,0,0,0,CONTRATACIÓN RÉGIMEN ESPECIAL,Antioquia,0,0,4.279674187142957e-05
18000000,12,0,0,CONTRATACIÓN RÉGIMEN ESPECIAL,Caldas,0,0,3.464536462075733e-05
41654950,120,0,0,CONTRATACIÓN RÉGIMEN ESPECIAL,Distrito Capital de Bogotá,0,0,2.808220125419723e-05
18969167,325,0,0,CONTRATACIÓN DIRECTA,Distrito Capital de Bogotá,0,0,2.7918842215821982e-05
5479300,15,0,0,CONTRATACIÓN DIRECTA,Distrito Capital de Bogotá,0,0,2.791877652072037e-05
10500000,105,0,0,CONTRATACIÓN RÉGIMEN ESPECIAL,OTRO,0,0,4.264935350046966e-05
2500000,20,0,4,MÍNIMA CUANTÍA,Santander,1,1,0.9996742963363702
41602400,1,0,2,MÍNIMA CUANTÍA,Cundinamarca,0,1,0.9923432174638722
12450000,0,0,0,CONTRATACIÓN DIRECTA,Distrito Capital de Bogotá,0,0,2.7918778812806908e-05
11040000,69,0,0,CONTRATACIÓN DIRECTA,Norte de Santander,0,0,7.300887545082673e-05
5516800,101,0,0,CONTRATACIÓN RÉGIMEN ESPECIAL,No Definido,0,0,5.012655900908261e-05
112700000,75,0,0,CONTRATACIÓN RÉGIMEN ESPECIAL,No Definido,0,0,5.012668867489839e-05
5354100,45,0,0,CONTRATACIÓN RÉGIMEN ESPECIAL,Cundinamarca,0,0,4.395172690338956e-05
6832440,60,0,0,CONTRATACIÓN RÉGIMEN ESPECIAL,No Definido,0,0,5.0126547403296304e-05
17600000,4,0,0,CONTRATACIÓN DIRECTA,Norte de Santander,0,0,7.300885704908397e-05
538893158,0,0,10,SELECCIÓN ABREVIADA SUBASTA INVERSA,Distrito Capital de Bogotá,1,1,0.9999997234104182
31424400,261,0,0,CONTRATACIÓN DIRECTA,Nariño,0,0,2.393568586300419e-05
528000,5,0,0,CONTRATACIÓN RÉGIMEN ESPECIAL,OTRO,0,0,4.264931496618613e-05
7600000,121,0,0,CONTRATACIÓN DIRECTA,Nariño,0,0,2.3935649517074474e-05
1457500,15,0,0,CONTRATACIÓN RÉGIMEN ESPECIAL,Cundinamarca,0,0,4.395171396768719e-05
700000,3,0,0,CONTRATACIÓN RÉGIMEN ESPECIAL,No Definido,0,0,5.012652101042474e-05
22731832,4,0,0,CONTRATACIÓN DIRECTA,Distrito Capital de Bogotá,0,0,2.791878691422024e-05
799398115,94,0,0,LICITACIÓN PÚBLICA,Cundinamarca,0,1,0.6361725002044847
62000000,5,0,0,CONTRATACIÓN DIRECTA,No Definido,0,0,4.983497483845484e-05
14880000,2,0,0,CONTRATACIÓN RÉGIMEN ESPECIAL,Cundinamarca,0,0,4.395172543375992e-05
27500000,5,0,0,CONTRATACIÓN DIRECTA,Atlántico,0,0,3.744518544698454e-05
17170000,110,0,0,CONTRATACIÓN DIRECTA,Distrito Capital de Bogotá,0,0,2.7918802076070253e-05
9000000,167,0,0,CONTRATACIÓN DIRECTA,Valle del Cauca,0,0,4.402499508119913e-05
5437208,48,0,0,CONTRATACIÓN RÉGIMEN ESPECIAL,Nariño,0,0,2.407570780579564e-05
770292935,20,205,1,CONTRATACIÓN DIRECTA (CON OFERTAS),Distrito Capital de Bogotá,1,1,0.9791734446132778
24686667,320,0,0,CONTRATACIÓN DIRECTA,Distrito Capital de Bogotá,0,0,2.7918845415478898e-05
16380000,6,0,0,CONTRATACIÓN DIRECTA,Antioquia,0,0,4.254602755289996e-05
25000000,300,0,0,CONTRATACIÓN DIRECTA,Tolima,0,0,4.477482009951675e-05
16800000,3,0,0,CONTRATACIÓN DIRECTA,Distrito Capital de Bogotá,0,0,2.7918782476611553e-05
5020000,6,0,0,CONTRATACIÓN RÉGIMEN ESPECIAL,Tolima,0,0,4.50367272477686e-05
35000000,7,0,0,CONTRATACIÓN DIRECTA,Meta,0,0,6.413247010543706e-05
6710000,3,0,0,CONTRATACIÓN DIRECTA,OTRO,0,0,4.24011947506123e-05
70200000,11,0,0,CONTRATACIÓN DIRECTA,Distrito Capital de Bogotá,0,0,2.7918822244120887e-05
806330548,7,0,126,CONCURSO DE MÉRITOS ABIERTO,Distrito Capital de Bogotá,1,1,1.0
24696672,330,0,0,CONTRATACIÓN DIRECTA,Antioquia,0,0,4.254612586312418e-05
9989923,55,0,0,CONTRATACIÓN RÉGIMEN ESPECIAL,No Definido,0,0,5.012654984949611e-05
31144386,0,0,0,CONTRATACIÓN DIRECTA,Atlántico,0,0,3.744518774299623e-05
8500000,12,0,0,CONTRATACIÓN RÉGIMEN ESPECIAL,Nariño,0,0,2.407570409174238e-05
5000000,60,0,0,CONTRATACIÓN DIRECTA,No Definido,0,0,4.9834919562842834e-05
25500000,6,0,0,CONTRATACIÓN DIRECTA,Tolima,0,0,4.477473548013677e-05
33000000,165,0,0,CONTRATACIÓN DIRECTA,Distrito Capital de Bogotá,0,0,2.7918823374326886e-05
1350000,7,0,0,CONTRATACIÓN RÉGIMEN ESPECIAL,Boyacá,0,0,5.4072288734894426e-05
4950000,0,0,0,CONTRATACIÓN DIRECTA,Magdalena,0,0,3.820694271695243e-05
72225000,9,0,0,CONTRATACIÓN DIRECTA,Distrito Capital de Bogotá,0,0,2.7918823335960864e-05
87500000,6,0,0,SELECCIÓN ABREVIADA DE MENOR CUANTÍA,Distrito Capital de Bogotá,0,0,0.3903577575383428
25833333,124,0,0,CONTRATACIÓN DIRECTA,Distrito Capital de Bogotá,0,0,2.7918810822900916e-05
51003091,332,0,0,CONTRATACIÓN DIRECTA,Distrito Capital de Bogotá,0,0,2.7918866469532645e-05
15800454,6,0,0,CONTRATACIÓN RÉGIMEN ESPECIAL,Distrito Capital de Bogotá,0,0,2.8082161872083493e-05
22800000,120,0,0,CONTRATACIÓN DIRECTA,Cundinamarca,0,0,4.36960644251397e-05
2130933,29,0,0,CONTRATACIÓN RÉGIMEN ESPECIAL,Antioquia,0,0,4.2794992196653936e-05
58143600,12,0,0,CONTRATACIÓN DIRECTA,Distrito Capital de Bogotá,0,0,2.791881377265108e-05
61952000,330,0,0,CONTRATACIÓN DIRECTA,Antioquia,0,0,4.2546166606046866e-05
4500000,1,0,0,CONTRATACIÓN RÉGIMEN ESPECIAL,Santander,0,0,5.003932734430474e-05
47106266,3,0,0,CONTRATACIÓN RÉGIMEN ESPECIAL,Antioquia,0,0,4.279503446885177e-05
85850000,337,0,0,CONTRATACIÓN DIRECTA,Distrito Capital de Bogotá,0,0,2.79188923805984e-05
4255000,8,0,0,CONTRATACIÓN RÉGIMEN ESPECIAL,Distrito Capital de Bogotá,0,0,2.8082153901621414e-05
881700,30,0,0,CONTRATACIÓN RÉGIMEN ESPECIAL,Antioquia,0,0,4.279499109945174e-05
22185080,150,0,0,CONTRATACIÓN DIRECTA,Distrito Capital de Bogotá,0,0,2.7918812902735437e-05
11838750,205,0,0,CONTRATACIÓN DIRECTA,Norte de Santander,0,0,7.300894120888943e-05
33600000,0,0,0,CONTRATACIÓN DIRECTA,Bolívar,0,0,3.460178050529688e-05
336582462,6,0,0,CONTRATACIÓN RÉGIMEN ESPECIAL,OTRO,0,0,4.264968364856959e-05
54000000,12,0,0,SELECCIÓN ABREVIADA DE MENOR CUANTÍA,OTRO,0,0,0.49302098799829885
22000000,8,0,0,CONTRATACIÓN DIRECTA,Valle del Cauca,0,0,4.402496448908843e-05
29384500,255,0,0,CONTRATACIÓN DIRECTA,Distrito Capital de Bogotá,0,0,2.7918837041904413e-05
10800000,6,0,0,CONTRATACIÓN DIRECTA,Valle del Cauca,0,0,4.402495124505633e-05
11666666,50,0,0,CONTRATACIÓN RÉGIMEN ESPECIAL,Caldas,0,0,3.46453675011972e-05
36000000,8,0,0,CONTRATACIÓN DIRECTA,Distrito Capital de Bogotá,0,0,2.791879715874991e-05
5700000,3,0,0,CONTRATACIÓN RÉGIMEN ESPECIAL,Cundinamarca,0,0,4.395171534719077e-05
35868312,12,0,0,CONTRATACIÓN DIRECTA,Distrito Capital de Bogotá,0,0,2.7918797787009265e-05
17000000,3,0,0,CONTRATACIÓN RÉGIMEN ESPECIAL,Norte de Santander,0,0,7.343608090515285e-05
5440000,51,0,0,CONTRATACIÓN DIRECTA,Santander,0,0,4.974822655368539e-05
2302888,1,0,0,CONTRATACIÓN RÉGIMEN ESPECIAL,No Definido,0,0,5.0126522426841825e-05
2117358,17,0,0,CONTRATACIÓN RÉGIMEN ESPECIAL,Distrito Capital de Bogotá,0,0,2.8082153994322204e-05
308363630,9,0,1,CONCURSO DE MÉRITOS ABIERTO,Cundinamarca,1,1,0.8568373558504511
18352000,4,0,0,CONTRATACIÓN DIRECTA,Cundinamarca,0,0,4.3696026624810954e-05
11000000,5,0,0,CONTRATACIÓN DIRECTA,OTRO,0,0,4.240119997506524e-05
11689000,2,0,0,CONTRATACIÓN RÉGIMEN ESPECIAL,OTRO,0,0,4.264932637353273e-05
30000000,14,0,0,CONTRATACIÓN RÉGIMEN ESPECIAL,Tolima,0,0,4.503675849713394e-05
5280000,88,0,0,CONTRATACIÓN DIRECTA,Antioquia,0,0,4.254603799291018e-05
21322625,215,0,0,CONTRATACIÓN DIRECTA,Distrito Capital de Bogotá,0,0,2.791882402872575e-05
2500000,1,0,0,CONTRATACIÓN DIRECTA,Cundinamarca,0,0,4.36960079719529e-05
24996000,2,0,0,CONTRATACIÓN RÉGIMEN ESPECIAL,Nariño,0,0,2.4075712742225237e-05
24000000,180,0,0,MÍNIMA CUANTÍA,No Definido,0,1,0.8766352871908751
7564500,68,0,0,CONTRATACIÓN DIRECTA,OTRO,0,0,4.2401213519053996e-05
1437870,30,0,0,CONTRATACIÓN DIRECTA,OTRO,0,0,4.2401196413851976e-05
1500000,55,0,0,CONTRATACIÓN RÉGIMEN ESPECIAL,No Definido,0,0,5.0126538910643156e-05
450000000,0,0,0,SELECCIÓN ABREVIADA DE MENOR CUANTÍA,Atlántico,0,0,0.4620203837113156
2300000,16,0,0,CONTRATACIÓN RÉGIMEN ESPECIAL,Boyacá,0,0,5.407229320479799e-05
75000000,4,0,5,MÍNIMA CUANTÍA,Distrito Capital de Bogotá,1,1,0.9998727207853725
225328394,6,0,0,CONTRATACIÓN RÉGIMEN ESPECIAL,Cundinamarca,0,0,4.3951964324389004e-05
6792850,60,0,0,CONTRATACIÓN RÉGIMEN ESPECIAL,Norte de Santander,0,0,7.34360887283055e-05
85648540,120,0,0,SELECCIÓN ABREVIADA DE MENOR CUANTÍA,Distrito Capital de Bogotá,0,0,0.3903579218003314
78840000,22,0,0,CONTRATACIÓN DIRECTA,Distrito Capital de Bogotá,0,0,2.7918830432139597e-05
40000000,1,0,0,MÍNIMA CUANTÍA,Cundinamarca,0,1,0.8616998043089451
43200000,272,0,0,CONTRATACIÓN RÉGIMEN ESPECIAL,Distrito Capital de Bogotá,0,0,2.8082229995264353e-05
10000000,31,0,0,CONTRATACIÓN DIRECTA,Valle del Cauca,0,0,4.402495746290158e-05
14699999,33,0,0,CONTRATACIÓN RÉGIMEN ESPECIAL,Distrito Capital de Bogotá,0,0,2.8082165984935235e-05
62535719,1,0,0,CONTRATACIÓN DIRECTA,Distrito Capital de Bogotá,0,0,2.791881493701112e-05
31824333,161,0,0,CONTRATACIÓN DIRECTA,Distrito Capital de Bogotá,0,0,2.7918821807855893e-05
2482487,10,0,0,CONTRATACIÓN RÉGIMEN ESPECIAL,OTRO,0,0,4.264931848893763e-05
150000000,15,1,1,SELECCIÓN ABREVIADA DE MENOR CUANTÍA,OTRO,1,1,0.8160186115391872
7200000,4,0,0,CONTRATACIÓN DIRECTA,Bolívar,0,0,3.460175792046133e-05
969000,30,0,0,CONTRATACIÓN RÉGIMEN ESPECIAL,Antioquia,0,0,4.279499119548258e-05
259142400,6,6,2,SELECCIÓN ABREVIADA DE MENOR CUANTÍA,Distrito Capital de Bogotá,1,1,0.9301703935574519
862330600,5,0,0,LICITACIÓN PÚBLICA,Meta,0,1,0.719605286521254
12510000,180,0,0,CONTRATACIÓN DIRECTA,Distrito Capital de Bogotá,0,0,2.791881138024009e-05
61200000,715,0,0,CONTRATACIÓN RÉGIMEN ESPECIAL,Bolívar,0,0,3.4804453094103436e-05
99120000,355,0,0,CONTRATACIÓN DIRECTA,Distrito Capital de Bogotá,0,0,2.791890515616498e-05
8800000,4,0,0,CONTRATACIÓN DIRECTA,Cundinamarca,0,0,4.369601589630444e-05
3207050,49,0,0,CONTRATACIÓN RÉGIMEN ESPECIAL,Antioquia,0,0,4.27949989197109e-05
20000000,4,0,0,CONTRATACIÓN RÉGIMEN ESPECIAL,Santander,0,0,5.003934825210385e-05
28800000,114,0,0,CONTRATACIÓN DIRECTA,Valle del Cauca,0,0,4.402500238628052e-05
6880000000,101,0,0,CONTRATACIÓN DIRECTA,Distrito Capital de Bogotá,0,0,2.7923725925924095e-05
52506781,0,0,12,MÍNIMA CUANTÍA,Distrito Capital de Bogotá,1,1,0.9999999968988362
18620000,7,0,0,CONTRATACIÓN DIRECTA,Distrito Capital de Bogotá,0,0,2.7918784505479207e-05
23100000,6,0,0,CONTRATACIÓN DIRECTA,Valle del Cauca,0,0,4.4024965164022594e-05
6000000,3,0,0,CONTRATACIÓN DIRECTA,OTRO,0,0,4.240119397679211e-05
10780000,147,0,0,CONTRATACIÓN DIRECTA,Santander,0,0,4.9748264290690954e-05
11577510,0,0,0,CONTRATACIÓN RÉGIMEN ESPECIAL,Antioquia,0,0,4.279499455596707e-05
2533632,4,0,0,CONTRATACIÓN RÉGIMEN ESPECIAL,Distrito Capital de Bogotá,0,0,2.8082151932078358e-05
36000000,8,0,0,CONTRATACIÓN DIRECTA,Distrito Capital de Bogotá,0,0,2.791879715874991e-05
2200000,11,0,0,CONTRATACIÓN DIRECTA,Antioquia,0,0,4.2546013422282155e-05
5270000,2,0,0,CONTRATACIÓN DIRECTA,Atlántico,0,0,3.7445163323534775e-05
32760000,288,0,0,CONTRATACIÓN DIRECTA,Distrito Capital de Bogotá,0,0,2.7918845427113834e-05
52000000,8,0,0,CONTRATACIÓN DIRECTA,Distrito Capital de Bogotá,0,0,2.7918808640991688e-05
6494000,4,0,0,CONTRATACIÓN RÉGIMEN ESPECIAL,Nariño,0,0,2.407570160376249e-05
48478020,6,0,2,MÍNIMA CUANTÍA,Cundinamarca,0,1,0.9923432190526512
10544800,98,0,0,CONTRATACIÓN DIRECTA,Distrito Capital de Bogotá,0,0,2.7918795153269793e-05
47848300,297,0,0,CONTRATACIÓN DIRECTA,Distrito Capital de Bogotá,0,0,2.7918857881324074e-05
15032456,144,0,0,CONTRATACIÓN DIRECTA,Antioquia,0,0,4.254606407817206e-05
46670000,359,0,0,CONTRATACIÓN DIRECTA,Distrito Capital de Bogotá,0,0,2.7918868238594382e-05
109185958,288,0,0,CONTRATACIÓN RÉGIMEN ESPECIAL,Distrito Capital de Bogotá,0,0,2.8082280534646487e-05
28930000,132,0,0,CONTRATACIÓN RÉGIMEN ESPECIAL,Distrito Capital de Bogotá,0,0,2.808219424980136e-05
53967600,275,0,0,CONTRATACIÓN RÉGIMEN ESPECIAL,Antioquia,0,0,4.2795117351265335e-05
15000000,5,0,0,CONTRATACIÓN DIRECTA,Atlántico,0,0,3.7445173415708136e-05
20389950,105,0,0,CONTRATACIÓN DIRECTA,Distrito Capital de Bogotá,0,0,2.791880348338041e-05
10120000,117,0,0,CONTRATACIÓN DIRECTA,Valle del Cauca,0,0,4.402498210231944e-05
12000000,3,0,0,CONTRATACIÓN DIRECTA,Santander,0,0,4.9748219487845934e-05
11946948,3,0,0,CONTRATACIÓN DIRECTA,OTRO,0,0,4.240120045829743e-05
502080,8,0,0,CONTRATACIÓN RÉGIMEN ESPECIAL,Bolívar,0,0,3.480423953854854e-05
2500000,36,0,0,CONTRATACIÓN RÉGIMEN ESPECIAL,Nariño,0,0,2.4075704118254356e-05
44000000,7,0,0,CONTRATACIÓN DIRECTA,Distrito Capital de Bogotá,0,0,2.7918802719179212e-05
16100000,210,0,0,CONTRATACIÓN DIRECTA,Tolima,0,0,4.47747837764746e-05
89143026,0,0,0,CONTRATACIÓN DIRECTA,Distrito Capital de Bogotá,0,0,2.7918833850805437e-05
18000000,300,0,0,CONTRATACIÓN DIRECTA,Valle del Cauca,0,0,4.402504316100316e-05
12000000,4,0,0,CONTRATACIÓN DIRECTA,OTRO,0,0,4.240120079053555e-05
89879329,146,0,0,CONTRATACIÓN RÉGIMEN ESPECIAL,Cundinamarca,0,0,4.395185112481913e-05
16000000,0,0,0,CONTRATACIÓN DIRECTA,Meta,0,0,6.413243587979706e-05
10674924,4,0,0,CONTRATACIÓN RÉGIMEN ESPECIAL,Antioquia,0,0,4.2794994670977505e-05
433333,15,0,0,CONTRATACIÓN RÉGIMEN ESPECIAL,Antioquia,0,0,4.279498645175597e-05
11132000,4,0,0,CONTRATACIÓN DIRECTA,Caldas,0,0,3.444379435962587e-05
5000000,2,0,0,CONTRATACIÓN RÉGIMEN ESPECIAL,OTRO,0,0,4.264931904061442e-05
6809942,179,0,0,CONTRATACIÓN DIRECTA,Antioquia,0,0,4.254606472336035e-05
29887000,165,0,0,CONTRATACIÓN DIRECTA,Distrito Capital de Bogotá,0,0,2.791882114031168e-05
2082500,0,0,0,CONTRATACIÓN RÉGIMEN ESPECIAL,Antioquia,0,0,4.279498411136737e-05
14000000,80,0,0,CONTRATACIÓN DIRECTA,Distrito Capital de Bogotá,0,0,2.7918794380421702e-05
11000000,30,0,0,CONTRATACIÓN RÉGIMEN ESPECIAL,Santander,0,0,5.003934509627171e-05
41567470,60,0,3,MÍNIMA CUANTÍA,Antioquia,1,1,0.9982655070756191
35833000,365,0,0,CONTRATACIÓN DIRECTA,Distrito Capital de Bogotá,0,0,2.791886154565976e-05
1423290,1,0,0,CONTRATACIÓN RÉGIMEN ESPECIAL,OTRO,0,0,4.264931484356884e-05
31600000,8,0,0,CONTRATACIÓN DIRECTA,Distrito Capital de Bogotá,0,0,2.791879400113425e-05
18480000,0,0,0,CONTRATACIÓN DIRECTA,Valle del Cauca,0,0,4.4024958226367866e-05
2996492,15,0,0,CONTRATACIÓN RÉGIMEN ESPECIAL,Nariño,0,0,2.407570115331301e-05
56856000,352,0,0,CONTRATACIÓN DIRECTA,Distrito Capital de Bogotá,0,0,2.791887428365419e-05
185000000,2,0,2,CONTRATACIÓN RÉGIMEN ESPECIAL (CON OFERTAS),Distrito Capital de Bogotá,1,1,0.9902998307614455
52109064,7,0,0,CONTRATACIÓN RÉGIMEN ESPECIAL,Valle del Cauca,0,0,4.428262658944012e-05
125000000,306,0,0,SELECCIÓN ABREVIADA DE MENOR CUANTÍA,Distrito Capital de Bogotá,0,0,0.3903584490108414
3960000,43,0,0,CONTRATACIÓN DIRECTA,Atlántico,0,0,3.7445171998742016e-05
3153500,60,0,0,CONTRATACIÓN RÉGIMEN ESPECIAL,Santander,0,0,5.003934471947679e-05
9900000,159,0,0,CONTRATACIÓN DIRECTA,Valle del Cauca,0,0,4.402499382025279e-05
26304000,3,0,0,CONTRATACIÓN DIRECTA,Distrito Capital de Bogotá,0,0,2.7918789297059e-05
12220000,5,0,0,CONTRATACIÓN DIRECTA,Distrito Capital de Bogotá,0,0,2.7918779551204167e-05
8843764,35,0,0,CONTRATACIÓN RÉGIMEN ESPECIAL,Bolívar,0,0,3.4804253083004526e-05
23761288,8,0,0,CONTRATACIÓN RÉGIMEN ESPECIAL,OTRO,0,0,4.2649341264105555e-05
14845707,91,0,0,CONTRATACIÓN DIRECTA,Antioquia,0,0,4.254604928013385e-05
41680419,10,0,0,SELECCIÓN ABREVIADA SUBASTA INVERSA,Norte de Santander,0,1,0.7082831090195931
9800000,2,0,0,CONTRATACIÓN DIRECTA,Antioquia,0,0,4.2546019255526565e-05
2500000,92,0,0,CONTRATACIÓN RÉGIMEN ESPECIAL,OTRO,0,0,4.264934114203939e-05
3968650,1,0,0,CONTRATACIÓN RÉGIMEN ESPECIAL,Atlántico,0,0,3.7664287282460655e-05
1560000,1,0,0,CONTRATACIÓN RÉGIMEN ESPECIAL,Antioquia,0,0,4.279498381357839e-05
5385000,1,0,0,CONTRATACIÓN RÉGIMEN ESPECIAL,Antioquia,0,0,4.2794988021113814e-05
19764564,6,0,0,CONTRATACIÓN RÉGIMEN ESPECIAL,Antioquia,0,0,4.2795005223600794e-05
28000000,7,0,0,CONTRATACIÓN DIRECTA,OTRO,0,0,4.2401219051995993e-05
11200000,4,0,0,CONTRATACIÓN DIRECTA,Norte de Santander,0,0,7.300884503900632e-05
1700000,9,0,0,CONTRATACIÓN RÉGIMEN ESPECIAL,Cundinamarca,0,0,4.395171253493872e-05
11500000,0,0,0,CONTRATACIÓN DIRECTA,Nariño,0,0,2.3935633172160048e-05
144884598,315,0,0,CONTRATACIÓN DIRECTA,Antioquia,0,0,4.2546253172038e-05
13305600,0,0,0,CONTRATACIÓN DIRECTA,Boyacá,0,0,5.375772308434152e-05
19970000,5,0,0,CONTRATACIÓN RÉGIMEN ESPECIAL,Cundinamarca,0,0,4.395173203749745e-05
24000000,4,0,0,CONTRATACIÓN RÉGIMEN ESPECIAL,OTRO,0,0,4.264934042170424e-05
31581000,330,0,0,CONTRATACIÓN DIRECTA,Antioquia,0,0,4.254613339191396e-05
511800,1,0,0,CONTRATACIÓN RÉGIMEN ESPECIAL,Distrito Capital de Bogotá,0,0,2.8082149927397103e-05
7600000,120,0,0,CONTRATACIÓN DIRECTA,Antioquia,0,0,4.254604934143973e-05
15496070,1,0,0,CONTRATACIÓN DIRECTA,Antioquia,0,0,4.254602520945173e-05
35404353,270,0,0,CONTRATACIÓN DIRECTA,Distrito Capital de Bogotá,0,0,2.7918844072367173e-05
6000000,1,0,0,CONTRATACIÓN DIRECTA,Distrito Capital de Bogotá,0,0,2.791877436472338e-05
120506200,19,991,1,CONTRATACIÓN DIRECTA (CON OFERTAS),OTRO,1,1,0.9863960434035688
4950000,3,0,0,CONTRATACIÓN RÉGIMEN ESPECIAL,Santander,0,0,5.00393285707957e-05
459000000,2,0,0,CONTRATACIÓN RÉGIMEN ESPECIAL,Valle del Cauca,0,0,4.428308830090939e-05
57770000,10,0,0,CONTRATACIÓN DIRECTA,Distrito Capital de Bogotá,0,0,2.79188131431585e-05
861300000,5,0,0,CONTRATACIÓN DIRECTA,Cundinamarca,0,0,4.369697369071379e-05
490000,30,0,0,CONTRATACIÓN RÉGIMEN ESPECIAL,No Definido,0,0,5.012652949899068e-05
5333334,3,0,0,CONTRATACIÓN RÉGIMEN ESPECIAL,Antioquia,0,0,4.279498851821245e-05
684000000,4,0,0,SELECCIÓN ABREVIADA DE MENOR CUANTÍA,OTRO,0,0,0.4930250228468974
40010095,5,0,0,CONTRATACIÓN DIRECTA,Distrito Capital de Bogotá,0,0,2.791879949448146e-05
44223552,6,0,0,CONTRATACIÓN DIRECTA,Distrito Capital de Bogotá,0,0,2.791880269891805e-05
46190111000,1,0,0,CONTRATACIÓN RÉGIMEN ESPECIAL,Antioquia,0,0,4.284582181582745e-05
10640000,76,0,0,CONTRATACIÓN DIRECTA,Tolima,0,0,4.477473866230416e-05
15200000,3,0,0,CONTRATACIÓN DIRECTA,OTRO,0,0,4.2401204003759194e-05
4800000,3,0,0,CONTRATACIÓN RÉGIMEN ESPECIAL,No Definido,0,0,5.012652629307318e-05
11500000,15,0,1,MÍNIMA CUANTÍA,Valle del Cauca,1,1,0.9662511666192756
7744150,15,0,0,CONTRATACIÓN RÉGIMEN ESPECIAL,Antioquia,0,0,4.2794994493723175e-05
6400000,4,0,0,CONTRATACIÓN DIRECTA,No Definido,0,0,4.983490329475704e-05
33000000,10,0,0,CONTRATACIÓN RÉGIMEN ESPECIAL,Antioquia,0,0,4.279502089057616e-05
10599940,15,0,0,CONTRATACIÓN RÉGIMEN ESPECIAL,Valle del Cauca,0,0,4.428258163461011e-05
1837281140,181,0,0,CONTRATACIÓN RÉGIMEN ESPECIAL,Distrito Capital de Bogotá,0,0,2.8083508526224394e-05
100000000,4,0,0,CONCURSO DE MÉRITOS ABIERTO,Distrito Capital de Bogotá,0,0,0.45606106412786285
7200000,90,0,0,CONTRATACIÓN DIRECTA,OTRO,0,0,4.2401219158974805e-05
94715610,345,0,0,CONTRATACIÓN DIRECTA,Distrito Capital de Bogotá,0,0,2.7918900188470063e-05
252583800,0,0,0,CONTRATACIÓN DIRECTA,Boyacá,0,0,5.375805371568717e-05
4188439,365,0,0,CONTRATACIÓN RÉGIMEN ESPECIAL,Meta,0,0,6.450785539312447e-05
6218848,30,0,1,MÍNIMA CUANTÍA,OTRO,1,1,0.9650039302592738
10569000,73,0,0,CONTRATACIÓN DIRECTA,Valle del Cauca,0,0,4.4024970073679334e-05
358500,2,0,0,CONTRATACIÓN RÉGIMEN ESPECIAL,Caldas,0,0,3.4645346668108267e-05
5231000,0,0,0,CONTRATACIÓN DIRECTA,Valle del Cauca,0,0,4.40249432334937e-05
23800000,254,0,0,CONTRATACIÓN DIRECTA,Caldas,0,0,3.4443861305243024e-05
1746000,1,0,0,CONTRATACIÓN DIRECTA,OTRO,0,0,4.240118879157587e-05
38500000,166,0,0,CONTRATACIÓN DIRECTA,Distrito Capital de Bogotá,0,0,2.7918827502041847e-05
7666667,100,0,0,CONTRATACIÓN DIRECTA,OTRO,0,0,4.2401222411764945e-05
47413793,50,10,2,SELECCIÓN ABREVIADA DE MENOR CUANTÍA,OTRO,1,1,0.9529016729630115
5200000,0,0,0,CONTRATACIÓN DIRECTA,Distrito Capital de Bogotá,0,0,2.7918773609921077e-05
102105552,12,10,6,SELECCIÓN ABREVIADA DE MENOR CUANTÍA,Antioquia,1,1,0.9998861686652515
25000000,18,1,1,CONTRATACIÓN DIRECTA (CON OFERTAS),Antioquia,1,1,0.9861807918898251
13000000,2,0,0,CONTRATACIÓN RÉGIMEN ESPECIAL,OTRO,0,0,4.2649327810736676e-05
3000000,18,0,0,CONTRATACIÓN DIRECTA,Caldas,0,0,3.444379028078101e-05
12000000,270,0,0,CONTRATACIÓN RÉGIMEN ESPECIAL,No Definido,0,0,5.012662218818197e-05
13020000,7,0,0,CONTRATACIÓN DIRECTA,Cundinamarca,0,0,4.3696021484466675e-05
3509796,1,0,0,CONTRATACIÓN DIRECTA,Antioquia,0,0,4.254601210114229e-05
1792735,30,0,0,CONTRATACIÓN RÉGIMEN ESPECIAL,Distrito Capital de Bogotá,0,0,2.808215612272345e-05
54479152,4,0,0,CONTRATACIÓN RÉGIMEN ESPECIAL,Cundinamarca,0,0,4.395177073947129e-05
8729286,26,0,0,CONTRATACIÓN RÉGIMEN ESPECIAL,Antioquia,0,0,4.279499862400717e-05
7000000,58,0,0,CONTRATACIÓN RÉGIMEN ESPECIAL,Cundinamarca,0,0,4.395173246070467e-05
176382618,15,0,0,CONTRATACIÓN DIRECTA,Nariño,0,0,2.3935736941257082e-05
33000000,160,0,0,CONTRATACIÓN DIRECTA,Antioquia,0,0,4.254608813336471e-05
18190000,2,0,0,CONTRATACIÓN DIRECTA,Distrito Capital de Bogotá,0,0,2.7918783293439685e-05
12810000,5,0,0,CONTRATACIÓN DIRECTA,Distrito Capital de Bogotá,0,0,2.7918779974611485e-05
68761056,310,0,0,CONTRATACIÓN RÉGIMEN ESPECIAL,Distrito Capital de Bogotá,0,0,2.8082255352739658e-05
9000000,50,0,0,CONTRATACIÓN DIRECTA,Valle del Cauca,0,0,4.4024961744868156e-05
25762650,297,0,0,CONTRATACIÓN DIRECTA,Distrito Capital de Bogotá,0,0,2.7918842031749024e-05
23358790,7,0,0,CONTRATACIÓN DIRECTA,Caldas,0,0,3.4443805853451225e-05
4200000,0,0,0,CONTRATACIÓN RÉGIMEN ESPECIAL,Magdalena,0,0,3.843052512642208e-05
30000000,6,0,0,CONTRATACIÓN DIRECTA,Distrito Capital de Bogotá,0,0,2.7918792491528536e-05
15000000,5,0,0,CONTRATACIÓN DIRECTA,OTRO,0,0,4.240120433461641e-05
2421892,60,0,0,CONTRATACIÓN RÉGIMEN ESPECIAL,Antioquia,0,0,4.279500110265473e-05
26280000,4,0,0,CONTRATACIÓN DIRECTA,Distrito Capital de Bogotá,0,0,2.7918789460526587e-05
10000000,18,0,0,CONTRATACIÓN RÉGIMEN ESPECIAL,No Definido,0,0,5.0126537859208575e-05
1799240950,3,0,0,CONTRATACIÓN RÉGIMEN ESPECIAL,Distrito Capital de Bogotá,0,0,2.8083448713335682e-05
5250000,22,0,0,CONTRATACIÓN RÉGIMEN ESPECIAL,Tolima,0,0,4.503673217760053e-05
6020518,3,0,0,CONTRATACIÓN RÉGIMEN ESPECIAL,Bolívar,0,0,3.480424334919837e-05
28000000,210,0,0,CONTRATACIÓN DIRECTA,Distrito Capital de Bogotá,0,0,2.7918827917226027e-05
27000000,6,0,0,CONTRATACIÓN DIRECTA,OTRO,0,0,4.2401217687690305e-05
18913615,277,0,0,CONTRATACIÓN DIRECTA,Antioquia,0,0,4.254610494487308e-05
12273032,138,0,0,CONTRATACIÓN DIRECTA,Nariño,0,0,2.3935655025706852e-05
30062610,180,0,0,CONTRATACIÓN DIRECTA,Distrito Capital de Bogotá,0,0,2.791882397670376e-05
3784200,358,0,0,CONTRATACIÓN DIRECTA,No Definido,0,0,4.983501411813812e-05
47124060,6,0,0,CONTRATACIÓN DIRECTA,Distrito Capital de Bogotá,0,0,2.7918804780439e-05
14000000,120,0,0,CONTRATACIÓN DIRECTA,Cundinamarca,0,0,4.369605454124736e-05
45000000,1,0,0,CONTRATACIÓN RÉGIMEN ESPECIAL,Distrito Capital de Bogotá,0,0,2.808218204072235e-05
33220000,151,0,0,CONTRATACIÓN DIRECTA,Antioquia,0,0,4.25460858957638e-05
13181440571,125,0,42,LICITACIÓN PÚBLICA OBRA PUBLICA,Antioquia,1,1,1.0
33420600,9,0,0,CONTRATACIÓN DIRECTA,Distrito Capital de Bogotá,0,0,2.7918795488360394e-05
32000000,8,0,0,CONTRATACIÓN RÉGIMEN ESPECIAL,OTRO,0,0,4.264935029592422e-05
299214434,40,0,0,SELECCIÓN ABREVIADA DE MENOR CUANTÍA,Tolima,0,1,0.5066391084889452
11472400,30,0,0,CONTRATACIÓN RÉGIMEN ESPECIAL,Cundinamarca,0,0,4.395172954870628e-05
50000000,5,0,0,CONTRATACIÓN DIRECTA,Distrito Capital de Bogotá,0,0,2.791880666363805e-05
13634375,10,0,0,MÍNIMA CUANTÍA,Caldas,0,1,0.830832981478966
5700000,114,0,0,CONTRATACIÓN DIRECTA,Boyacá,0,0,5.3757752237037065e-05
11655000,6,0,0,CONTRATACIÓN DIRECTA,OTRO,0,0,4.240120096335913e-05
41285000,11,0,0,CONTRATACIÓN RÉGIMEN ESPECIAL,Distrito Capital de Bogotá,0,0,2.808218117657214e-05
16326014,174,0,0,CONTRATACIÓN RÉGIMEN ESPECIAL,Norte de Santander,0,0,7.343616090214135e-05
27200000,8,0,0,CONTRATACIÓN DIRECTA,Bolívar,0,0,3.460177660456298e-05
10158770,75,0,0,CONTRATACIÓN DIRECTA,Antioquia,0,0,4.254603974877287e-05
2900000,9,0,0,CONTRATACIÓN RÉGIMEN ESPECIAL,Santander,0,0,5.003932787715576e-05
25250000,121,0,0,CONTRATACIÓN DIRECTA,Distrito Capital de Bogotá,0,0,2.791880986220442e-05
3300000,1,0,0,CONTRATACIÓN RÉGIMEN ESPECIAL,Magdalena,0,0,3.8430524486096674e-05
35277000,0,0,0,CONTRATACIÓN DIRECTA,Atlántico,0,0,3.744519172064702e-05
16700000,250,0,0,CONTRATACIÓN DIRECTA,OTRO,0,0,4.240127341975094e-05
4159427,30,0,0,CONTRATACIÓN RÉGIMEN ESPECIAL,Antioquia,0,0,4.2794994704982394e-05
5000000,13,0,0,CONTRATACIÓN RÉGIMEN ESPECIAL,Valle del Cauca,0,0,4.428257468732113e-05
31500000,3,0,0,CONTRATACIÓN RÉGIMEN ESPECIAL,Tolima,0,0,4.503675702736689e-05
750000000,11,0,0,CONTRATACIÓN RÉGIMEN ESPECIAL,Distrito Capital de Bogotá,0,0,2.808269275975419e-05
3690000,0,0,0,CONTRATACIÓN DIRECTA,OTRO,0,0,4.2401190635899864e-05
22912000,8,0,0,CONTRATACIÓN DIRECTA,Distrito Capital de Bogotá,0,0,2.7918787766279644e-05
17400000,177,0,0,CONTRATACIÓN DIRECTA,Norte de Santander,0,0,7.300893841517263e-05
15940229,45,0,0,CONTRATACIÓN DIRECTA,Distrito Capital de Bogotá,0,0,2.7918789448624076e-05
3343174,60,0,0,CONTRATACIÓN DIRECTA,Atlántico,0,0,3.744517552488637e-05
1487000000,4,0,12,LICITACIÓN PÚBLICA,Cundinamarca,1,1,0.9999999929397683
1300000,30,0,0,CONTRATACIÓN RÉGIMEN ESPECIAL,No Definido,0,0,5.012653054263602e-05
48000000,4,0,0,CONTRATACIÓN DIRECTA,Distrito Capital de Bogotá,0,0,2.7918805047666672e-05
7000000,2,0,0,CONTRATACIÓN RÉGIMEN ESPECIAL,Magdalena,0,0,3.843052838978368e-05
30600000,166,0,0,CONTRATACIÓN RÉGIMEN ESPECIAL,Distrito Capital de Bogotá,0,0,2.808220163472273e-05
16222500,105,0,0,CONTRATACIÓN DIRECTA,Distrito Capital de Bogotá,0,0,2.791880049265123e-05
8200000,109,0,0,CONTRATACIÓN DIRECTA,Antioquia,0,0,4.254604696870336e-05
76235798,1,0,0,CONTRATACIÓN RÉGIMEN ESPECIAL,Distrito Capital de Bogotá,0,0,2.8082204587966695e-05
24421826,23,0,0,CONTRATACIÓN RÉGIMEN ESPECIAL,Distrito Capital de Bogotá,0,0,2.8082171185048406e-05
77677621,2,0,1,MÍNIMA CUANTÍA,Antioquia,0,1,0.9651189580663831
11866667,88,0,0,CONTRATACIÓN RÉGIMEN ESPECIAL,OTRO,0,0,4.264935030630335e-05
27984000,0,0,0,CONTRATACIÓN DIRECTA,Bolívar,0,0,3.4601775510331004e-05
6000000,4,0,0,CONTRATACIÓN DIRECTA,Norte de Santander,0,0,7.300883528081963e-05
3947333,2,0,0,CONTRATACIÓN RÉGIMEN ESPECIAL,OTRO,0,0,4.2649317886612234e-05
4380000,260,0,0,CONTRATACIÓN RÉGIMEN ESPECIAL,Antioquia,0,0,4.279505864981878e-05
42460000,330,0,0,CONTRATACIÓN DIRECTA,Distrito Capital de Bogotá,0,0,2.7918859977271763e-05
3600000,2,0,0,CONTRATACIÓN DIRECTA,Bolívar,0,0,3.4601754270678715e-05
17880000,173,0,0,CONTRATACIÓN RÉGIMEN ESPECIAL,Meta,0,0,6.450779793860221e-05
12000000,0,0,0,CONTRATACIÓN DIRECTA,Caldas,0,0,3.444379423643738e-05
48720000,348,0,0,CONTRATACIÓN DIRECTA,Distrito Capital de Bogotá,0,0,2.7918867722154183e-05
512469692,120,0,0,CONCURSO DE MÉRITOS ABIERTO,Distrito Capital de Bogotá,0,0,0.45606388056420244
102000000,12,0,0,CONTRATACIÓN RÉGIMEN ESPECIAL,Distrito Capital de Bogotá,0,0,2.8082225184843777e-05
8250000,98,0,0,CONTRATACIÓN RÉGIMEN ESPECIAL,No Definido,0,0,5.012656155744051e-05
880000,16,0,0,CONTRATACIÓN RÉGIMEN ESPECIAL,No Definido,0,0,5.0126525459709734e-05
721293431,146,0,0,CONTRATACIÓN RÉGIMEN ESPECIAL,Antioquia,0,0,4.2795815695104905e-05
576600,2,0,0,CONTRATACIÓN RÉGIMEN ESPECIAL,Distrito Capital de Bogotá,0,0,2.808215015592039e-05
4406968,40,0,0,CONTRATACIÓN DIRECTA,OTRO,0,0,4.240120239400935e-05
4000000,1,0,0,CONTRATACIÓN RÉGIMEN ESPECIAL,Atlántico,0,0,3.766428731281166e-05
5597928,0,0,0,CONTRATACIÓN DIRECTA,Distrito Capital de Bogotá,0,0,2.7918773895489873e-05
1385000,4,0,0,CONTRATACIÓN RÉGIMEN ESPECIAL,Valle del Cauca,0,0,4.428256799323e-05
17850600,6,0,0,CONTRATACIÓN DIRECTA,Distrito Capital de Bogotá,0,0,2.7918783772636357e-05
9698268,1,0,4,MÍNIMA CUANTÍA,Distrito Capital de Bogotá,1,1,0.9994197667303379
14703000,5,0,0,CONTRATACIÓN DIRECTA,Bolívar,0,0,3.460176481769563e-05
4249088256,323,0,0,CONTRATACIÓN DIRECTA,Antioquia,0,0,4.255074403490871e-05
1895101,23,0,0,CONTRATACIÓN RÉGIMEN ESPECIAL,Distrito Capital de Bogotá,0,0,2.8082154924377712e-05
5145795,52,0,0,CONTRATACIÓN DIRECTA,Antioquia,0,0,4.254602793337287e-05
5372040,0,0,0,CONTRATACIÓN RÉGIMEN ESPECIAL,Antioquia,0,0,4.279498772989182e-05
1591200,1,0,0,CONTRATACIÓN RÉGIMEN ESPECIAL,Norte de Santander,0,0,7.343605086968393e-05
135603000,13,0,0,CONTRATACIÓN RÉGIMEN ESPECIAL,Distrito Capital de Bogotá,0,0,2.8082249622615743e-05
20484150,5,0,0,CONTRATACIÓN DIRECTA,Cundinamarca,0,0,4.3696029302372245e-05
176303000,1,0,1,CONTRATACIÓN RÉGIMEN ESPECIAL (CON OFERTAS),OTRO,1,1,0.971425708841125
21402050,30,0,0,CONTRATACIÓN RÉGIMEN ESPECIAL,Valle del Cauca,0,0,4.4282598228955794e-05
6600000,4,0,0,CONTRATACIÓN RÉGIMEN ESPECIAL,No Definido,0,0,5.012652893669747e-05
2628332,365,0,0,CONTRATACIÓN DIRECTA,Tolima,0,0,4.477481318764163e-05
7245000,90,0,0,CONTRATACIÓN DIRECTA,Boyacá,0,0,5.375774602199904e-05
2891186,47,0,0,CONTRATACIÓN RÉGIMEN ESPECIAL,OTRO,0,0,4.26493291498373e-05
18500000,5,0,0,CONTRATACIÓN DIRECTA,Meta,0,0,6.413244207614231e-05
31187943,270,0,0,CONTRATACIÓN DIRECTA,Boyacá,0,0,5.375784173021703e-05
6600000,2,0,0,CONTRATACIÓN DIRECTA,OTRO,0,0,4.2401194356307296e-05
8067452,4,0,0,CONTRATACIÓN RÉGIMEN ESPECIAL,No Definido,0,0,5.012653082743752e-05
33000000,92,0,0,CONTRATACIÓN RÉGIMEN ESPECIAL,OTRO,0,0,4.264937457815749e-05
15474000,170,0,0,CONTRATACIÓN DIRECTA,Valle del Cauca,0,0,4.4025003262113107e-05
16407465,79,0,0,CONTRATACIÓN DIRECTA,Antioquia,0,0,4.2546047683831576e-05
70000000,75,0,10,MÍNIMA CUANTÍA,OTRO,1,1,0.9999999575264418
20800000,4,0,0,CONTRATACIÓN DIRECTA,Bolívar,0,0,3.4601770016527635e-05
11120636,30,0,0,CONTRATACIÓN RÉGIMEN ESPECIAL,Distrito Capital de Bogotá,0,0,2.808216285596617e-05
5000000,10,0,0,CONTRATACIÓN DIRECTA,Magdalena,0,0,3.820694523879169e-05
1220306,170,0,0,CONTRATACIÓN RÉGIMEN ESPECIAL,Bolívar,0,0,3.480427667195624e-05
13500000,3,0,0,CONTRATACIÓN DIRECTA,OTRO,0,0,4.2401202150949845e-05
3700000,30,0,0,CONTRATACIÓN RÉGIMEN ESPECIAL,Magdalena,0,0,3.843053209412246e-05
73800000,10,0,0,CONTRATACIÓN DIRECTA,Distrito Capital de Bogotá,0,0,2.7918824646936057e-05
13439844,15,0,2,MÍNIMA CUANTÍA,Distrito Capital de Bogotá,1,1,0.9880677128914974
801300,153,0,0,CONTRATACIÓN RÉGIMEN ESPECIAL,Antioquia,0,0,4.2795025077826866e-05
30473850,230,0,0,CONTRATACIÓN DIRECTA,OTRO,0,0,4.240128294337094e-05
2901577,30,0,0,CONTRATACIÓN RÉGIMEN ESPECIAL,Antioquia,0,0,4.279499332133547e-05
3521090,7,0,0,CONTRATACIÓN RÉGIMEN ESPECIAL,No Definido,0,0,5.012652594291086e-05
144000000,352,0,0,CONTRATACIÓN DIRECTA,Distrito Capital de Bogotá,0,0,2.7918936821914026e-05
74045050,348,0,0,CONTRATACIÓN DIRECTA,Distrito Capital de Bogotá,0,0,2.7918885896473996e-05
96974866,345,0,0,CONTRATACIÓN DIRECTA,Distrito Capital de Bogotá,0,0,2.7918901809808496e-05
675329164,8,0,0,CONTRATACIÓN RÉGIMEN ESPECIAL,Cundinamarca,0,0,4.395247328331144e-05
15000000,338,0,0,CONTRATACIÓN RÉGIMEN ESPECIAL,Antioquia,0,0,4.279509193532208e-05
296629813,162,0,0,CONTRATACIÓN RÉGIMEN ESPECIAL,OTRO,0,0,4.264968290947481e-05
18000000,6,0,0,CONTRATACIÓN DIRECTA,Bolívar,0,0,3.460176797404426e-05
9200000,4,0,0,CONTRATACIÓN DIRECTA,Antioquia,0,0,4.254601915006974e-05
106200000,1,0,0,CONTRATACIÓN RÉGIMEN ESPECIAL,Cundinamarca,0,0,4.3951828317373784e-05
3195000,317,0,0,CONTRATACIÓN RÉGIMEN ESPECIAL,Antioquia,0,0,4.279507313338771e-05
16172110,106,0,0,CONTRATACIÓN RÉGIMEN ESPECIAL,Antioquia,0,0,4.279502896846944e-05
21484842,360,0,0,CONTRATACIÓN DIRECTA,Antioquia,0,0,4.254613061128525e-05
5000000,2,0,0,CONTRATACIÓN RÉGIMEN ESPECIAL,Bolívar,0,0,3.480424221096933e-05
138740940,9,0,0,CONTRATACIÓN DIRECTA,Distrito Capital de Bogotá,0,0,2.7918871070543247e-05
11748895,3,0,5,MÍNIMA CUANTÍA,Valle del Cauca,1,1,0.9999192822668214
52827303,15,0,0,SELECCIÓN ABREVIADA DE MENOR CUANTÍA,OTRO,0,0,0.4930209853168501
227500,6,0,0,CONTRATACIÓN RÉGIMEN ESPECIAL,Distrito Capital de Bogotá,0,0,2.80821506309192e-05
9578266,53,0,0,CONTRATACIÓN RÉGIMEN ESPECIAL,Antioquia,0,0,4.279500703597403e-05
44800000,8,0,0,CONTRATACIÓN DIRECTA,Distrito Capital de Bogotá,0,0,2.791880347398231e-05
38466000,6,0,0,CONTRATACIÓN DIRECTA,Distrito Capital de Bogotá,0,0,2.791879856706813e-05
12500000,5,0,0,CONTRATACIÓN DIRECTA,Norte de Santander,0,0,7.300884795104647e-05
232542620,6,0,0,CONTRATACIÓN RÉGIMEN ESPECIAL,Distrito Capital de Bogotá,0,0,2.8082318325481043e-05
9990666,118,0,0,CONTRATACIÓN DIRECTA,Distrito Capital de Bogotá,0,0,2.791879836942069e-05
8000000,4,0,0,CONTRATACIÓN DIRECTA,OTRO,0,0,4.240119643098475e-05
6250000,77,0,0,CONTRATACIÓN RÉGIMEN ESPECIAL,No Definido,0,0,5.012655216786783e-05
37862536,260,0,0,CONTRATACIÓN DIRECTA,OTRO,0,0,4.240129922876615e-05
3201120,0,0,0,CONTRATACIÓN RÉGIMEN ESPECIAL,Nariño,0,0,2.407569894266377e-05
19800000,180,0,0,CONTRATACIÓN DIRECTA,Santander,0,0,4.9748286449662044e-05
49163333,343,0,0,CONTRATACIÓN DIRECTA,No Definido,0,0,4.9835067409050726e-05
12000000,0,0,0,CONTRATACIÓN DIRECTA,Santander,0,0,4.974821852195281e-05
134041005,5,0,0,CONCURSO DE MÉRITOS ABIERTO,Distrito Capital de Bogotá,0,0,0.45606128280230046
999084368,365,0,0,CONTRATACIÓN DIRECTA,OTRO,0,0,4.240237568267268e-05
50000000,365,0,0,CONTRATACIÓN RÉGIMEN ESPECIAL,Nariño,0,0,2.407578477857042e-05
44394024,345,0,0,CONTRATACIÓN DIRECTA,Norte de Santander,0,0,7.300906845062976e-05
6057100,156,0,0,CONTRATACIÓN RÉGIMEN ESPECIAL,Antioquia,0,0,4.279503169015961e-05
60000000,6,0,0,CONTRATACIÓN DIRECTA,Distrito Capital de Bogotá,0,0,2.7918814020732154e-05
3529000,1,0,0,CONTRATACIÓN RÉGIMEN ESPECIAL,OTRO,0,0,4.26493171519852e-05
24000000,5,0,0,CONTRATACIÓN DIRECTA,Santander,0,0,4.97482354765062e-05
19200000,90,0,0,CONTRATACIÓN RÉGIMEN ESPECIAL,No Definido,0,0,5.012657307068635e-05
35890000,111,0,0,CONTRATACIÓN DIRECTA,Distrito Capital de Bogotá,0,0,2.79188156909871e-05
13300000,12,0,0,CONTRATACIÓN RÉGIMEN ESPECIAL,No Definido,0,0,5.01265401646214e-05
66770000,330,0,0,CONTRATACIÓN DIRECTA,Distrito Capital de Bogotá,0,0,2.7918877423144e-05
802000,8,0,0,CONTRATACIÓN RÉGIMEN ESPECIAL,No Definido,0,0,5.0126522763909635e-05
266109355,548,0,0,CONTRATACIÓN RÉGIMEN ESPECIAL,Cundinamarca,0,0,4.3952164570752854e-05
9695452,1,0,0,CONTRATACIÓN RÉGIMEN ESPECIAL,OTRO,0,0,4.264932391205203e-05
36195336,8,0,0,CONTRATACIÓN DIRECTA,Boyacá,0,0,5.3757757496275606e-05
67350000,30,0,0,CONTRATACIÓN RÉGIMEN ESPECIAL,Meta,0,0,6.450782026426737e-05
14700000,7,0,0,CONTRATACIÓN DIRECTA,OTRO,0,0,4.240120455648497e-05
31500000,270,0,0,CONTRATACIÓN DIRECTA,Tolima,0,0,4.4774818886988975e-05
12503222,90,0,0,CONTRATACIÓN DIRECTA,OTRO,0,0,4.240122493889446e-05
16666666,125,0,0,CONTRATACIÓN DIRECTA,Distrito Capital de Bogotá,0,0,2.79188044252229e-05
16000000,90,0,0,CONTRATACIÓN DIRECTA,Magdalena,0,0,3.820697582358861e-05
12800000,4,0,0,CONTRATACIÓN DIRECTA,Cundinamarca,0,0,4.3696020388978486e-05
2000000,30,0,0,CONTRATACIÓN DIRECTA,Atlántico,0,0,3.744516696177236e-05
2000000,30,0,0,CONTRATACIÓN RÉGIMEN ESPECIAL,Nariño,0,0,2.4075702873911623e-05
6825000,0,0,0,CONTRATACIÓN DIRECTA,Distrito Capital de Bogotá,0,0,2.7918774776085044e-05
1650000,1,0,0,CONTRATACIÓN RÉGIMEN ESPECIAL,Magdalena,0,0,3.843052285617927e-05
8944344,6,0,0,CONTRATACIÓN DIRECTA,No Definido,0,0,4.983490719899921e-05
91597000,11,0,0,CONTRATACIÓN DIRECTA,Distrito Capital de Bogotá,0,0,2.7918837599481218e-05
3188433,41,0,0,CONTRATACIÓN RÉGIMEN ESPECIAL,Distrito Capital de Bogotá,0,0,2.8082159129423085e-05
57184232,8,0,0,CONTRATACIÓN RÉGIMEN ESPECIAL,Distrito Capital de Bogotá,0,0,2.808219210802375e-05
21371301,161,0,0,CONTRATACIÓN DIRECTA,Nariño,0,0,2.3935664186477875e-05
1312200,10,0,0,CONTRATACIÓN RÉGIMEN ESPECIAL,No Definido,0,0,5.0126524070102474e-05
33742000,193,0,0,CONTRATACIÓN DIRECTA,Atlántico,0,0,3.744523701556381e-05
352410393,128,0,0,SELECCIÓN ABREVIADA DE MENOR CUANTÍA,Boyacá,0,1,0.5521626547318965
103815360,12,0,0,CONTRATACIÓN DIRECTA,No Definido,0,0,4.9835030659855615e-05
14280000,3,0,0,CONTRATACIÓN RÉGIMEN ESPECIAL,Cundinamarca,0,0,4.395172504036719e-05
218661171,30,0,0,CONTRATACIÓN RÉGIMEN ESPECIAL,Caldas,0,0,3.4645547353533054e-05
12469732,4,0,0,CONTRATACIÓN DIRECTA,Boyacá,0,0,5.375772332100212e-05
200000000,289,0,0,CONTRATACIÓN DIRECTA,Nariño,0,0,2.3935793918353372e-05
918551,6,0,0,CONTRATACIÓN RÉGIMEN ESPECIAL,Antioquia,0,0,4.2794984492807755e-05
20348736,120,0,0,CONTRATACIÓN DIRECTA,Antioquia,0,0,4.2546063283597684e-05
22141656,4,0,0,CONTRATACIÓN DIRECTA,Antioquia,0,0,4.254603330319712e-05
2000000,2,0,0,CONTRATACIÓN RÉGIMEN ESPECIAL,Santander,0,0,5.0039324452628955e-05
783000,84,0,0,CONTRATACIÓN RÉGIMEN ESPECIAL,Antioquia,0,0,4.279500594704054e-05
1818500,8,0,0,CONTRATACIÓN RÉGIMEN ESPECIAL,No Definido,0,0,5.0126524073619924e-05
7919622,52,0,0,CONTRATACIÓN DIRECTA,Distrito Capital de Bogotá,0,0,2.7918784957554447e-05
3200000,2,0,0,CONTRATACIÓN RÉGIMEN ESPECIAL,OTRO,0,0,4.264931706733709e-05
11300000,1,0,0,CONTRATACIÓN RÉGIMEN ESPECIAL,Distrito Capital de Bogotá,0,0,2.8082157714739028e-05
23200000,4,0,0,CONTRATACIÓN RÉGIMEN ESPECIAL,OTRO,0,0,4.2649339544691664e-05
5481000,51,0,0,CONTRATACIÓN DIRECTA,OTRO,0,0,4.240120658317546e-05
221303654,180,8,1,SELECCIÓN ABREVIADA DE MENOR CUANTÍA,Valle del Cauca,1,1,0.8216143881164053
33188139,280,0,0,CONTRATACIÓN DIRECTA,Bolívar,0,0,3.460184284276401e-05
8068125,5,0,0,CONTRATACIÓN DIRECTA,Boyacá,0,0,5.375771758685275e-05
8704800,90,0,0,CONTRATACIÓN DIRECTA,Distrito Capital de Bogotá,0,0,2.791879238728472e-05
11558835,15,0,4,MÍNIMA CUANTÍA,Antioquia,1,1,0.9996191794978923
42766500,10,0,0,CONTRATACIÓN DIRECTA,Cundinamarca,0,0,4.3696055743206156e-05
13000000,60,0,0,CONTRATACIÓN DIRECTA,Cundinamarca,0,0,4.3696036450247744e-05
10135920,4,0,0,CONTRATACIÓN DIRECTA,Distrito Capital de Bogotá,0,0,2.791877787489518e-05
1448320,8,0,0,CONTRATACIÓN RÉGIMEN ESPECIAL,Caldas,0,0,3.464534898397621e-05
23395010,150,0,0,CONTRATACIÓN DIRECTA,Distrito Capital de Bogotá,0,0,2.7918813771030104e-05
16500000,5,0,0,CONTRATACIÓN DIRECTA,Valle del Cauca,0,0,4.4024957410382694e-05
11730000,0,0,0,CONTRATACIÓN RÉGIMEN ESPECIAL,Nariño,0,0,2.4075704220823588e-05
19977714,57,0,1,MÍNIMA CUANTÍA,Antioquia,0,1,0.9651189201192204
8000000,30,0,0,CONTRATACIÓN RÉGIMEN ESPECIAL,Nariño,0,0,2.4075706587056042e-05
7260000,0,0,0,CONTRATACIÓN DIRECTA,Caldas,0,0,3.444379003984894e-05
24000000,6,0,0,CONTRATACIÓN RÉGIMEN ESPECIAL,OTRO,0,0,4.264934097375079e-05
18366667,95,0,0,CONTRATACIÓN RÉGIMEN ESPECIAL,OTRO,0,0,4.264935936419655e-05
92518800,90,0,0,CONTRATACIÓN RÉGIMEN ESPECIAL,Nariño,0,0,2.4075768241365718e-05
88000000,11,0,0,CONTRATACIÓN DIRECTA,Distrito Capital de Bogotá,0,0,2.791883501812668e-05
1171715220,123,0,0,CONTRATACIÓN DIRECTA,Magdalena,0,0,3.820811900876984e-05
38821772,303,0,0,CONTRATACIÓN DIRECTA,OTRO,0,0,4.240131207420577e-05
5520000,80,0,0,CONTRATACIÓN RÉGIMEN ESPECIAL,OTRO,0,0,4.264934114048257e-05
66171000,345,0,0,CONTRATACIÓN DIRECTA,Antioquia,0,0,4.254617535033807e-05
5274100,3,0,0,CONTRATACIÓN RÉGIMEN ESPECIAL,No Definido,0,0,5.0126526903927764e-05
52000000,8,0,0,CONTRATACIÓN DIRECTA,Distrito Capital de Bogotá,0,0,2.7918808640991688e-05
14400000,0,0,0,CONTRATACIÓN RÉGIMEN ESPECIAL,Bolívar,0,0,3.4804250169903565e-05
26481698,206,0,0,CONTRATACIÓN DIRECTA,Distrito Capital de Bogotá,0,0,2.7918826104865927e-05
6000000,75,0,0,CONTRATACIÓN DIRECTA,Valle del Cauca,0,0,4.4024965473143176e-05
12922350,4,0,0,CONTRATACIÓN RÉGIMEN ESPECIAL,Nariño,0,0,2.4075705581994293e-05
583605489,7,0,0,SELECCIÓN ABREVIADA SUBASTA INVERSA,Meta,0,1,0.6807965201055824
16975000,105,0,0,CONTRATACIÓN RÉGIMEN ESPECIAL,Cundinamarca,0,0,4.395175709911812e-05
4500000,44,0,0,CONTRATACIÓN RÉGIMEN ESPECIAL,Valle del Cauca,0,0,4.4282583002581664e-05
4500000,54,0,0,CONTRATACIÓN RÉGIMEN ESPECIAL,Antioquia,0,0,4.279500172679798e-05
26000000,5,0,0,CONTRATACIÓN DIRECTA,Distrito Capital de Bogotá,0,0,2.791878944027838e-05
45000000,46,0,0,CONTRATACIÓN RÉGIMEN ESPECIAL,Tolima,0,0,4.503678518874553e-05
44000000,154,0,0,CONTRATACIÓN DIRECTA,Distrito Capital de Bogotá,0,0,2.791882928077183e-05
44142000,6,0,0,CONTRATACIÓN DIRECTA,Distrito Capital de Bogotá,0,0,2.7918802640393056e-05
6699998,2,0,0,CONTRATACIÓN DIRECTA,Distrito Capital de Bogotá,0,0,2.7918775047760365e-05
85698000,12,0,0,CONTRATACIÓN RÉGIMEN ESPECIAL,Distrito Capital de Bogotá,0,0,2.808221341739936e-05
13200000,4,0,0,CONTRATACIÓN DIRECTA,Norte de Santander,0,0,7.300884879215535e-05
10600000,111,0,0,CONTRATACIÓN RÉGIMEN ESPECIAL,Magdalena,0,0,3.843055905651357e-05
654108664,1,0,0,CONTRATACIÓN RÉGIMEN ESPECIAL,Santander,0,0,5.004016288422147e-05
218760,15,0,0,CONTRATACIÓN RÉGIMEN ESPECIAL,No Definido,0,0,5.0126524283321815e-05
59835996,11,0,0,CONTRATACIÓN DIRECTA,Distrito Capital de Bogotá,0,0,2.7918814806491775e-05
23296000,8,0,0,CONTRATACIÓN DIRECTA,Distrito Capital de Bogotá,0,0,2.79187880418533e-05
36400000,366,0,0,MÍNIMA CUANTÍA,Boyacá,0,1,0.8845991573725017
3000000,2,0,0,CONTRATACIÓN DIRECTA,Norte de Santander,0,0,7.300882870611063e-05
2700000,27,0,0,CONTRATACIÓN DIRECTA,Atlántico,0,0,3.744516690849306e-05
2457000,167,541,1,CONTRATACIÓN DIRECTA (CON OFERTAS),Antioquia,1,1,0.986323713291856
4000000,2,0,0,CONTRATACIÓN DIRECTA,Atlántico,0,0,3.744516210115762e-05
1800000,4,0,0,CONTRATACIÓN RÉGIMEN ESPECIAL,OTRO,0,0,4.2649316084612224e-05
148728776,4,0,0,CONTRATACIÓN RÉGIMEN ESPECIAL,Distrito Capital de Bogotá,0,0,2.808225746160489e-05
30000000,161,0,0,CONTRATACIÓN DIRECTA,Magdalena,0,0,3.820700712919539e-05
300000,1,0,0,CONTRATACIÓN RÉGIMEN ESPECIAL,Caldas,0,0,3.4645346391788026e-05
3862500,43,0,0,CONTRATACIÓN RÉGIMEN ESPECIAL,No Definido,0,0,5.012653806165677e-05
8133333,122,0,0,CONTRATACIÓN DIRECTA,Tolima,0,0,4.47747491071865e-05
25000000,11,0,0,CONTRATACIÓN DIRECTA,OTRO,0,0,4.240121688000144e-05
7000000,4,0,0,CONTRATACIÓN DIRECTA,Antioquia,0,0,4.2546016744127754e-05
200000000,46,0,0,CONTRATACIÓN RÉGIMEN ESPECIAL,OTRO,0,0,4.26495449579389e-05
14100000,6,0,0,CONTRATACIÓN DIRECTA,Boyacá,0,0,5.3757726269501326e-05
185328000,6,0,0,CONTRATACIÓN RÉGIMEN ESPECIAL,OTRO,0,0,4.264951783247587e-05
63598392,11,0,0,CONTRATACIÓN DIRECTA,Distrito Capital de Bogotá,0,0,2.791881750653933e-05
236000000,175,0,0,SELECCIÓN ABREVIADA SUBASTA INVERSA,OTRO,0,1,0.58507241657792
8550000,60,0,0,CONTRATACIÓN RÉGIMEN ESPECIAL,Cundinamarca,0,0,4.395173478070729e-05
7500000,0,0,0,CONTRATACIÓN DIRECTA,Meta,0,0,6.413242186809813e-05
2100000,14,0,0,CONTRATACIÓN RÉGIMEN ESPECIAL,Antioquia,0,0,4.279498800813934e-05
47729020,5,0,0,CONTRATACIÓN RÉGIMEN ESPECIAL,Caldas,0,0,3.464538952600064e-05
104500000,11,0,0,CONTRATACIÓN RÉGIMEN ESPECIAL,Distrito Capital de Bogotá,0,0,2.808222680769689e-05
9000000,3,0,0,CONTRATACIÓN RÉGIMEN ESPECIAL,Caldas,0,0,3.4645354587907354e-05
5400000,3,0,0,CONTRATACIÓN RÉGIMEN ESPECIAL,Magdalena,0,0,3.8430527057978e-05
584300,319,0,0,CONTRATACIÓN RÉGIMEN ESPECIAL,Antioquia,0,0,4.279507081552059e-05
12239040,30,0,0,CONTRATACIÓN RÉGIMEN ESPECIAL,Distrito Capital de Bogotá,0,0,2.8082163663273905e-05
7600000,4,0,0,CONTRATACIÓN DIRECTA,Antioquia,0,0,4.254601740029377e-05
198000000,24,0,0,CONTRATACIÓN RÉGIMEN ESPECIAL,Distrito Capital de Bogotá,0,0,2.80822966626249e-05
13049070,12,0,0,CONTRATACIÓN DIRECTA,OTRO,0,0,4.240120412924352e-05
16746667,157,0,0,CONTRATACIÓN RÉGIMEN ESPECIAL,Antioquia,0,0,4.279504372576269e-05
49500000,0,0,0,CONTRATACIÓN DIRECTA,Distrito Capital de Bogotá,0,0,2.7918805401362776e-05
3821376,1,0,0,CONTRATACIÓN DIRECTA,Caldas,0,0,3.444378721836151e-05
17150665,95,0,0,CONTRATACIÓN DIRECTA,Boyacá,0,0,5.3757761449038365e-05
1800000,14,0,0,CONTRATACIÓN RÉGIMEN ESPECIAL,Magdalena,0,0,3.843052623771968e-05
14863100,31,0,0,CONTRATACIÓN RÉGIMEN ESPECIAL,Magdalena,0,0,3.8430543370077885e-05
18712592,248,0,0,CONTRATACIÓN DIRECTA,Antioquia,0,0,4.254609673973266e-05
10000000,4,0,0,CONTRATACIÓN DIRECTA,Meta,0,0,6.41324276493907e-05
227996900,12,0,1,SELECCIÓN ABREVIADA SUBASTA INVERSA,Caldas,0,1,0.8393329157482937
6966059,0,0,0,MÍNIMA CUANTÍA,Caldas,0,1,0.8308329482906063
30702042,9,0,0,CONTRATACIÓN DIRECTA,OTRO,0,0,4.240122254575498e-05
74755800,2,0,0,CONTRATACIÓN RÉGIMEN ESPECIAL,No Definido,0,0,5.012661610335526e-05
9000000,317,0,0,CONTRATACIÓN RÉGIMEN ESPECIAL,No Definido,0,0,5.012663357024563e-05
150000000,60,0,2,SELECCIÓN ABREVIADA SUBASTA INVERSA,Distrito Capital de Bogotá,1,1,0.9507683567774109
29000000,30,0,0,CONTRATACIÓN RÉGIMEN ESPECIAL,Magdalena,0,0,3.8430557086202773e-05
27000000,3,0,0,CONTRATACIÓN DIRECTA,Meta,0,0,6.41324552577428e-05
4567338,49,0,0,CONTRATACIÓN DIRECTA,Antioquia,0,0,4.2546026474702377e-05
16752000,6,0,0,CONTRATACIÓN DIRECTA,Valle del Cauca,0,0,4.4024957980477515e-05
5692500,30,0,0,CONTRATACIÓN DIRECTA,Valle del Cauca,0,0,4.402495230350894e-05
14115000,1,0,0,CONTRATACIÓN RÉGIMEN ESPECIAL,Magdalena,0,0,3.843053516946602e-05
35150000,9,0,0,CONTRATACIÓN DIRECTA,Valle del Cauca,0,0,4.4024979654865006e-05
5437760,46,0,0,CONTRATACIÓN DIRECTA,No Definido,0,0,4.9834915608237555e-05
1931895737,340,1,1,CONTRATACIÓN DIRECTA (CON OFERTAS),Caldas,1,1,0.9829861227391389
10500000,5,0,0,CONTRATACIÓN DIRECTA,Santander,0,0,4.974821821368364e-05
31757552,236,0,0,CONTRATACIÓN DIRECTA,Antioquia,0,0,4.2546107701597995e-05
4200000,2,0,0,CONTRATACIÓN DIRECTA,OTRO,0,0,4.240119174057719e-05
33492900,210,0,0,CONTRATACIÓN DIRECTA,Distrito Capital de Bogotá,0,0,2.7918831859155194e-05
60000000,0,0,1,CONTRATACIÓN RÉGIMEN ESPECIAL (CON OFERTAS),Norte de Santander,1,1,0.9832042159802328
14560000,6,0,0,CONTRATACIÓN RÉGIMEN ESPECIAL,Magdalena,0,0,3.84305368526526e-05
27300000,30,0,0,MÍNIMA CUANTÍA,OTRO,1,1,0.858075703931503
19644000,6,0,0,CONTRATACIÓN DIRECTA,OTRO,0,0,4.240120967047339e-05
135913177,3,0,0,CONTRATACIÓN RÉGIMEN ESPECIAL,Antioquia,0,0,4.2795132157498086e-05
20310000,10,0,0,CONTRATACIÓN DIRECTA,Distrito Capital de Bogotá,0,0,2.7918786260362952e-05
54694640,150,0,0,CONTRATACIÓN DIRECTA,Distrito Capital de Bogotá,0,0,2.7918836232917855e-05
96721680,8,0,0,CONTRATACIÓN DIRECTA,Distrito Capital de Bogotá,0,0,2.791884073508817e-05
50000000,1,0,3,MÍNIMA CUANTÍA,Norte de Santander,1,1,0.9989885200433289
47577909,5,0,3,CONCURSO DE MÉRITOS ABIERTO,Distrito Capital de Bogotá,1,1,0.9875840984902043
5500000,1,0,0,CONTRATACIÓN RÉGIMEN ESPECIAL,Atlántico,0,0,3.766428876501255e-05
10621940,60,0,2,MÍNIMA CUANTÍA,OTRO,0,1,0.9921112310573349
12800000,191,0,0,CONTRATACIÓN DIRECTA,Cundinamarca,0,0,4.3696073272051475e-05
3200000,1,0,0,CONTRATACIÓN RÉGIMEN ESPECIAL,Caldas,0,0,3.464534897434502e-05
12600000,3,0,0,CONTRATACIÓN RÉGIMEN ESPECIAL,OTRO,0,0,4.264932764825371e-05
4900000,49,0,0,CONTRATACIÓN RÉGIMEN ESPECIAL,No Definido,0,0,5.0126541344901185e-05
2500000,30,0,0,CONTRATACIÓN RÉGIMEN ESPECIAL,No Definido,0,0,5.012653208877724e-05
18000000,3,0,0,CONTRATACIÓN RÉGIMEN ESPECIAL,Tolima,0,0,4.5036741399371224e-05
122475000,349,0,0,CONTRATACIÓN DIRECTA,Distrito Capital de Bogotá,0,0,2.7918920832565438e-05
4350000,3,0,0,CONTRATACIÓN RÉGIMEN ESPECIAL,No Definido,0,0,5.0126525713270294e-05
91466667,340,0,0,CONTRATACIÓN DIRECTA,Distrito Capital de Bogotá,0,0,2.7918896953432066e-05
10300000,1,0,0,CONTRATACIÓN DIRECTA,Distrito Capital de Bogotá,0,0,2.791877745057291e-05
31668267,11,0,0,CONTRATACIÓN RÉGIMEN ESPECIAL,Distrito Capital de Bogotá,0,0,2.8082174234834724e-05
3559500,35,0,0,CONTRATACIÓN DIRECTA,Norte de Santander,0,0,7.300884534833193e-05
82320000,12,0,0,CONTRATACIÓN DIRECTA,Distrito Capital de Bogotá,0,0,2.791883112261766e-05
82000000,2,0,2,MÍNIMA CUANTÍA,Distrito Capital de Bogotá,1,1,0.9880677326775188
29986400,2,0,3,MÍNIMA CUANTÍA,OTRO,1,1,0.9982595917995524
7500000,3,0,0,CONTRATACIÓN DIRECTA,OTRO,0,0,4.2401195611623514e-05
56571802,18,0,0,CONTRATACIÓN DIRECTA,Distrito Capital de Bogotá,0,0,2.79188137288119e-05
99000000,330,0,0,CONTRATACIÓN DIRECTA,Distrito Capital de Bogotá,0,0,2.7918900552756118e-05
10800000,3,0,0,CONTRATACIÓN DIRECTA,Valle del Cauca,0,0,4.402495039027919e-05
200000000,9,0,1,SELECCIÓN ABREVIADA SUBASTA INVERSA,Boyacá,1,1,0.8907524400970125
4083000,1,0,0,CONTRATACIÓN RÉGIMEN ESPECIAL,No Definido,0,0,5.012652472042861e-05
1568594,30,0,0,CONTRATACIÓN RÉGIMEN ESPECIAL,No Definido,0,0,5.012653088870618e-05
27500000,150,0,0,CONTRATACIÓN DIRECTA,Antioquia,0,0,4.254607936494998e-05
6600000,3,0,0,CONTRATACIÓN RÉGIMEN ESPECIAL,No Definido,0,0,5.012652861228487e-05
2200000,35,0,0,CONTRATACIÓN DIRECTA,Magdalena,0,0,3.820694867080049e-05
5677000,8,0,0,CONTRATACIÓN RÉGIMEN ESPECIAL,Boyacá,0,0,5.407229509879791e-05
19800000,38,0,0,CONTRATACIÓN RÉGIMEN ESPECIAL,Distrito Capital de Bogotá,0,0,2.8082170575057483e-05
9000000,88,0,0,CONTRATACIÓN RÉGIMEN ESPECIAL,Antioquia,0,0,4.279501609368594e-05
32917500,0,0,0,CONTRATACIÓN RÉGIMEN ESPECIAL,Distrito Capital de Bogotá,0,0,2.808217313734866e-05
9040000,113,0,1,MÍNIMA CUANTÍA,OTRO,1,1,0.9650039508500293
1800000,1,0,0,CONTRATACIÓN RÉGIMEN ESPECIAL,Magdalena,0,0,3.843052300435354e-05
721894016,2,0,0,SELECCIÓN ABREVIADA SUBASTA INVERSA,Distrito Capital de Bogotá,0,0,0.4814463675630326
67018666,243,0,0,CONTRATACIÓN DIRECTA,Distrito Capital de Bogotá,0,0,2.791886188144065e-05
5000000,2,0,0,CONTRATACIÓN RÉGIMEN ESPECIAL,Santander,0,0,5.003932831125793e-05
19563600,4,0,0,CONTRATACIÓN RÉGIMEN ESPECIAL,No Definido,0,0,5.01265456396634e-05
30950000,18,0,0,MÍNIMA CUANTÍA,Nariño,0,1,0.7733932862786752
40000000,4,0,0,CONTRATACIÓN RÉGIMEN ESPECIAL,Meta,0,0,6.450776406121455e-05
18440240,69,0,0,CONTRATACIÓN DIRECTA,Distrito Capital de Bogotá,0,0,2.791879557931447e-05
5700000,2,0,0,CONTRATACIÓN DIRECTA,Meta,0,0,6.413241973101762e-05
38000000,300,0,0,CONTRATACIÓN RÉGIMEN ESPECIAL,Cundinamarca,0,0,4.3951836320159176e-05
44320000,10,0,9,MÍNIMA CUANTÍA,Caldas,1,1,0.9999997615316036
2528000,2,0,0,CONTRATACIÓN RÉGIMEN ESPECIAL,Norte de Santander,0,0,7.343605311320278e-05
15136316,270,0,0,CONTRATACIÓN DIRECTA,Caldas,0,0,3.444385720149931e-05
76849600,343,0,0,CONTRATACIÓN RÉGIMEN ESPECIAL,Antioquia,0,0,4.279516135551205e-05
10245888,3,0,0,CONTRATACIÓN RÉGIMEN ESPECIAL,Distrito Capital de Bogotá,0,0,2.808215731733637e-05
20000000,68,0,0,CONTRATACIÓN RÉGIMEN ESPECIAL,No Definido,0,0,5.012656696436403e-05
8100000,21,0,0,CONTRATACIÓN RÉGIMEN ESPECIAL,OTRO,0,0,4.264932768347686e-05
1393620015,0,0,0,LICITACIÓN PÚBLICA,Distrito Capital de Bogotá,0,1,0.5276795046167126
74199840,8,0,0,CONTRATACIÓN DIRECTA,Distrito Capital de Bogotá,0,0,2.7918824572495166e-05
12436628,3,0,0,CONTRATACIÓN RÉGIMEN ESPECIAL,No Definido,0,0,5.012653613249443e-05
389500,43,0,0,CONTRATACIÓN RÉGIMEN ESPECIAL,Antioquia,0,0,4.279499415858355e-05
23520000,120,0,0,CONTRATACIÓN DIRECTA,Cundinamarca,0,0,4.3696065233821915e-05
14200000,120,0,0,CONTRATACIÓN DIRECTA,Tolima,0,0,4.477475550972818e-05
4261977977,13,0,0,CONTRATACIÓN DIRECTA,Antioquia,0,0,4.2550672763452475e-05
1,19,0,0,CONTRATACIÓN RÉGIMEN ESPECIAL,Antioquia,0,0,4.2794987082950164e-05
6400000,120,0,0,CONTRATACIÓN DIRECTA,OTRO,0,0,4.240122651959045e-05
16254051,165,0,0,CONTRATACIÓN DIRECTA,Atlántico,0,0,3.744521339772622e-05
102636591,16,0,0,CONTRATACIÓN RÉGIMEN ESPECIAL,OTRO,0,0,4.264942994067653e-05
122418660,342,0,0,CONTRATACIÓN RÉGIMEN ESPECIAL,Distrito Capital de Bogotá,0,0,2.8082299901021924e-05
6000000,10,0,0,CONTRATACIÓN RÉGIMEN ESPECIAL,OTRO,0,0,4.2649322345064796e-05
78000000,18,0,3,MÍNIMA CUANTÍA,Distrito Capital de Bogotá,1,1,0.9973591323398266
9450000,8,0,0,CONTRATACIÓN RÉGIMEN ESPECIAL,No Definido,0,0,5.012653390643357e-05
14094720,4,0,0,CONTRATACIÓN RÉGIMEN ESPECIAL,OTRO,0,0,4.264932956288675e-05
21000000,91,0,0,CONTRATACIÓN RÉGIMEN ESPECIAL,Nariño,0,0,2.4075724137170016e-05
4500000,83,0,0,CONTRATACIÓN RÉGIMEN ESPECIAL,Distrito Capital de Bogotá,0,0,2.8082167709590576e-05
40133333,344,0,0,CONTRATACIÓN DIRECTA,OTRO,0,0,4.240132475480868e-05
46505098,65,0,2,MÍNIMA CUANTÍA,Caldas,1,1,0.9903063212941682
6600000,87,0,0,CONTRATACIÓN RÉGIMEN ESPECIAL,Bolívar,0,0,3.480426278880298e-05
2700000,2,0,0,CONTRATACIÓN RÉGIMEN ESPECIAL,No Definido,0,0,5.0126523262913685e-05
10938480,30,0,0,CONTRATACIÓN RÉGIMEN ESPECIAL,Distrito Capital de Bogotá,0,0,2.8082162724478836e-05
9068000,15,0,0,CONTRATACIÓN RÉGIMEN ESPECIAL,Antioquia,0,0,4.279499594997075e-05
27148800,8,0,0,CONTRATACIÓN RÉGIMEN ESPECIAL,Antioquia,0,0,4.279501390026521e-05
6084400,60,0,0,MÍNIMA CUANTÍA,OTRO,0,1,0.8580756611633684
700000,30,0,0,CONTRATACIÓN RÉGIMEN ESPECIAL,Antioquia,0,0,4.279499089958003e-05
1200000000,0,10,1,SELECCIÓN ABREVIADA DE MENOR CUANTÍA,Tolima,0,1,0.8240852530840063
55125000,210,0,0,CONTRATACIÓN DIRECTA,Meta,0,0,6.41325875357846e-05
280054600,76,0,0,CONCURSO DE MÉRITOS ABIERTO,Distrito Capital de Bogotá,0,0,0.4560623278801104
5100000,5,0,0,CONTRATACIÓN RÉGIMEN ESPECIAL,No Definido,0,0,5.012652732843373e-05
36300000,0,0,0,CONTRATACIÓN RÉGIMEN ESPECIAL,OTRO,0,0,4.264935280168133e-05
5213333,46,0,0,CONTRATACIÓN RÉGIMEN ESPECIAL,OTRO,0,0,4.264933141950365e-05
10000000,4,0,0,CONTRATACIÓN DIRECTA,Bolívar,0,0,3.4601760410827556e-05
10000000,142,0,0,CONTRATACIÓN DIRECTA,Meta,0,0,6.41324849264896e-05
6335669545,280,0,0,CONTRATACIÓN RÉGIMEN ESPECIAL,Antioquia,0,0,4.280202924569135e-05
19080030,6,0,0,CONTRATACIÓN RÉGIMEN ESPECIAL,Distrito Capital de Bogotá,0,0,2.8082164239409646e-05
12000000,1,0,0,CONTRATACIÓN DIRECTA,Distrito Capital de Bogotá,0,0,2.7918778670559993e-05
400000000,10,0,0,SELECCIÓN ABREVIADA SUBASTA INVERSA,Distrito Capital de Bogotá,0,0,0.48144431474575006
25939440,270,0,0,CONTRATACIÓN DIRECTA,Distrito Capital de Bogotá,0,0,2.791883727995677e-05
2800000,31,0,0,CONTRATACIÓN RÉGIMEN ESPECIAL,Cundinamarca,0,0,4.3951720035592646e-05
518084400,315,0,0,CONTRATACIÓN RÉGIMEN ESPECIAL,Distrito Capital de Bogotá,0,0,2.808258060358814e-05
35000000,12,0,0,CONTRATACIÓN DIRECTA,Distrito Capital de Bogotá,0,0,2.7918797163873892e-05
10230627,4,0,0,CONTRATACIÓN RÉGIMEN ESPECIAL,OTRO,0,0,4.264932532681533e-05
57180000,10,0,0,CONTRATACIÓN DIRECTA,Distrito Capital de Bogotá,0,0,2.7918812719750676e-05
3008956,60,0,0,CONTRATACIÓN DIRECTA,Valle del Cauca,0,0,4.4024957814520924e-05
999500,7,0,0,CONTRATACIÓN RÉGIMEN ESPECIAL,Valle del Cauca,0,0,4.428256841421547e-05
6650000,105,0,0,CONTRATACIÓN DIRECTA,Caldas,0,0,3.444381290632704e-05
2566636,30,0,0,CONTRATACIÓN RÉGIMEN ESPECIAL,Antioquia,0,0,4.279499295289722e-05
38055064,143,0,0,CONTRATACIÓN DIRECTA,Distrito Capital de Bogotá,0,0,2.791882302684087e-05
2100000,329,0,0,CONTRATACIÓN RÉGIMEN ESPECIAL,Antioquia,0,0,4.27950752524721e-05
24720000,8,0,0,CONTRATACIÓN DIRECTA,Distrito Capital de Bogotá,0,0,2.7918789063772285e-05
1000000,16,0,0,CONTRATACIÓN RÉGIMEN ESPECIAL,Atlántico,0,0,3.7664288064834014e-05
24500000,0,0,0,CONTRATACIÓN DIRECTA,Santander,0,0,4.974823450604759e-05
30000000,6,0,0,CONTRATACIÓN DIRECTA,Valle del Cauca,0,0,4.4024972972225064e-05
12430000,150,0,0,CONTRATACIÓN DIRECTA,Distrito Capital de Bogotá,0,0,2.7918805902097104e-05
7050000,3,0,0,CONTRATACIÓN RÉGIMEN ESPECIAL,No Definido,0,0,5.012652919208778e-05
2925234,0,0,0,CONTRATACIÓN RÉGIMEN ESPECIAL,OTRO,0,0,4.2649316214074495e-05
10800000,6,0,0,CONTRATACIÓN RÉGIMEN ESPECIAL,OTRO,0,0,4.264932650304556e-05
6548308,3,0,0,CONTRATACIÓN RÉGIMEN ESPECIAL,Antioquia,0,0,4.279498985469514e-05
4700000,3,0,0,CONTRATACIÓN RÉGIMEN ESPECIAL,Boyacá,0,0,5.4072291991158737e-05
207609371,30,0,1,CONTRATACIÓN RÉGIMEN ESPECIAL (CON OFERTAS),OTRO,1,1,0.9714257363888494
8203484,2,0,0,CONTRATACIÓN DIRECTA,Distrito Capital de Bogotá,0,0,2.7918776126721152e-05
44272200,6,0,0,CONTRATACIÓN DIRECTA,Distrito Capital de Bogotá,0,0,2.791880273382979e-05
30060000,11,0,0,CONTRATACIÓN RÉGIMEN ESPECIAL,Boyacá,0,0,5.4072330037788426e-05
10467128,240,0,0,CONTRATACIÓN DIRECTA,Distrito Capital de Bogotá,0,0,2.791882075565896e-05
1500000,30,0,0,CONTRATACIÓN RÉGIMEN ESPECIAL,Magdalena,0,0,3.843052992089889e-05
13200000,180,0,0,CONTRATACIÓN DIRECTA,Santander,0,0,4.974827801005047e-05
45507000,7,0,0,CONTRATACIÓN DIRECTA,Distrito Capital de Bogotá,0,0,2.7918803800662843e-05
4200000,8,0,0,CONTRATACIÓN RÉGIMEN ESPECIAL,Norte de Santander,0,0,7.343605912074135e-05
10000000,0,0,0,CONTRATACIÓN RÉGIMEN ESPECIAL,Distrito Capital de Bogotá,0,0,2.8082156594600154e-05
3300000,9,0,0,CONTRATACIÓN RÉGIMEN ESPECIAL,No Definido,0,0,5.0126526306872576e-05
48000000,180,0,0,CONTRATACIÓN RÉGIMEN ESPECIAL,Meta,0,0,6.45078508024435e-05
10000000,36,0,0,CONTRATACIÓN DIRECTA,Magdalena,0,0,3.8206956578315284e-05
12780000,142,0,0,CONTRATACIÓN DIRECTA,Santander,0,0,4.97482652383247e-05
151961781,91,0,0,CONTRATACIÓN RÉGIMEN ESPECIAL,Distrito Capital de Bogotá,0,0,2.8082275607479963e-05
41444271,267,0,0,CONTRATACIÓN DIRECTA,Bolívar,0,0,3.46018472746725e-05
18000000,116,0,0,CONTRATACIÓN RÉGIMEN ESPECIAL,Antioquia,0,0,4.2795033748828845e-05
5032500,64,0,0,CONTRATACIÓN DIRECTA,Valle del Cauca,0,0,4.4024961244113594e-05
2253000,3,0,0,CONTRATACIÓN RÉGIMEN ESPECIAL,Antioquia,0,0,4.279498512981645e-05
7144000,38,0,0,CONTRATACIÓN DIRECTA,Meta,0,0,6.413243705320332e-05
7935000,149,0,0,CONTRATACIÓN DIRECTA,Valle del Cauca,0,0,4.402498874735151e-05
1101500,3,0,0,CONTRATACIÓN RÉGIMEN ESPECIAL,Magdalena,0,0,3.843052281179612e-05
791900,5,0,0,CONTRATACIÓN RÉGIMEN ESPECIAL,Distrito Capital de Bogotá,0,0,2.808215085657684e-05
11808000,150,0,0,CONTRATACIÓN DIRECTA,Valle del Cauca,0,0,4.402499341505774e-05
5115000,8,0,0,CONTRATACIÓN RÉGIMEN ESPECIAL,OTRO,0,0,4.264932082282375e-05
26036000,0,0,0,CONTRATACIÓN RÉGIMEN ESPECIAL,Distrito Capital de Bogotá,0,0,2.80821681700116e-05
5148000,3,0,0,CONTRATACIÓN DIRECTA,Cundinamarca,0,0,4.3696011511696445e-05
19200000,6,0,0,CONTRATACIÓN DIRECTA,OTRO,0,0,4.2401209186563175e-05
180572622,559,3,2,SELECCIÓN ABREVIADA DE MENOR CUANTÍA,Distrito Capital de Bogotá,1,1,0.9301666911553901
15600000,8,0,0,CONTRATACIÓN DIRECTA,Boyacá,0,0,5.375772903799878e-05
11760000,180,0,0,CONTRATACIÓN DIRECTA,Tolima,0,0,4.4774770088236955e-05
22000000,4,0,0,CONTRATACIÓN DIRECTA,Valle del Cauca,0,0,4.402496334938518e-05
12047500,67,0,0,CONTRATACIÓN RÉGIMEN ESPECIAL,Distrito Capital de Bogotá,0,0,2.8082170249699466e-05
5019533,85,0,0,CONTRATACIÓN RÉGIMEN ESPECIAL,OTRO,0,0,4.264934197195411e-05
1502790,8,0,0,CONTRATACIÓN RÉGIMEN ESPECIAL,Antioquia,0,0,4.279498568940774e-05
10946408,1,0,1,MÍNIMA CUANTÍA,Distrito Capital de Bogotá,1,1,0.947797215389837
9400000,60,0,0,CONTRATACIÓN DIRECTA,Distrito Capital de Bogotá,0,0,2.7918787465459725e-05
80000000,96,0,0,CONTRATACIÓN DIRECTA,Distrito Capital de Bogotá,0,0,2.791884463575536e-05
31848832,240,0,0,CONTRATACIÓN DIRECTA,Distrito Capital de Bogotá,0,0,2.791883610004143e-05
4400000,47,0,0,CONTRATACIÓN DIRECTA,Atlántico,0,0,3.7445173391617075e-05
36892386,185,0,0,CONTRATACIÓN DIRECTA,Distrito Capital de Bogotá,0,0,2.791882978148511e-05
10791000,3,0,0,CONTRATACIÓN DIRECTA,Distrito Capital de Bogotá,0,0,2.7918778164315604e-05
20020000,0,0,0,CONTRATACIÓN DIRECTA,Cundinamarca,0,0,4.369602736706816e-05
15000000,6,0,0,CONTRATACIÓN RÉGIMEN ESPECIAL,Antioquia,0,0,4.2794999982534255e-05
41782521,334,0,0,CONTRATACIÓN RÉGIMEN ESPECIAL,OTRO,0,0,4.2649451003896106e-05
2248465373,75,1,1,CONTRATACIÓN DIRECTA (CON OFERTAS),OTRO,1,1,0.9861350313499953
6744320000,16,0,0,CONTRATACIÓN DIRECTA,OTRO,0,0,4.240854219221342e-05
5000000,75,0,0,CONTRATACIÓN DIRECTA,Antioquia,0,0,4.2546034107087884e-05
80000000,8,0,0,CONTRATACIÓN DIRECTA,Distrito Capital de Bogotá,0,0,2.7918828734926183e-05
7200000,2,0,0,CONTRATACIÓN RÉGIMEN ESPECIAL,Magdalena,0,0,3.843052858734944e-05
18000000,135,0,0,CONTRATACIÓN DIRECTA,OTRO,0,0,4.2401243278563e-05
12255000,92,0,0,CONTRATACIÓN RÉGIMEN ESPECIAL,Distrito Capital de Bogotá,0,0,2.80821749431892e-05
8000000,180,0,0,CONTRATACIÓN RÉGIMEN ESPECIAL,Tolima,0,0,4.503678141393478e-05
6300000,0,0,0,CONTRATACIÓN RÉGIMEN ESPECIAL,Distrito Capital de Bogotá,0,0,2.8082153923796292e-05
7455000,81,0,0,CONTRATACIÓN RÉGIMEN ESPECIAL,OTRO,0,0,4.2649343537780096e-05
5205000,37,0,0,CONTRATACIÓN RÉGIMEN ESPECIAL,Antioquia,0,0,4.2794997793883965e-05
15600000,4,0,0,CONTRATACIÓN RÉGIMEN ESPECIAL,OTRO,0,0,4.264933121307323e-05
2054853,90,0,0,CONTRATACIÓN RÉGIMEN ESPECIAL,No Definido,0,0,5.0126550979990346e-05
36000000,1,0,0,CONTRATACIÓN RÉGIMEN ESPECIAL,No Definido,0,0,5.012656584393191e-05
15987602,2,0,0,CONTRATACIÓN RÉGIMEN ESPECIAL,OTRO,0,0,4.2649331085941437e-05
5505437,12,0,0,CONTRATACIÓN RÉGIMEN ESPECIAL,No Definido,0,0,5.012653012170786e-05
9782922,6,0,5,MÍNIMA CUANTÍA,OTRO,1,1,0.9999161913068207
17670000,6,0,0,CONTRATACIÓN DIRECTA,Distrito Capital de Bogotá,0,0,2.7918783643030657e-05
14073600,0,0,0,CONTRATACIÓN RÉGIMEN ESPECIAL,No Definido,0,0,5.012653726841487e-05
12108000,158,0,0,CONTRATACIÓN DIRECTA,Valle del Cauca,0,0,4.40249960339531e-05
27000000,180,0,0,CONTRATACIÓN DIRECTA,Distrito Capital de Bogotá,0,0,2.791882177885044e-05
15750000,135,0,0,CONTRATACIÓN DIRECTA,Distrito Capital de Bogotá,0,0,2.7918805574296942e-05
8100000,3,0,0,CONTRATACIÓN DIRECTA,Santander,0,0,4.974821450080929e-05
31132868,120,0,0,CONTRATACIÓN RÉGIMEN ESPECIAL,Distrito Capital de Bogotá,0,0,2.8082193658937814e-05
35316667,163,0,0,CONTRATACIÓN DIRECTA,Distrito Capital de Bogotá,0,0,2.7918824675479018e-05
12879848778,8,0,0,CONTRATACIÓN DIRECTA,Antioquia,0,0,4.25600980510993e-05
35003808,7,0,0,CONTRATACIÓN DIRECTA,Distrito Capital de Bogotá,0,0,2.7918796263151748e-05
5344290,30,0,0,CONTRATACIÓN RÉGIMEN ESPECIAL,Cundinamarca,0,0,4.395172262552925e-05
5990000,2,0,0,CONTRATACIÓN RÉGIMEN ESPECIAL,Atlántico,0,0,3.766428948315982e-05
4640000,4,0,0,CONTRATACIÓN RÉGIMEN ESPECIAL,No Definido,0,0,5.012652641133363e-05
40984000,90,0,0,CONTRATACIÓN RÉGIMEN ESPECIAL,OTRO,0,0,4.2649382778703825e-05
34200000,259,0,0,CONTRATACIÓN DIRECTA,Boyacá,0,0,5.3757842065192e-05
90000000,30,0,0,CONTRATACIÓN RÉGIMEN ESPECIAL,Bolívar,0,0,3.48043245609151e-05
10000000,75,0,0,CONTRATACIÓN DIRECTA,Tolima,0,0,4.477473763595333e-05
900000,1,0,0,CONTRATACIÓN RÉGIMEN ESPECIAL,Antioquia,0,0,4.2794983087572344e-05
20000000,160,0,1,MÍNIMA CUANTÍA,Meta,0,1,0.9765851803549045
3750000,45,0,0,CONTRATACIÓN DIRECTA,Santander,0,0,4.9748222460849376e-05
43215000,5,0,0,CONTRATACIÓN DIRECTA,Distrito Capital de Bogotá,0,0,2.7918801794449668e-05
1777500,6,0,0,CONTRATACIÓN RÉGIMEN ESPECIAL,Distrito Capital de Bogotá,0,0,2.8082151749769316e-05
31800000,0,0,0,CONTRATACIÓN RÉGIMEN ESPECIAL,OTRO,0,0,4.264934786848441e-05
4760000,59,0,0,CONTRATACIÓN RÉGIMEN ESPECIAL,Santander,0,0,5.0039346461925e-05
6400000,60,0,0,CONTRATACIÓN DIRECTA,Valle del Cauca,0,0,4.402496165190539e-05
104400000,1,0,0,CONTRATACIÓN RÉGIMEN ESPECIAL,Meta,0,0,6.450786958934243e-05
23160000,8,0,0,CONTRATACIÓN DIRECTA,Cundinamarca,0,0,4.369603315619489e-05
24511654539,11,7,7,SELECCIÓN ABREVIADA DE MENOR CUANTÍA,Distrito Capital de Bogotá,1,1,0.9999619832142925
507000000,10,0,1,CONTRATACIÓN RÉGIMEN ESPECIAL (CON OFERTAS),Distrito Capital de Bogotá,0,1,0.9572368596516071
22375000,179,0,0,CONTRATACIÓN RÉGIMEN ESPECIAL,Norte de Santander,0,0,7.343617469624237e-05
19739264039,36,0,0,CONTRATACIÓN RÉGIMEN ESPECIAL,Distrito Capital de Bogotá,0,0,2.8096408103253316e-05
9000000,3,0,0,CONTRATACIÓN RÉGIMEN ESPECIAL,Norte de Santander,0,0,7.343606580471372e-05
14640000,183,0,0,CONTRATACIÓN RÉGIMEN ESPECIAL,Tolima,0,0,4.503678997502143e-05
35490000,5,0,0,CONTRATACIÓN DIRECTA,Distrito Capital de Bogotá,0,0,2.7918796250680607e-05
72000000,8,0,0,CONTRATACIÓN DIRECTA,Distrito Capital de Bogotá,0,0,2.7918822993800577e-05
14272860,16,0,0,CONTRATACIÓN RÉGIMEN ESPECIAL,Distrito Capital de Bogotá,0,0,2.8082162586889017e-05
31200000,6,0,0,CONTRATACIÓN DIRECTA,OTRO,0,0,4.240122226522095e-05
281094584,12,0,0,CONTRATACIÓN DIRECTA,Atlántico,0,0,3.7445431229558496e-05
22175333,5,0,0,CONTRATACIÓN RÉGIMEN ESPECIAL,OTRO,0,0,4.2649338697407676e-05
26250000,175,0,0,CONTRATACIÓN DIRECTA,Tolima,0,0,4.477478531582644e-05
10500000,5,0,0,CONTRATACIÓN DIRECTA,OTRO,0,0,4.240119943012137e-05
10000000,4,0,0,CONTRATACIÓN DIRECTA,OTRO,0,0,4.240119861076009e-05
39291927,167,0,0,CONTRATACIÓN RÉGIMEN ESPECIAL,Distrito Capital de Bogotá,0,0,2.8082208090653276e-05
11200000,4,0,0,CONTRATACIÓN RÉGIMEN ESPECIAL,Norte de Santander,0,0,7.343607043259218e-05
58988699,5,0,0,CONTRATACIÓN RÉGIMEN ESPECIAL,No Definido,0,0,5.01265967614265e-05
531879318,60,0,2,LICITACIÓN PÚBLICA OBRA PUBLICA,Boyacá,1,1,0.959607630881329
6337239,5,0,0,CONTRATACIÓN RÉGIMEN ESPECIAL,No Definido,0,0,5.0126528922555454e-05
5000000,3,0,0,CONTRATACIÓN RÉGIMEN ESPECIAL,Meta,0,0,6.450770561089003e-05
20650000,7,0,0,CONTRATACIÓN DIRECTA,Boyacá,0,0,5.3757735668087416e-05
6619300,5,0,0,CONTRATACIÓN RÉGIMEN ESPECIAL,Tolima,0,0,4.5036728807690725e-05
28675800,60,0,0,CONTRATACIÓN RÉGIMEN ESPECIAL,Cundinamarca,0,0,4.3951757517658755e-05
12000000,105,0,0,CONTRATACIÓN RÉGIMEN ESPECIAL,No Definido,0,0,5.012656866002529e-05
2847089564,45,0,1,SELECCIÓN ABREVIADA SUBASTA INVERSA,Distrito Capital de Bogotá,1,1,0.8089658816374188
3531122,11,0,0,CONTRATACIÓN DIRECTA,Antioquia,0,0,4.254601487801034e-05
7824000,60,0,0,CONTRATACIÓN DIRECTA,Antioquia,0,0,4.254603306512304e-05
2390000,47,0,0,CONTRATACIÓN RÉGIMEN ESPECIAL,Nariño,0,0,2.4075705764189233e-05
20400000,166,0,0,CONTRATACIÓN RÉGIMEN ESPECIAL,Antioquia,0,0,4.2795050237164613e-05
25000000,5,0,0,CONTRATACIÓN DIRECTA,Valle del Cauca,0,0,4.402496702918136e-05
12600000,107,0,0,CONTRATACIÓN RÉGIMEN ESPECIAL,No Definido,0,0,5.012657008192225e-05
12500000,5,0,0,CONTRATACIÓN DIRECTA,Norte de Santander,0,0,7.300884795104647e-05
139964640,0,0,0,CONTRATACIÓN RÉGIMEN ESPECIAL,Bolívar,0,0,3.480436250287849e-05
2750000,31,0,0,CONTRATACIÓN RÉGIMEN ESPECIAL,Nariño,0,0,2.407570349387367e-05
5708526,5,0,0,CONTRATACIÓN RÉGIMEN ESPECIAL,No Definido,0,0,5.012652811248958e-05
5355000,88,0,0,CONTRATACIÓN DIRECTA,Valle del Cauca,0,0,4.4024968447281845e-05
4368402,5,0,0,CONTRATACIÓN RÉGIMEN ESPECIAL,Antioquia,0,0,4.279498801070997e-05
33000000,0,0,0,CONTRATACIÓN RÉGIMEN ESPECIAL,Bolívar,0,0,3.480426680986255e-05
22000000,224,0,0,CONTRATACIÓN DIRECTA,Caldas,0,0,3.444385302400357e-05
30940000,198,0,0,CONTRATACIÓN DIRECTA,Atlántico,0,0,3.744523553034867e-05
40000000,11,0,0,CONTRATACIÓN DIRECTA,Distrito Capital de Bogotá,0,0,2.791880057138293e-05
785160000,9,0,0,CONTRATACIÓN RÉGIMEN ESPECIAL,OTRO,0,0,4.265017624362553e-05
37725000,7,0,0,CONTRATACIÓN DIRECTA,Distrito Capital de Bogotá,0,0,2.7918798215987868e-05
59504151,7,0,0,CONTRATACIÓN DIRECTA,Distrito Capital de Bogotá,0,0,2.7918813845581997e-05
1444368,10,0,1,MÍNIMA CUANTÍA,No Definido,1,1,0.970068134539043
10000000,10,0,0,CONTRATACIÓN RÉGIMEN ESPECIAL,Antioquia,0,0,4.2794995590350095e-05
25316994,5,0,0,CONTRATACIÓN DIRECTA,Antioquia,0,0,4.254603705113469e-05
9658500,90,0,0,CONTRATACIÓN RÉGIMEN ESPECIAL,No Definido,0,0,5.0126560776922064e-05
1007083405,0,0,0,SELECCIÓN ABREVIADA DE MENOR CUANTÍA,Valle del Cauca,0,1,0.5024219977421805
4388333,50,0,0,CONTRATACIÓN DIRECTA,Norte de Santander,0,0,7.300885399109917e-05
11826000,6,0,0,CONTRATACIÓN RÉGIMEN ESPECIAL,OTRO,0,0,4.264932762781389e-05
12137000,229,0,0,CONTRATACIÓN DIRECTA,Tolima,0,0,4.4774784721262554e-05
2557000,30,0,0,CONTRATACIÓN RÉGIMEN ESPECIAL,Nariño,0,0,2.4075703218615157e-05
11250000,90,0,0,CONTRATACIÓN RÉGIMEN ESPECIAL,Boyacá,0,0,5.407233154025784e-05
28000000,7,0,1,MÍNIMA CUANTÍA,Antioquia,0,1,0.9651189161671886
5000000,220,0,0,CONTRATACIÓN RÉGIMEN ESPECIAL,Meta,0,0,6.450779620407402e-05
21902162,3,0,0,CONTRATACIÓN RÉGIMEN ESPECIAL,No Definido,0,0,5.012654832837426e-05
7000000,60,0,0,CONTRATACIÓN RÉGIMEN ESPECIAL,No Definido,0,0,5.01265476191893e-05
81551519,60,0,15,MÍNIMA CUANTÍA,Valle del Cauca,1,1,0.9999999999792704
16400000,15,0,0,CONTRATACIÓN RÉGIMEN ESPECIAL,Nariño,0,0,2.407570944817336e-05
15039500,105,0,0,CONTRATACIÓN DIRECTA,Distrito Capital de Bogotá,0,0,2.791879964368307e-05
28000000,0,0,0,CONTRATACIÓN DIRECTA,Distrito Capital de Bogotá,0,0,2.7918789972103248e-05
10000000,146,0,0,CONTRATACIÓN DIRECTA,OTRO,0,0,4.240123757804692e-05
77936544,603,0,0,CONTRATACIÓN DIRECTA,Distrito Capital de Bogotá,0,0,2.7918934765564774e-05
62881955,0,0,0,CONTRATACIÓN RÉGIMEN ESPECIAL,Bolívar,0,0,3.4804293542917195e-05
44506000,30,0,0,CONTRATACIÓN RÉGIMEN ESPECIAL,No Definido,0,0,5.012658621148173e-05
10000000,2,0,0,CONTRATACIÓN DIRECTA,Valle del Cauca,0,0,4.402494920005497e-05
224531195,4,3,2,SELECCIÓN ABREVIADA DE MENOR CUANTÍA,Santander,1,1,0.9595713198008771
60810480,9,0,0,CONTRATACIÓN DIRECTA,Distrito Capital de Bogotá,0,0,2.7918815144438642e-05
7814422,62,0,0,CONTRATACIÓN DIRECTA,Distrito Capital de Bogotá,0,0,2.791878668896785e-05
19320000,131,0,0,CONTRATACIÓN DIRECTA,Caldas,0,0,3.4443829919709665e-05
18000000,3,0,0,CONTRATACIÓN RÉGIMEN ESPECIAL,Boyacá,0,0,5.407231047639681e-05
67103053,1,0,1,MÍNIMA CUANTÍA,Distrito Capital de Bogotá,1,1,0.9477972868118373
10300438250,0,0,19,CONCURSO DE MÉRITOS ABIERTO,Distrito Capital de Bogotá,1,1,0.9999999999996414
52223400,342,0,0,CONTRATACIÓN DIRECTA,Distrito Capital de Bogotá,0,0,2.791886915219177e-05
4800000,1,0,0,CONTRATACIÓN RÉGIMEN ESPECIAL,Magdalena,0,0,3.843052596783981e-05
1777069,30,0,3,MÍNIMA CUANTÍA,No Definido,1,1,0.9985188284256409
10500000,3,0,0,CONTRATACIÓN DIRECTA,Meta,0,0,6.413242805855707e-05
7149432,7,0,0,CONTRATACIÓN RÉGIMEN ESPECIAL,Distrito Capital de Bogotá,0,0,2.8082155809186763e-05
256000000,8,0,0,CONTRATACIÓN DIRECTA,Tolima,0,0,4.4775001341729154e-05
12600000,90,0,0,CONTRATACIÓN RÉGIMEN ESPECIAL,Antioquia,0,0,4.2795020607654356e-05
2142000,40,0,0,CONTRATACIÓN RÉGIMEN ESPECIAL,Distrito Capital de Bogotá,0,0,2.8082158192318738e-05
7000000,1,0,0,CONTRATACIÓN RÉGIMEN ESPECIAL,Distrito Capital de Bogotá,0,0,2.808215461083166e-05
119431801,0,0,0,SELECCIÓN ABREVIADA SUBASTA INVERSA,Santander,0,1,0.6232657209854511
5000000,56,0,0,CONTRATACIÓN RÉGIMEN ESPECIAL,Nariño,0,0,2.407570878177851e-05
6600000,3,0,0,CONTRATACIÓN DIRECTA,Distrito Capital de Bogotá,0,0,2.7918775156688714e-05
23000000,30,0,0,CONTRATACIÓN RÉGIMEN ESPECIAL,No Definido,0,0,5.012655850203094e-05
2270000,3,62,1,CONTRATACIÓN DIRECTA (CON OFERTAS),Antioquia,1,1,0.9861970003459841
90376594,0,0,0,CONTRATACIÓN RÉGIMEN ESPECIAL,Distrito Capital de Bogotá,0,0,2.8082214613614403e-05
10800000,6,0,0,CONTRATACIÓN DIRECTA,Bolívar,0,0,3.460176157024433e-05
16335000,2,0,0,CONTRATACIÓN DIRECTA,Valle del Cauca,0,0,4.402495636888752e-05
34056000,11,0,0,CONTRATACIÓN DIRECTA,Distrito Capital de Bogotá,0,0,2.7918796305730806e-05
867000000,191,0,0,CONTRATACIÓN RÉGIMEN ESPECIAL,Distrito Capital de Bogotá,0,0,2.8082809932069678e-05
3178490,50,0,0,CONTRATACIÓN DIRECTA,OTRO,0,0,4.240120379928031e-05
75000000,250,0,0,CONTRATACIÓN DIRECTA,Distrito Capital de Bogotá,0,0,2.7918868874018872e-05
27916200,3,0,1,MÍNIMA CUANTÍA,Norte de Santander,1,1,0.9793733973122636
4000000,30,0,0,CONTRATACIÓN RÉGIMEN ESPECIAL,OTRO,0,0,4.2649325672997506e-05
938553,71,0,0,CONTRATACIÓN RÉGIMEN ESPECIAL,Distrito Capital de Bogotá,0,0,2.8082162957819337e-05
68340000,10,0,0,CONTRATACIÓN DIRECTA,Distrito Capital de Bogotá,0,0,2.7918820728618255e-05
14816616,6,0,0,CONTRATACIÓN RÉGIMEN ESPECIAL,Antioquia,0,0,4.2794999780810085e-05
2250000,4,0,0,CONTRATACIÓN RÉGIMEN ESPECIAL,OTRO,0,0,4.2649316577931504e-05
1902481183,13,0,0,CONCURSO DE MÉRITOS ABIERTO,Distrito Capital de Bogotá,0,0,0.456072572461782
28000000,210,0,0,CONTRATACIÓN DIRECTA,Tolima,0,0,4.477479747213935e-05
77997880,1,0,0,CONTRATACIÓN RÉGIMEN ESPECIAL,Norte de Santander,0,0,7.343619509158412e-05
33796000,7,0,0,CONTRATACIÓN DIRECTA,Boyacá,0,0,5.375775383300194e-05
3000000,2,0,0,CONTRATACIÓN RÉGIMEN ESPECIAL,Cundinamarca,0,0,4.3951712012439215e-05
5000000,4,0,0,CONTRATACIÓN DIRECTA,Caldas,0,0,3.444378893062168e-05
42112296,6,0,0,CONTRATACIÓN DIRECTA,Distrito Capital de Bogotá,0,0,2.791880118379611e-05
9517200,2,0,0,CONTRATACIÓN RÉGIMEN ESPECIAL,OTRO,0,0,4.2649323992663737e-05
16400000,107,0,0,CONTRATACIÓN DIRECTA,Valle del Cauca,0,0,4.4024986359658336e-05
720000,1,0,0,CONTRATACIÓN RÉGIMEN ESPECIAL,Distrito Capital de Bogotá,0,0,2.80821500776839e-05
176073600,3,2,1,SELECCIÓN ABREVIADA DE MENOR CUANTÍA,OTRO,1,1,0.8160216310109516
2196000,3,0,0,CONTRATACIÓN RÉGIMEN ESPECIAL,OTRO,0,0,4.26493162427101e-05
58550000,15,0,0,CONTRATACIÓN RÉGIMEN ESPECIAL,OTRO,0,0,4.2649381333960486e-05
22120000,5,0,0,CONTRATACIÓN RÉGIMEN ESPECIAL,No Definido,0,0,5.012654925787349e-05
1260000000,0,0,2,CONTRATACIÓN RÉGIMEN ESPECIAL (CON OFERTAS),Santander,1,1,0.9945332486984821
7920000,90,0,0,CONTRATACIÓN RÉGIMEN ESPECIAL,OTRO,0,0,4.2649346531753424e-05
64290000,201,0,0,CONTRATACIÓN DIRECTA,Distrito Capital de Bogotá,0,0,2.791885233419901e-05
8000000,10,0,0,CONTRATACIÓN RÉGIMEN ESPECIAL,No Definido,0,0,5.0126532687004865e-05
24022278,0,0,0,CONTRATACIÓN RÉGIMEN ESPECIAL,Distrito Capital de Bogotá,0,0,2.808216671642808e-05
48041635,60,0,1,MÍNIMA CUANTÍA,Distrito Capital de Bogotá,1,1,0.947797281462371
67455094,1,0,0,SELECCIÓN ABREVIADA DE MENOR CUANTÍA,OTRO,0,0,0.4930210566530512
85000000,300,0,0,CONTRATACIÓN DIRECTA,Distrito Capital de Bogotá,0,0,2.791888508501408e-05
20383561,8,0,0,CONTRATACIÓN DIRECTA,Distrito Capital de Bogotá,0,0,2.791878595177143e-05
121380,31,0,0,CONTRATACIÓN RÉGIMEN ESPECIAL,Antioquia,0,0,4.2794990540058475e-05
45000000,140,0,2,MÍNIMA CUANTÍA,Norte de Santander,1,1,0.9954033995396434
30000000,5,0,4,MÍNIMA CUANTÍA,OTRO,1,1,0.999617879402435
370000,297,0,0,CONTRATACIÓN RÉGIMEN ESPECIAL,Valle del Cauca,0,0,4.428265080971754e-05
25410000,6,0,0,CONTRATACIÓN RÉGIMEN ESPECIAL,Tolima,0,0,4.503675085182488e-05
33987697,1,0,0,CONTRATACIÓN RÉGIMEN ESPECIAL,Antioquia,0,0,4.279501948435833e-05
16466655,96,0,0,CONTRATACIÓN RÉGIMEN ESPECIAL,Boyacá,0,0,5.407234089041011e-05
48600000,162,0,0,CONTRATACIÓN DIRECTA,Distrito Capital de Bogotá,0,0,2.7918834027449445e-05
195806146,19,0,0,CONTRATACIÓN RÉGIMEN ESPECIAL,Antioquia,0,0,4.2795202472069824e-05
35200000,150,0,0,CONTRATACIÓN DIRECTA,Distrito Capital de Bogotá,0,0,2.7918822242769e-05
36414000,45,0,0,CONTRATACIÓN RÉGIMEN ESPECIAL,OTRO,0,0,4.264936534770836e-05
421188048,213,0,0,CONTRATACIÓN RÉGIMEN ESPECIAL,OTRO,0,0,4.2649833537060396e-05
7871374,120,0,0,CONTRATACIÓN RÉGIMEN ESPECIAL,Norte de Santander,0,0,7.3436119279573e-05
51279928,0,0,0,CONTRATACIÓN RÉGIMEN ESPECIAL,Bolívar,0,0,3.480428316348602e-05
604040796,17,0,2,LICITACIÓN PÚBLICA,OTRO,1,1,0.9724468776224615
21073000,160,0,0,CONTRATACIÓN RÉGIMEN ESPECIAL,Distrito Capital de Bogotá,0,0,2.808219366726232e-05
8284866,152,0,0,CONTRATACIÓN RÉGIMEN ESPECIAL,OTRO,0,0,4.2649364045192596e-05
15000000,0,0,1,MÍNIMA CUANTÍA,Atlántico,1,1,0.9605545679289951
15600000,173,0,0,CONTRATACIÓN RÉGIMEN ESPECIAL,Nariño,0,0,2.407573357250882e-05
17052480,281,0,0,CONTRATACIÓN DIRECTA,Antioquia,0,0,4.254610401093373e-05
10000000,0,0,3,MÍNIMA CUANTÍA,Valle del Cauca,1,1,0.9983236766741899
10000000,330,0,0,CONTRATACIÓN RÉGIMEN ESPECIAL,Santander,0,0,5.0039440964681314e-05
10800000,6,0,0,CONTRATACIÓN RÉGIMEN ESPECIAL,Valle del Cauca,0,0,4.4282579282990304e-05
2200000,14,0,0,CONTRATACIÓN RÉGIMEN ESPECIAL,No Definido,0,0,5.012652651163963e-05
8000000,4,0,0,CONTRATACIÓN DIRECTA,Norte de Santander,0,0,7.300883903396816e-05
10000000,5,0,0,CONTRATACIÓN DIRECTA,OTRO,0,0,4.2401198885177515e-05
125332800,150,0,0,CONTRATACIÓN RÉGIMEN ESPECIAL,OTRO,0,0,4.264949180904582e-05
54463705,261,0,0,CONTRATACIÓN DIRECTA,Distrito Capital de Bogotá,0,0,2.7918856123923862e-05
40320000,8,0,0,CONTRATACIÓN RÉGIMEN ESPECIAL,OTRO,0,0,4.2649359416858144e-05
100000000,320,0,0,SELECCIÓN ABREVIADA DE MENOR CUANTÍA,Antioquia,0,0,0.4938740922454876
3864000,1,0,0,CONTRATACIÓN RÉGIMEN ESPECIAL,Bolívar,0,0,3.480424096942763e-05
10840000,4,0,0,CONTRATACIÓN DIRECTA,Antioquia,0,0,4.2546020943590275e-05
3350282,2,0,0,CONTRATACIÓN RÉGIMEN ESPECIAL,Antioquia,0,0,4.279498605987098e-05
11101140,0,0,0,CONTRATACIÓN RÉGIMEN ESPECIAL,No Definido,0,0,5.01265334385454e-05
10000000,2,0,0,CONTRATACIÓN DIRECTA,Distrito Capital de Bogotá,0,0,2.7918777415971895e-05
4400000,0,0,0,CONTRATACIÓN RÉGIMEN ESPECIAL,Boyacá,0,0,5.407229052435536e-05
62712000,8,0,0,CONTRATACIÓN DIRECTA,Distrito Capital de Bogotá,0,0,2.7918816328355203e-05
4748700,0,0,0,CONTRATACIÓN RÉGIMEN ESPECIAL,OTRO,0,0,4.264931821307665e-05
15000000,150,0,0,CONTRATACIÓN RÉGIMEN ESPECIAL,OTRO,0,0,4.264937085472158e-05
87812667,310,0,0,CONTRATACIÓN DIRECTA,Distrito Capital de Bogotá,0,0,2.7918888910418508e-05
65689585,269,0,0,CONTRATACIÓN RÉGIMEN ESPECIAL,Antioquia,0,0,4.2795128583798265e-05
33000000,3,0,0,CONTRATACIÓN RÉGIMEN ESPECIAL,Nariño,0,0,2.4075717851381157e-05
9333333,140,0,0,CONTRATACIÓN DIRECTA,Boyacá,0,0,5.375776630323336e-05
433377500,30,0,2,LICITACIÓN PÚBLICA,Cundinamarca,1,1,0.973241417519684
8388534,3,0,0,CONTRATACIÓN DIRECTA,Valle del Cauca,0,0,4.402494766140869e-05
26465064,6,0,0,CONTRATACIÓN DIRECTA,Distrito Capital de Bogotá,0,0,2.7918789954717758e-05
42000000,6,0,0,CONTRATACIÓN DIRECTA,Distrito Capital de Bogotá,0,0,2.7918801103208014e-05
6312060,90,0,0,CONTRATACIÓN DIRECTA,Atlántico,0,0,3.744518565275383e-05
32000000,5,0,0,CONTRATACIÓN RÉGIMEN ESPECIAL,Cundinamarca,0,0,4.395174562828546e-05
24107020,0,0,0,CONTRATACIÓN RÉGIMEN ESPECIAL,OTRO,0,0,4.264933943493355e-05
148308452,5,0,0,CONTRATACIÓN RÉGIMEN ESPECIAL,Distrito Capital de Bogotá,0,0,2.8082257339946447e-05
6000000,8,0,1,MÍNIMA CUANTÍA,Bolívar,1,1,0.9574509267205511
20484150,157,0,0,CONTRATACIÓN DIRECTA,Tolima,0,0,4.477477346392324e-05
4700000,2,0,0,CONTRATACIÓN RÉGIMEN ESPECIAL,Cundinamarca,0,0,4.3951713932998365e-05
43260000,10,0,0,CONTRATACIÓN DIRECTA,Distrito Capital de Bogotá,0,0,2.791880273019859e-05
10260000,162,0,0,CONTRATACIÓN DIRECTA,Santander,0,0,4.9748268455222515e-05
15000000,70,0,0,CONTRATACIÓN RÉGIMEN ESPECIAL,No Definido,0,0,5.012656117093042e-05
19826250,278,0,0,CONTRATACIÓN DIRECTA,Boyacá,0,0,5.375782881410239e-05
1325750,30,0,0,CONTRATACIÓN RÉGIMEN ESPECIAL,No Definido,0,0,5.012653057581359e-05
101230000,10,0,0,CONTRATACIÓN DIRECTA,Distrito Capital de Bogotá,0,0,2.791884433182662e-05
20800000,120,0,0,CONTRATACIÓN DIRECTA,Tolima,0,0,4.477476310563782e-05
13923123,104,0,0,CONTRATACIÓN DIRECTA,Distrito Capital de Bogotá,0,0,2.791879866183522e-05
17000000,3,0,0,CONTRATACIÓN RÉGIMEN ESPECIAL,Antioquia,0,0,4.279500135165574e-05
2200000,0,0,0,CONTRATACIÓN RÉGIMEN ESPECIAL,No Definido,0,0,5.012652196986307e-05
51910000,10,0,0,CONTRATACIÓN DIRECTA,Distrito Capital de Bogotá,0,0,2.791880893778618e-05
24000000,161,0,0,CONTRATACIÓN DIRECTA,OTRO,0,0,4.240125695275797e-05
6800000,6,0,0,CONTRATACIÓN DIRECTA,Caldas,0,0,3.4443790970101566e-05
8596000,2,0,0,CONTRATACIÓN DIRECTA,OTRO,0,0,4.240119653172307e-05
1890312,4,0,0,CONTRATACIÓN RÉGIMEN ESPECIAL,OTRO,0,0,4.264931618361814e-05
116584533,296,0,0,CONTRATACIÓN RÉGIMEN ESPECIAL,Distrito Capital de Bogotá,0,0,2.8082287329242515e-05
5000000,10,0,0,CONTRATACIÓN RÉGIMEN ESPECIAL,Santander,0,0,5.0039330902044535e-05
10500000,3,0,0,CONTRATACIÓN DIRECTA,OTRO,0,0,4.240119888128659e-05
19200000,5,0,0,CONTRATACIÓN DIRECTA,Distrito Capital de Bogotá,0,0,2.7918784560328382e-05
36048000,327,0,0,CONTRATACIÓN RÉGIMEN ESPECIAL,Atlántico,0,0,3.766439780601295e-05
435600,1,0,0,CONTRATACIÓN RÉGIMEN ESPECIAL,Distrito Capital de Bogotá,0,0,2.808214987239295e-05
17655631,105,0,0,CONTRATACIÓN DIRECTA,Santander,0,0,4.9748259560240365e-05
41977589,320,0,2,MÍNIMA CUANTÍA,OTRO,1,1,0.9921112505358152
7200000,4,0,0,CONTRATACIÓN DIRECTA,Magdalena,0,0,3.8206945915731e-05
137025129,0,0,20,SELECCIÓN ABREVIADA SUBASTA INVERSA,Santander,1,1,0.99999999999996
493749884,5,132,8,SELECCIÓN ABREVIADA DE MENOR CUANTÍA,Meta,1,1,0.9999963778984361
21440000,149,0,0,CONTRATACIÓN DIRECTA,Valle del Cauca,0,0,4.402500402993705e-05
3766667,50,0,0,CONTRATACIÓN DIRECTA,Distrito Capital de Bogotá,0,0,2.7918781615847663e-05
27867000,76,0,0,CONTRATACIÓN RÉGIMEN ESPECIAL,OTRO,0,0,4.26493645346463e-05
58458420,90,1,1,CONTRATACIÓN DIRECTA (CON OFERTAS),Antioquia,0,1,0.9861808099616175
11125800,56,0,0,CONTRATACIÓN RÉGIMEN ESPECIAL,Antioquia,0,0,4.2795009569174635e-05
27010382,90,0,0,CONTRATACIÓN RÉGIMEN ESPECIAL,Norte de Santander,0,0,7.343614114777746e-05
2378255,29,0,0,CONTRATACIÓN RÉGIMEN ESPECIAL,Distrito Capital de Bogotá,0,0,2.8082156363626335e-05
778074364,90,0,0,CONTRATACIÓN RÉGIMEN ESPECIAL,OTRO,0,0,4.265019083405928e-05
18200000,99,0,0,CONTRATACIÓN DIRECTA,Magdalena,0,0,3.820698020963459e-05
67276650,2,0,7,MÍNIMA CUANTÍA,Distrito Capital de Bogotá,1,1,0.9999938803325082
12000000,6,0,0,CONTRATACIÓN DIRECTA,Valle del Cauca,0,0,4.4024952603004105e-05
19440150,5,0,0,CONTRATACIÓN DIRECTA,Distrito Capital de Bogotá,0,0,2.7918784732669548e-05
352240,1,0,0,CONTRATACIÓN RÉGIMEN ESPECIAL,Santander,0,0,5.0039322009416066e-05
8940798,290,0,0,CONTRATACIÓN RÉGIMEN ESPECIAL,Antioquia,0,0,4.279507197573873e-05
194250000,315,0,0,CONTRATACIÓN DIRECTA,OTRO,0,0,4.240148476734395e-05
18791619,103,0,0,CONTRATACIÓN RÉGIMEN ESPECIAL,OTRO,0,0,4.2649362038244305e-05
24561600,2,0,0,CONTRATACIÓN RÉGIMEN ESPECIAL,Antioquia,0,0,4.2795009392523515e-05
86183533,326,0,0,CONTRATACIÓN DIRECTA,Distrito Capital de Bogotá,0,0,2.7918890632348283e-05
30000000,0,0,0,CONTRATACIÓN RÉGIMEN ESPECIAL,OTRO,0,0,4.264934589520583e-05
10000000,24,0,0,CONTRATACIÓN RÉGIMEN ESPECIAL,Distrito Capital de Bogotá,0,0,2.8082160956557784e-05
1100506582,180,0,17,SELECCIÓN ABREVIADA SUBASTA INVERSA,Distrito Capital de Bogotá,1,1,0.9999999999932618
16200000,6,0,0,CONTRATACIÓN RÉGIMEN ESPECIAL,No Definido,0,0,5.0126541954653844e-05
70000000,10,0,0,CONTRATACIÓN DIRECTA,Distrito Capital de Bogotá,0,0,2.7918821919901652e-05
2500000,2,0,0,CONTRATACIÓN RÉGIMEN ESPECIAL,OTRO,0,0,4.264931629995154e-05
9000000,180,0,0,CONTRATACIÓN DIRECTA,OTRO,0,0,4.240124581835876e-05
5644000,15,0,0,CONTRATACIÓN RÉGIMEN ESPECIAL,No Definido,0,0,5.012653127347749e-05
60144032,205,0,0,CONTRATACIÓN DIRECTA,Distrito Capital de Bogotá,0,0,2.7918850081646303e-05
13973027,86,0,0,CONTRATACIÓN DIRECTA,Distrito Capital de Bogotá,0,0,2.7918795445210635e-05
3133584,1,0,0,CONTRATACIÓN RÉGIMEN ESPECIAL,Atlántico,0,0,3.7664286474004956e-05
11410667,92,0,0,CONTRATACIÓN DIRECTA,Antioquia,0,0,4.254604579889184e-05
5082000,3,0,0,CONTRATACIÓN RÉGIMEN ESPECIAL,Antioquia,0,0,4.279498824174271e-05
15288000,4,0,0,CONTRATACIÓN DIRECTA,Boyacá,0,0,5.3757727215234476e-05
21725000,165,0,0,CONTRATACIÓN DIRECTA,Valle del Cauca,0,0,4.402500891126742e-05
91640000,0,0,0,CONTRATACIÓN DIRECTA,Distrito Capital de Bogotá,0,0,2.7918835642736143e-05
79527680,0,0,3,CONTRATACIÓN RÉGIMEN ESPECIAL (CON OFERTAS),Antioquia,1,1,0.9985926824931444
190512,3,0,0,CONTRATACIÓN RÉGIMEN ESPECIAL,Antioquia,0,0,4.279498286106068e-05
16000000,55,0,0,CONTRATACIÓN RÉGIMEN ESPECIAL,Cundinamarca,0,0,4.3951741775020287e-05
23250000,8,0,0,CONTRATACIÓN RÉGIMEN ESPECIAL,Cundinamarca,0,0,4.395173659640425e-05
100000000,60,0,0,CONTRATACIÓN RÉGIMEN ESPECIAL,OTRO,0,0,4.264943919531669e-05
3001704,66,0,0,CONTRATACIÓN RÉGIMEN ESPECIAL,Antioquia,0,0,4.2795003402249246e-05
28858357,0,0,0,CONTRATACIÓN DIRECTA,Atlántico,0,0,3.744518554268806e-05
4600000,1,0,0,CONTRATACIÓN RÉGIMEN ESPECIAL,Magdalena,0,0,3.843052577027406e-05
11203524,3,0,0,CONTRATACIÓN RÉGIMEN ESPECIAL,Nariño,0,0,2.407570436246706e-05
15300000,234,0,0,CONTRATACIÓN DIRECTA,Valle del Cauca,0,0,4.4025021300482434e-05
10000000,10,0,0,CONTRATACIÓN RÉGIMEN ESPECIAL,Magdalena,0,0,3.843053334303445e-05
21950000,33,0,0,CONTRATACIÓN RÉGIMEN ESPECIAL,Bolívar,0,0,3.480426435761992e-05
4000000,4,0,0,CONTRATACIÓN DIRECTA,OTRO,0,0,4.2401192071434315e-05
7200000,120,0,0,CONTRATACIÓN DIRECTA,OTRO,0,0,4.240122739150113e-05
60000000,3,0,0,CONTRATACIÓN RÉGIMEN ESPECIAL,OTRO,0,0,4.264937961126491e-05
31723923,15,0,1,MÍNIMA CUANTÍA,Antioquia,1,1,0.9651189211327541
21000000,63,0,0,CONTRATACIÓN RÉGIMEN ESPECIAL,Antioquia,0,0,4.279502236965588e-05
29750000,4,0,0,CONTRATACIÓN DIRECTA,Distrito Capital de Bogotá,0,0,2.7918791950736678e-05
24000000,4,0,0,CONTRATACIÓN RÉGIMEN ESPECIAL,Cundinamarca,0,0,4.395173630590254e-05
85675000,345,0,0,CONTRATACIÓN DIRECTA,Distrito Capital de Bogotá,0,0,2.7918893700543812e-05
9720000,116,0,0,CONTRATACIÓN DIRECTA,Valle del Cauca,0,0,4.402498136474397e-05
12000000,90,0,0,CONTRATACIÓN RÉGIMEN ESPECIAL,Atlántico,0,0,3.76643167526774e-05
20000000,29,0,0,CONTRATACIÓN RÉGIMEN ESPECIAL,OTRO,0,0,4.264934293722329e-05
11168000,4,0,0,CONTRATACIÓN DIRECTA,Valle del Cauca,0,0,4.40249510916422e-05
5959065,75,0,0,CONTRATACIÓN DIRECTA,OTRO,0,0,4.240121369023189e-05
64388201,346,0,0,CONTRATACIÓN DIRECTA,Distrito Capital de Bogotá,0,0,2.7918878604929035e-05
10000000,5,0,0,CONTRATACIÓN DIRECTA,Cundinamarca,0,0,4.369601752690362e-05
29700000,3,0,0,CONTRATACIÓN RÉGIMEN ESPECIAL,OTRO,0,0,4.264934639439602e-05
2874667,0,0,0,CONTRATACIÓN DIRECTA,Antioquia,0,0,4.25460111312044e-05
32872000,7,0,0,CONTRATACIÓN DIRECTA,OTRO,0,0,4.240122436193187e-05
760000,1,0,0,CONTRATACIÓN RÉGIMEN ESPECIAL,OTRO,0,0,4.26493141164272e-05
25285662,135,0,0,CONTRATACIÓN DIRECTA,Distrito Capital de Bogotá,0,0,2.7918812417471973e-05
49800000,180,0,0,CONTRATACIÓN DIRECTA,Distrito Capital de Bogotá,0,0,2.7918838141060844e-05
10000000,4,0,0,CONTRATACIÓN RÉGIMEN ESPECIAL,OTRO,0,0,4.264932507398692e-05
14550000,86,0,0,CONTRATACIÓN RÉGIMEN ESPECIAL,OTRO,0,0,4.264935269590339e-05
3900000,3,0,0,CONTRATACIÓN RÉGIMEN ESPECIAL,OTRO,0,0,4.2649318110745825e-05
16300000,150,78,0,CONTRATACIÓN DIRECTA (CON OFERTAS),Santander,0,1,0.9482493707960327
12000000,5,0,0,CONTRATACIÓN RÉGIMEN ESPECIAL,Norte de Santander,0,0,7.343607241789401e-05
8000000,2,0,0,CONTRATACIÓN DIRECTA,Valle del Cauca,0,0,4.402494693680897e-05
47182736,30,0,0,CONTRATACIÓN RÉGIMEN ESPECIAL,Magdalena,0,0,3.843057504765144e-05
50304000,12,0,0,CONTRATACIÓN DIRECTA,Distrito Capital de Bogotá,0,0,2.791880814663807e-05
7129000000,7,0,0,SELECCIÓN ABREVIADA DE MENOR CUANTÍA,Distrito Capital de Bogotá,0,0,0.3904008349137101
21465000,135,0,0,CONTRATACIÓN DIRECTA,Meta,0,0,6.41325009204561e-05
5000000,3,0,0,CONTRATACIÓN RÉGIMEN ESPECIAL,Nariño,0,0,2.4075700523370685e-05
7000000,29,0,0,CONTRATACIÓN RÉGIMEN ESPECIAL,Magdalena,0,0,3.8430535105237575e-05
46998900,309,0,0,CONTRATACIÓN DIRECTA,Distrito Capital de Bogotá,0,0,2.79188594400559e-05
20798374,100,0,0,CONTRATACIÓN RÉGIMEN ESPECIAL,Distrito Capital de Bogotá,0,0,2.808218256412091e-05
1300000,30,0,0,CONTRATACIÓN RÉGIMEN ESPECIAL,OTRO,0,0,4.2649322713081224e-05
25819248,11,0,0,CONTRATACIÓN DIRECTA,OTRO,0,0,4.240121777289014e-05
4400000,57,0,0,CONTRATACIÓN RÉGIMEN ESPECIAL,OTRO,0,0,4.264933356413019e-05
15079680,3,0,0,CONTRATACIÓN DIRECTA,OTRO,0,0,4.240120387262387e-05
16000000,19,0,0,CONTRATACIÓN RÉGIMEN ESPECIAL,Distrito Capital de Bogotá,0,0,2.8082164378851015e-05
12000000,20,0,0,CONTRATACIÓN RÉGIMEN ESPECIAL,Bolívar,0,0,3.480425252785699e-05
78000000,7,0,0,MÍNIMA CUANTÍA,Valle del Cauca,0,1,0.8625912879498874
1561338588,40,0,0,CONTRATACIÓN RÉGIMEN ESPECIAL,Valle del Cauca,0,0,4.4284353955356105e-05
21000000,86,0,0,CONTRATACIÓN DIRECTA,Distrito Capital de Bogotá,0,0,2.7918800488047422e-05
5535696,30,0,0,CONTRATACIÓN RÉGIMEN ESPECIAL,No Definido,0,0,5.0126536000123105e-05
7500000,90,0,0,CONTRATACIÓN RÉGIMEN ESPECIAL,OTRO,0,0,4.264934607132175e-05
27562092,340,0,0,CONTRATACIÓN RÉGIMEN ESPECIAL,Caldas,0,0,3.464544668170942e-05
18560000,0,0,0,CONTRATACIÓN DIRECTA,Distrito Capital de Bogotá,0,0,2.7918783197584548e-05
5635800,0,0,0,CONTRATACIÓN RÉGIMEN ESPECIAL,Magdalena,0,0,3.8430526544746616e-05
29354000,4,0,0,CONTRATACIÓN RÉGIMEN ESPECIAL,Cundinamarca,0,0,4.3951742354537644e-05
32100000,6,0,0,CONTRATACIÓN DIRECTA,Distrito Capital de Bogotá,0,0,2.791879399857226e-05
24000000,303,0,0,CONTRATACIÓN DIRECTA,Distrito Capital de Bogotá,0,0,2.791884185094654e-05
8054758,29,0,0,CONTRATACIÓN RÉGIMEN ESPECIAL,Nariño,0,0,2.40757064651244e-05
25766480,8,0,0,CONTRATACIÓN DIRECTA,Distrito Capital de Bogotá,0,0,2.7918789814767952e-05
6000000,3,0,0,CONTRATACIÓN RÉGIMEN ESPECIAL,Magdalena,0,0,3.843052765067531e-05
25000000,300,0,0,CONTRATACIÓN DIRECTA,Antioquia,0,0,4.254611793418915e-05
14400000,79,0,0,CONTRATACIÓN DIRECTA,Distrito Capital de Bogotá,0,0,2.791879448678669e-05
3633437,54,0,0,CONTRATACIÓN DIRECTA,Antioquia,0,0,4.254602683015199e-05
6000000,3,0,0,CONTRATACIÓN RÉGIMEN ESPECIAL,No Definido,0,0,5.012652783921426e-05
13050616,150,0,0,CONTRATACIÓN RÉGIMEN ESPECIAL,No Definido,0,0,5.0126584612276504e-05
2477280,2,0,0,CONTRATACIÓN RÉGIMEN ESPECIAL,Distrito Capital de Bogotá,0,0,2.8082151527904932e-05
18000000,4,0,0,CONTRATACIÓN DIRECTA,Meta,0,0,6.413244083687318e-05
48364440,3,0,0,CONTRATACIÓN RÉGIMEN ESPECIAL,Antioquia,0,0,4.279503585285638e-05
20250000,180,0,0,CONTRATACIÓN DIRECTA,Antioquia,0,0,4.2546079696916075e-05
19516793,171,0,0,CONTRATACIÓN DIRECTA,Boyacá,0,0,5.375779115985401e-05
11472000,5,0,0,CONTRATACIÓN DIRECTA,Cundinamarca,0,0,4.369601918020765e-05
90000000,0,0,3,MÍNIMA CUANTÍA,Tolima,1,1,0.9983517056060832
1976000,15,0,0,CONTRATACIÓN RÉGIMEN ESPECIAL,Boyacá,0,0,5.407229240453323e-05
925400,2,0,0,CONTRATACIÓN RÉGIMEN ESPECIAL,Boyacá,0,0,5.4072286395018235e-05
18205250,210,0,0,CONTRATACIÓN DIRECTA,Distrito Capital de Bogotá,0,0,2.791882088811511e-05
21600000,6,0,0,CONTRATACIÓN DIRECTA,Santander,0,0,4.974823272952394e-05
16983060,2,0,0,CONTRATACIÓN RÉGIMEN ESPECIAL,Antioquia,0,0,4.27950010560556e-05
7333333,110,0,0,CONTRATACIÓN DIRECTA,OTRO,0,0,4.240122479264365e-05
6180000,3,0,0,CONTRATACIÓN RÉGIMEN ESPECIAL,Nariño,0,0,2.4075701253622308e-05
2868750,1,0,0,CONTRATACIÓN RÉGIMEN ESPECIAL,Cundinamarca,0,0,4.3951711579709e-05
5762800,1,0,0,CONTRATACIÓN RÉGIMEN ESPECIAL,Distrito Capital de Bogotá,0,0,2.8082153717772635e-05
24600000,6,0,0,CONTRATACIÓN DIRECTA,OTRO,0,0,4.240121507195868e-05
75109177,330,0,0,CONTRATACIÓN DIRECTA,Distrito Capital de Bogotá,0,0,2.791888340768855e-05
9000000,2,0,0,CONTRATACIÓN DIRECTA,Distrito Capital de Bogotá,0,0,2.7918776698332453e-05
1227715473,9,0,0,CONTRATACIÓN DIRECTA,Cundinamarca,0,0,4.369738637919974e-05
298511945,45,0,0,LICITACIÓN PÚBLICA OBRA PUBLICA,No Definido,0,1,0.5142724138821312
21847378,324,0,0,CONTRATACIÓN DIRECTA,Distrito Capital de Bogotá,0,0,2.7918844100653364e-05
43524000,270,0,0,CONTRATACIÓN RÉGIMEN ESPECIAL,Distrito Capital de Bogotá,0,0,2.808222986564337e-05
66932906,347,0,0,CONTRATACIÓN DIRECTA,Distrito Capital de Bogotá,0,0,2.791888061180796e-05
6500000,30,0,0,MÍNIMA CUANTÍA,Valle del Cauca,0,1,0.8625910877489378
42846529,12,0,0,CONTRATACIÓN RÉGIMEN ESPECIAL,Distrito Capital de Bogotá,0,0,2.808218248549395e-05
23136000,226,0,0,CONTRATACIÓN DIRECTA,Valle del Cauca,0,0,4.4025027888486137e-05
4013333,43,0,0,CONTRATACIÓN DIRECTA,Distrito Capital de Bogotá,0,0,2.791878052802878e-05
512640000,6,0,0,CONTRATACIÓN RÉGIMEN ESPECIAL,OTRO,0,0,4.264987665640309e-05
3735650,3,0,0,CONTRATACIÓN RÉGIMEN ESPECIAL,Meta,0,0,6.450770351449594e-05
71934800,314,0,0,CONTRATACIÓN RÉGIMEN ESPECIAL,Antioquia,0,0,4.279514791712422e-05
17484906,6,0,0,CONTRATACIÓN DIRECTA,Boyacá,0,0,5.375773094670426e-05
86669737,313,0,0,CONTRATACIÓN DIRECTA,Distrito Capital de Bogotá,0,0,2.791888863227829e-05
4400000,15,0,0,CONTRATACIÓN RÉGIMEN ESPECIAL,No Definido,0,0,5.0126529670644375e-05
80000000,336,0,0,CONTRATACIÓN RÉGIMEN ESPECIAL,Tolima,0,0,4.5036910233419224e-05
9000000,5,0,0,CONTRATACIÓN RÉGIMEN ESPECIAL,Valle del Cauca,0,0,4.428257694755658e-05
4200000,2,0,0,CONTRATACIÓN RÉGIMEN ESPECIAL,Tolima,0,0,4.5036725132618855e-05
68640000,11,0,0,CONTRATACIÓN DIRECTA,Distrito Capital de Bogotá,0,0,2.7918821124601598e-05
6540000,3,0,0,CONTRATACIÓN DIRECTA,Norte de Santander,0,0,7.300883582167639e-05
6000000,4,0,0,CONTRATACIÓN DIRECTA,Antioquia,0,0,4.254601565051779e-05
4000000,1,0,0,CONTRATACIÓN DIRECTA,Bolívar,0,0,3.4601754402503564e-05
30996000,273,0,0,CONTRATACIÓN DIRECTA,Distrito Capital de Bogotá,0,0,2.791884145082555e-05
54760930,294,0,0,CONTRATACIÓN DIRECTA,Distrito Capital de Bogotá,0,0,2.7918862300040633e-05
17000000,85,0,0,CONTRATACIÓN DIRECTA,Distrito Capital de Bogotá,0,0,2.791879743679638e-05
223156130,6,0,0,SELECCIÓN ABREVIADA DE MENOR CUANTÍA,Antioquia,0,0,0.4938743755754328
22000000,120,0,0,CONTRATACIÓN DIRECTA,Distrito Capital de Bogotá,0,0,2.7918807349182523e-05
9386665,132,0,0,CONTRATACIÓN RÉGIMEN ESPECIAL,Antioquia,0,0,4.2795028705528696e-05
290373522,3,0,8,SELECCIÓN ABREVIADA SUBASTA INVERSA,Distrito Capital de Bogotá,1,1,0.9999942466793326
2400000,0,0,0,CONTRATACIÓN RÉGIMEN ESPECIAL,Nariño,0,0,2.4075698446884857e-05
9000000,0,0,0,CONTRATACIÓN DIRECTA,OTRO,0,0,4.2401196423202894e-05
4598500,3,0,0,CONTRATACIÓN RÉGIMEN ESPECIAL,No Definido,0,0,5.012652603345027e-05
235025,0,0,0,CONTRATACIÓN RÉGIMEN ESPECIAL,Distrito Capital de Bogotá,0,0,2.8082149545861988e-05
19950000,5,0,0,CONTRATACIÓN RÉGIMEN ESPECIAL,Valle del Cauca,0,0,4.428258941133931e-05
100000000,105,0,0,CONTRATACIÓN RÉGIMEN ESPECIAL,Antioquia,0,0,4.279512090314971e-05
29613782,330,0,0,CONTRATACIÓN DIRECTA,Atlántico,0,0,3.744526624327514e-05
44000000,11,0,0,CONTRATACIÓN DIRECTA,No Definido,0,0,4.983495371638371e-05
7800000,5,0,0,CONTRATACIÓN RÉGIMEN ESPECIAL,OTRO,0,0,4.264932293822643e-05
3014666,1,0,0,CONTRATACIÓN RÉGIMEN ESPECIAL,Cundinamarca,0,0,4.395171174455625e-05
2000000,341,0,0,CONTRATACIÓN RÉGIMEN ESPECIAL,Boyacá,0,0,5.407240652097657e-05
18000000,4,0,0,CONTRATACIÓN DIRECTA,OTRO,0,0,4.240120732986267e-05
36551900,329,0,0,CONTRATACIÓN DIRECTA,Distrito Capital de Bogotá,0,0,2.7918855556682513e-05
11086213,7,0,0,CONTRATACIÓN RÉGIMEN ESPECIAL,Santander,0,0,5.0039337758646504e-05
34200000,118,0,0,CONTRATACIÓN RÉGIMEN ESPECIAL,Magdalena,0,0,3.843058411034586e-05
40322000,30,0,0,SELECCIÓN ABREVIADA SUBASTA INVERSA,OTRO,0,1,0.5850709676667394
137170000,11,0,0,CONTRATACIÓN DIRECTA,Distrito Capital de Bogotá,0,0,2.791887030455388e-05
25500000,3,0,0,CONTRATACIÓN DIRECTA,Antioquia,0,0,4.2546036700562534e-05
27766667,8,0,0,CONTRATACIÓN DIRECTA,Distrito Capital de Bogotá,0,0,2.7918791250181725e-05
8230000,20,0,0,CONTRATACIÓN RÉGIMEN ESPECIAL,Distrito Capital de Bogotá,0,0,2.8082158951909753e-05
6720000,4,0,0,CONTRATACIÓN RÉGIMEN ESPECIAL,Santander,0,0,5.003933117123531e-05
21995307,154,0,0,CONTRATACIÓN DIRECTA,Antioquia,0,0,4.254607444637421e-05
45000000,268,0,0,CONTRATACIÓN RÉGIMEN ESPECIAL,Distrito Capital de Bogotá,0,0,2.808223056758304e-05
13200000,6,0,0,CONTRATACIÓN DIRECTA,Valle del Cauca,0,0,4.402495396095185e-05
16333340,355,0,0,CONTRATACIÓN RÉGIMEN ESPECIAL,Cundinamarca,0,0,4.3951827487275444e-05
35000000,5,0,0,CONTRATACIÓN DIRECTA,Distrito Capital de Bogotá,0,0,2.7918795899037003e-05
770000,30,0,0,CONTRATACIÓN RÉGIMEN ESPECIAL,No Definido,0,0,5.012652985975693e-05
5253000,81,0,0,CONTRATACIÓN RÉGIMEN ESPECIAL,OTRO,0,0,4.264934112380288e-05
21368932,117,0,0,CONTRATACIÓN DIRECTA,Distrito Capital de Bogotá,0,0,2.791880635422962e-05
80000000,120,0,1,MÍNIMA CUANTÍA,OTRO,1,1,0.9650040139804291
2425000,30,0,0,CONTRATACIÓN DIRECTA,Santander,0,0,4.974821593706972e-05
79065556,1,0,0,SELECCIÓN ABREVIADA DE MENOR CUANTÍA,No Definido,0,1,0.5333576802834791
1500000,30,0,0,CONTRATACIÓN RÉGIMEN ESPECIAL,No Definido,0,0,5.012653080032621e-05
2484000000,3,0,0,LICITACIÓN PÚBLICA,Boyacá,0,1,0.6826707931118582
31185000,11,0,0,CONTRATACIÓN DIRECTA,Atlántico,0,0,3.744519044786758e-05
1442824,0,0,0,CONTRATACIÓN RÉGIMEN ESPECIAL,Distrito Capital de Bogotá,0,0,2.8082150417698116e-05
25840000,150,0,0,CONTRATACIÓN DIRECTA,Distrito Capital de Bogotá,0,0,2.791881552565374e-05
29912000,4,0,0,CONTRATACIÓN DIRECTA,Distrito Capital de Bogotá,0,0,2.7918792066994342e-05
8183000,111,0,0,CONTRATACIÓN DIRECTA,Caldas,0,0,3.444381560109638e-05
85000000,15,0,0,CONTRATACIÓN RÉGIMEN ESPECIAL,Distrito Capital de Bogotá,0,0,2.808221345880049e-05
21265920,4,0,0,CONTRATACIÓN DIRECTA,Distrito Capital de Bogotá,0,0,2.7918785862223633e-05
12881013,136,0,0,CONTRATACIÓN DIRECTA,Cundinamarca,0,0,4.3696057809191194e-05
13136935,159,0,0,CONTRATACIÓN DIRECTA,OTRO,0,0,4.2401244564386886e-05
623101662,38,0,0,CONTRATACIÓN RÉGIMEN ESPECIAL,OTRO,0,0,4.2650006586312706e-05
18042000,170,0,0,CONTRATACIÓN DIRECTA,Valle del Cauca,0,0,4.4025006168124726e-05
2900000,1,0,0,CONTRATACIÓN RÉGIMEN ESPECIAL,Distrito Capital de Bogotá,0,0,2.8082151651292442e-05
1450000,1,0,0,CONTRATACIÓN RÉGIMEN ESPECIAL,OTRO,0,0,4.264931487285012e-05
21257600,8,0,0,CONTRATACIÓN DIRECTA,Distrito Capital de Bogotá,0,0,2.791878657901652e-05
531987730,6,0,1,SELECCIÓN ABREVIADA SUBASTA INVERSA,Santander,1,1,0.8829783680366721
10150000,100,0,0,CONTRATACIÓN DIRECTA,Tolima,0,0,4.477474505303984e-05
7574844,0,0,0,CONTRATACIÓN RÉGIMEN ESPECIAL,Distrito Capital de Bogotá,0,0,2.8082154844028234e-05
3500000,0,0,0,CONTRATACIÓN DIRECTA,OTRO,0,0,4.240119042882119e-05
3648730051,4,0,15,SELECCIÓN ABREVIADA SUBASTA INVERSA,Distrito Capital de Bogotá,1,1,0.9999999998598492
16223333,157,0,0,CONTRATACIÓN RÉGIMEN ESPECIAL,No Definido,0,0,5.012659097106279e-05
4973109,1,0,0,CONTRATACIÓN DIRECTA,Valle del Cauca,0,0,4.402494322658397e-05
1728000,5,0,0,CONTRATACIÓN RÉGIMEN ESPECIAL,Antioquia,0,0,4.279498510624331e-05
6000000,3,0,0,CONTRATACIÓN DIRECTA,OTRO,0,0,4.240119397679211e-05
2400000,2,0,0,CONTRATACIÓN RÉGIMEN ESPECIAL,Magdalena,0,0,3.843052384577129e-05
15120000,4,0,0,CONTRATACIÓN DIRECTA,Norte de Santander,0,0,7.300885239517861e-05
5000000,0,0,0,CONTRATACIÓN RÉGIMEN ESPECIAL,Norte de Santander,0,0,7.343605682872154e-05
7800000,162,0,0,CONTRATACIÓN DIRECTA,Nariño,0,0,2.393565599154323e-05
18900000,180,0,0,CONTRATACIÓN DIRECTA,Valle del Cauca,0,0,4.402500998831958e-05
2063222,1,0,0,CONTRATACIÓN RÉGIMEN ESPECIAL,Antioquia,0,0,4.279498436712723e-05
6600000,0,0,0,CONTRATACIÓN DIRECTA,OTRO,0,0,4.240119380747258e-05
57200000,11,0,0,CONTRATACIÓN DIRECTA,OTRO,0,0,4.240125197441544e-05
12000000,40,1,1,CONTRATACIÓN DIRECTA (CON OFERTAS),Distrito Capital de Bogotá,1,1,0.9790916887768784
311479624,5,0,1,CONTRATACIÓN RÉGIMEN ESPECIAL (CON OFERTAS),No Definido,1,1,0.9755842330886756
12000000,6,0,0,CONTRATACIÓN DIRECTA,Caldas,0,0,3.4443795573954014e-05
1780000,15,0,0,CONTRATACIÓN RÉGIMEN ESPECIAL,Nariño,0,0,2.4075700400478073e-05
2171500,4,0,0,CONTRATACIÓN RÉGIMEN ESPECIAL,Valle del Cauca,0,0,4.4282568888459365e-05
6067845,5,0,0,CONTRATACIÓN RÉGIMEN ESPECIAL,Magdalena,0,0,3.8430528215135554e-05
77376158,30,0,0,SELECCIÓN ABREVIADA DE MENOR CUANTÍA,Distrito Capital de Bogotá,0,0,0.39035773257362366
20952736,160,0,0,CONTRATACIÓN RÉGIMEN ESPECIAL,Norte de Santander,0,0,7.34361629817232e-05
27990133,172,0,0,CONTRATACIÓN DIRECTA,OTRO,0,0,4.240126432015694e-05
4000000,2,0,0,CONTRATACIÓN DIRECTA,Norte de Santander,0,0,7.300883058268469e-05
1626500,2,0,0,CONTRATACIÓN RÉGIMEN ESPECIAL,Caldas,0,0,3.464534779730902e-05
3057824,12,0,0,CONTRATACIÓN RÉGIMEN ESPECIAL,Distrito Capital de Bogotá,0,0,2.8082153764446064e-05
8400000,180,1,1,CONTRATACIÓN DIRECTA (CON OFERTAS),Bolívar,1,1,0.9830616425154609
60000000,1,0,0,CONTRATACIÓN RÉGIMEN ESPECIAL,No Definido,0,0,5.0126596766787774e-05
11648000,122,0,0,CONTRATACIÓN RÉGIMEN ESPECIAL,Distrito Capital de Bogotá,0,0,2.808217995748332e-05
160800000,1,3,1,SELECCIÓN ABREVIADA DE MENOR CUANTÍA,Cundinamarca,0,1,0.820497747657548
10000000,0,0,0,CONTRATACIÓN DIRECTA,Santander,0,0,4.9748215964498054e-05
33600000,6,0,0,CONTRATACIÓN DIRECTA,Distrito Capital de Bogotá,0,0,2.7918795075032094e-05
1870000000,9,0,1,LICITACIÓN PÚBLICA,Distrito Capital de Bogotá,1,1,0.835942389371174
500000,1,0,0,CONTRATACIÓN RÉGIMEN ESPECIAL,Nariño,0,0,2.4075697426875063e-05
63600000,8,0,0,CONTRATACIÓN DIRECTA,Distrito Capital de Bogotá,0,0,2.7918816965619923e-05
380800,30,0,0,CONTRATACIÓN RÉGIMEN ESPECIAL,Antioquia,0,0,4.2794990548457024e-05
15217361,74,0,0,CONTRATACIÓN RÉGIMEN ESPECIAL,Antioquia,0,0,4.2795019055320994e-05
1800000,7,0,0,CONTRATACIÓN RÉGIMEN ESPECIAL,Caldas,0,0,3.464534907293638e-05
5370000,1,0,0,CONTRATACIÓN RÉGIMEN ESPECIAL,OTRO,0,0,4.264931917020935e-05
54000000,9,0,0,CONTRATACIÓN DIRECTA,Distrito Capital de Bogotá,0,0,2.7918810256963323e-05
31068126,20,0,3,MÍNIMA CUANTÍA,OTRO,1,1,0.9982595920502662
101239939,3,0,0,CONTRATACIÓN RÉGIMEN ESPECIAL,Santander,0,0,5.0039452420002076e-05
8640000,118,0,0,CONTRATACIÓN DIRECTA,Cundinamarca,0,0,4.369604795546511e-05
2826250,49,0,0,CONTRATACIÓN RÉGIMEN ESPECIAL,Cundinamarca,0,0,4.395172518538114e-05
11528000,4,0,0,CONTRATACIÓN DIRECTA,Distrito Capital de Bogotá,0,0,2.791877887390674e-05
40000000,296,0,0,CONTRATACIÓN RÉGIMEN ESPECIAL,Valle del Cauca,0,0,4.428269563186514e-05
4526000,2,0,0,CONTRATACIÓN RÉGIMEN ESPECIAL,Cundinamarca,0,0,4.3951713736423486e-05
12138000,15,0,0,CONTRATACIÓN RÉGIMEN ESPECIAL,OTRO,0,0,4.264933045405746e-05
4816676,26,0,0,CONTRATACIÓN DIRECTA,Antioquia,0,0,4.254602041422417e-05
11660000,74,0,0,CONTRATACIÓN RÉGIMEN ESPECIAL,OTRO,0,0,4.26493462154148e-05
17705345,135,0,0,CONTRATACIÓN DIRECTA,Caldas,0,0,3.444382938184194e-05
8100000,3,0,0,CONTRATACIÓN DIRECTA,Santander,0,0,4.974821450080929e-05
4400000,2,0,0,CONTRATACIÓN DIRECTA,Santander,0,0,4.9748209447554276e-05
15214500,82,0,0,CONTRATACIÓN RÉGIMEN ESPECIAL,Nariño,0,0,2.407571915439586e-05
55257500,345,0,0,CONTRATACIÓN DIRECTA,Valle del Cauca,0,0,4.4025098144257444e-05
5000000,31,0,0,CONTRATACIÓN RÉGIMEN ESPECIAL,Antioquia,0,0,4.279499590658656e-05
70000000,280,0,0,CONTRATACIÓN RÉGIMEN ESPECIAL,OTRO,0,0,4.2649467032538806e-05
17352000,6,0,0,CONTRATACIÓN DIRECTA,Valle del Cauca,0,0,4.402495865945143e-05
105000000,15,0,0,CONTRATACIÓN RÉGIMEN ESPECIAL,OTRO,0,0,4.2649432255582434e-05
6924610,4,0,0,CONTRATACIÓN RÉGIMEN ESPECIAL,No Definido,0,0,5.012652935494157e-05
119828571,1,0,0,CONTRATACIÓN RÉGIMEN ESPECIAL,Atlántico,0,0,3.766439945054645e-05
18583890,5,0,0,CONTRATACIÓN RÉGIMEN ESPECIAL,Tolima,0,0,4.503674265824657e-05
45000000,4,0,0,CONTRATACIÓN DIRECTA,Meta,0,0,6.413248534464661e-05
93000000,310,0,0,CONTRATACIÓN RÉGIMEN ESPECIAL,Distrito Capital de Bogotá,0,0,2.808227284941992e-05
184022492,6,0,0,CONTRATACIÓN RÉGIMEN ESPECIAL,Distrito Capital de Bogotá,0,0,2.8082283301584113e-05
1300000,30,0,0,CONTRATACIÓN RÉGIMEN ESPECIAL,Magdalena,0,0,3.843052972333313e-05
224942500,3,20,7,SELECCIÓN ABREVIADA DE MENOR CUANTÍA,Distrito Capital de Bogotá,1,1,0.9999619691234753
124677465,160,0,0,CONTRATACIÓN RÉGIMEN ESPECIAL,Distrito Capital de Bogotá,0,0,2.8082268453196382e-05
8000000,310,0,1,MÍNIMA CUANTÍA,Valle del Cauca,0,1,0.9662512259473186
25900000,15,0,0,CONTRATACIÓN RÉGIMEN ESPECIAL,OTRO,0,0,4.2649345540865416e-05
8911314,6,0,0,CONTRATACIÓN RÉGIMEN ESPECIAL,OTRO,0,0,4.2649324432544595e-05
10500000,7,0,0,CONTRATACIÓN DIRECTA,Atlántico,0,0,3.744516956913669e-05
5332500,45,0,0,CONTRATACIÓN RÉGIMEN ESPECIAL,Distrito Capital de Bogotá,0,0,2.808216140408731e-05
22400000,256,0,0,CONTRATACIÓN RÉGIMEN ESPECIAL,Valle del Cauca,0,0,4.4282664134963164e-05
13377000,7,0,0,CONTRATACIÓN DIRECTA,Distrito Capital de Bogotá,0,0,2.791878074289485e-05
2766226746,46,0,5,CONTRATACIÓN RÉGIMEN ESPECIAL (CON OFERTAS),Distrito Capital de Bogotá,1,1,0.999896767779654
119520000,6,0,0,CONTRATACIÓN DIRECTA,Atlántico,0,0,3.7445274258892064e-05
30800000,316,0,0,CONTRATACIÓN DIRECTA,Meta,0,0,6.413259143304269e-05
23000000,70,0,1,CONTRATACIÓN RÉGIMEN ESPECIAL (CON OFERTAS),Antioquia,1,1,0.9715201094987815
32500000,5,0,0,CONTRATACIÓN DIRECTA,Distrito Capital de Bogotá,0,0,2.791879410493725e-05
53469360,337,0,0,CONTRATACIÓN DIRECTA,Distrito Capital de Bogotá,0,0,2.7918869142887526e-05
6300000,15,0,0,CONTRATACIÓN RÉGIMEN ESPECIAL,Caldas,0,0,3.464535487414385e-05
48000000,0,0,0,CONTRATACIÓN DIRECTA,Distrito Capital de Bogotá,0,0,2.7918804324902542e-05
9941400,103,0,0,CONTRATACIÓN RÉGIMEN ESPECIAL,Magdalena,0,0,3.8430556416163534e-05
5000000,1,0,0,CONTRATACIÓN DIRECTA,Santander,0,0,4.974820989282622e-05
38966667,258,0,0,CONTRATACIÓN RÉGIMEN ESPECIAL,No Definido,0,0,5.0126653040525716e-05
13800000,6,0,0,CONTRATACIÓN DIRECTA,Norte de Santander,0,0,7.300885086308686e-05
78372500,345,0,0,CONTRATACIÓN DIRECTA,Distrito Capital de Bogotá,0,0,2.791888845996038e-05
36863930,3,0,0,CONTRATACIÓN RÉGIMEN ESPECIAL,Antioquia,0,0,4.2795023202176026e-05
13798533,1,0,0,CONTRATACIÓN DIRECTA,OTRO,0,0,4.240120192748256e-05
120000000,5,0,0,SELECCIÓN ABREVIADA DE MENOR CUANTÍA,Distrito Capital de Bogotá,0,0,0.39035795481042285
142581782,30,0,0,CONTRATACIÓN RÉGIMEN ESPECIAL,OTRO,0,0,4.264947759567258e-05
9144900,90,0,0,CONTRATACIÓN DIRECTA,Tolima,0,0,4.4774740998494296e-05
12150600,165,0,0,CONTRATACIÓN DIRECTA,OTRO,0,0,4.240124513589744e-05
100000000,90,0,0,CONTRATACIÓN RÉGIMEN ESPECIAL,Tolima,0,0,4.50368616833265e-05
637000,1,0,1,MÍNIMA CUANTÍA,No Definido,1,1,0.970068132245104
18716786,190,0,0,CONTRATACIÓN DIRECTA,Caldas,0,0,3.444384253791238e-05
1942939,4,0,1,MÍNIMA CUANTÍA,OTRO,1,1,0.9650039208644036
3284400,3,0,0,CONTRATACIÓN RÉGIMEN ESPECIAL,Antioquia,0,0,4.279498626436595e-05
1725000000,345,1,1,CONTRATACIÓN DIRECTA (CON OFERTAS),Distrito Capital de Bogotá,1,1,0.9790926305752532
2101450,305,0,1,MÍNIMA CUANTÍA,Distrito Capital de Bogotá,1,1,0.9477973014901266
13800000,2,0,0,CONTRATACIÓN RÉGIMEN ESPECIAL,Tolima,0,0,4.5036736245855643e-05
15778686,360,0,0,CONTRATACIÓN RÉGIMEN ESPECIAL,Distrito Capital de Bogotá,0,0,2.8082226195326202e-05
2837364,30,0,1,MÍNIMA CUANTÍA,Distrito Capital de Bogotá,1,1,0.9477972143631108
2750000,1,0,0,CONTRATACIÓN RÉGIMEN ESPECIAL,OTRO,0,0,4.2649316297994724e-05
26458750,5,0,0,CONTRATACIÓN RÉGIMEN ESPECIAL,Boyacá,0,0,5.4072322932837914e-05
9317700,0,0,0,CONTRATACIÓN RÉGIMEN ESPECIAL,OTRO,0,0,4.264932322191247e-05
12503222,83,0,0,CONTRATACIÓN DIRECTA,OTRO,0,0,4.240122301797156e-05
20102901,3,0,0,CONTRATACIÓN RÉGIMEN ESPECIAL,Distrito Capital de Bogotá,0,0,2.8082164432513158e-05
10000000,1,0,0,CONTRATACIÓN DIRECTA,Distrito Capital de Bogotá,0,0,2.791877723528107e-05
9250000,16,0,0,CONTRATACIÓN RÉGIMEN ESPECIAL (CON OFERTAS),OTRO,0,1,0.8817132137341284
4999964,0,0,0,CONTRATACIÓN RÉGIMEN ESPECIAL,Distrito Capital de Bogotá,0,0,2.8082152985379803e-05
18473033,89,0,0,CONTRATACIÓN RÉGIMEN ESPECIAL,Distrito Capital de Bogotá,0,0,2.8082178886365654e-05
55200000,345,0,0,CONTRATACIÓN DIRECTA,Distrito Capital de Bogotá,0,0,2.7918871830398893e-05
20677000,175,0,0,CONTRATACIÓN DIRECTA,Antioquia,0,0,4.254607878711321e-05
7500000,41,0,0,CONTRATACIÓN RÉGIMEN ESPECIAL,Cundinamarca,0,0,4.395172818989336e-05
12520000,100,0,0,CONTRATACIÓN DIRECTA,Valle del Cauca,0,0,4.402497997447607e-05
27579824,2,0,0,CONTRATACIÓN RÉGIMEN ESPECIAL,OTRO,0,0,4.2649343794096176e-05
3218133,1,0,0,CONTRATACIÓN RÉGIMEN ESPECIAL,Distrito Capital de Bogotá,0,0,2.8082151880933214e-05
36000000,6,0,0,CONTRATACIÓN DIRECTA,Meta,0,0,6.413247133882182e-05
3000000,1,0,0,CONTRATACIÓN RÉGIMEN ESPECIAL,Cundinamarca,0,0,4.3951711727987506e-05
40000000,154,0,0,CONTRATACIÓN RÉGIMEN ESPECIAL,No Definido,0,0,5.0126620632940223e-05
8000000,270,0,0,CONTRATACIÓN RÉGIMEN ESPECIAL,Antioquia,0,0,4.2795065401522725e-05
10000000,2,0,0,CONTRATACIÓN RÉGIMEN ESPECIAL,No Definido,0,0,5.012653266860566e-05
750000,15,0,0,CONTRATACIÓN RÉGIMEN ESPECIAL,No Definido,0,0,5.012652496779844e-05
29955000,15,0,7,MÍNIMA CUANTÍA,Antioquia,1,1,0.9999959843095433
12028000,52,0,0,CONTRATACIÓN RÉGIMEN ESPECIAL,OTRO,0,0,4.264934054632819e-05
26984995,225,0,0,CONTRATACIÓN DIRECTA,Boyacá,0,0,5.375782026657512e-05
9600000,3,0,0,CONTRATACIÓN DIRECTA,Santander,0,0,4.974821641890022e-05
6216667,50,0,0,CONTRATACIÓN RÉGIMEN ESPECIAL,Valle del Cauca,0,0,4.428258667612762e-05
4000000,1,0,0,CONTRATACIÓN RÉGIMEN ESPECIAL,Norte de Santander,0,0,7.343605541642497e-05
16500000,3,0,0,CONTRATACIÓN DIRECTA,Distrito Capital de Bogotá,0,0,2.7918782261319675e-05
60000000,225,0,0,CONTRATACIÓN DIRECTA,Distrito Capital de Bogotá,0,0,2.7918853592109748e-05
23100000,6,0,0,CONTRATACIÓN DIRECTA,OTRO,0,0,4.240121343712653e-05
10577000,210,0,0,CONTRATACIÓN DIRECTA,Distrito Capital de Bogotá,0,0,2.7918815413773943e-05
5280000,3,0,0,CONTRATACIÓN DIRECTA,Distrito Capital de Bogotá,0,0,2.7918774209404698e-05
1198000,20,0,0,CONTRATACIÓN RÉGIMEN ESPECIAL,Caldas,0,0,3.46453514517433e-05
200000000,3,0,0,CONTRATACIÓN RÉGIMEN ESPECIAL,Atlántico,0,0,3.766447755506255e-05
14461722,120,0,0,CONTRATACIÓN RÉGIMEN ESPECIAL,Distrito Capital de Bogotá,0,0,2.808218162504237e-05
3400000,4,657,1,CONTRATACIÓN DIRECTA (CON OFERTAS),Antioquia,1,1,0.9863542092257255
442394730,9,0,0,CONTRATACIÓN RÉGIMEN ESPECIAL,No Definido,0,0,5.012709206207018e-05
3600000,45,0,0,CONTRATACIÓN DIRECTA,Valle del Cauca,0,0,4.402495420947363e-05
38808456,8,0,0,CONTRATACIÓN DIRECTA,OTRO,0,0,4.2401231106424304e-05
5250000,105,0,0,CONTRATACIÓN DIRECTA,Boyacá,0,0,5.375774848402518e-05
8000000,4,0,0,CONTRATACIÓN RÉGIMEN ESPECIAL,OTRO,0,0,4.264932288145635e-05
25200000,9,0,0,CONTRATACIÓN DIRECTA,Distrito Capital de Bogotá,0,0,2.79187895889303e-05
2351678,224,0,0,CONTRATACIÓN RÉGIMEN ESPECIAL,Antioquia,0,0,4.27950464478566e-05
85942515,53,0,1,MÍNIMA CUANTÍA,Distrito Capital de Bogotá,1,1,0.9477973274243982
2530000000,305,0,0,CONTRATACIÓN RÉGIMEN ESPECIAL,Bolívar,0,0,3.480656945828494e-05
54373780,283,0,0,CONTRATACIÓN RÉGIMEN ESPECIAL,Distrito Capital de Bogotá,0,0,2.808224006019222e-05
8640000,90,0,0,CONTRATACIÓN RÉGIMEN ESPECIAL,OTRO,0,0,4.264934732106488e-05
13530000,3,0,0,CONTRATACIÓN DIRECTA,OTRO,0,0,4.240120218364653e-05
48000000,5,0,0,CONTRATACIÓN RÉGIMEN ESPECIAL,Bolívar,0,0,3.480428135545221e-05
240000000,61,0,0,CONTRATACIÓN RÉGIMEN ESPECIAL,Tolima,0,0,4.503701529933774e-05
1800000,0,0,0,CONTRATACIÓN RÉGIMEN ESPECIAL,Boyacá,0,0,5.4072286910700635e-05
81000000,3,0,0,CONTRATACIÓN RÉGIMEN ESPECIAL,OTRO,0,0,4.264940263287241e-05
4061154247,9,0,0,CONTRATACIÓN RÉGIMEN ESPECIAL,Distrito Capital de Bogotá,0,0,2.808508266359423e-05
16214400,3,0,0,CONTRATACIÓN DIRECTA,Distrito Capital de Bogotá,0,0,2.791878205636179e-05
7008048,144,0,0,CONTRATACIÓN DIRECTA,Cundinamarca,0,0,4.3696053475234016e-05
1100000,1,0,0,CONTRATACIÓN RÉGIMEN ESPECIAL,No Definido,0,0,5.0126520876979834e-05
79000762,351,0,0,CONTRATACIÓN DIRECTA,Distrito Capital de Bogotá,0,0,2.7918889994977238e-05
2800000,7,0,0,CONTRATACIÓN RÉGIMEN ESPECIAL,Atlántico,0,0,3.766428761362056e-05
28000000,10,0,4,MÍNIMA CUANTÍA,Antioquia,0,1,0.9996191796464559
59400000,11,0,0,CONTRATACIÓN DIRECTA,Distrito Capital de Bogotá,0,0,2.79188144936034e-05
292706800,120,0,0,SELECCIÓN ABREVIADA SUBASTA INVERSA,Boyacá,0,1,0.6412870605698862
29400000,315,0,0,CONTRATACIÓN DIRECTA,OTRO,0,0,4.2401305098522756e-05
1385480,57,0,0,CONTRATACIÓN RÉGIMEN ESPECIAL,OTRO,0,0,4.264933025941593e-05
1500000,2,0,0,CONTRATACIÓN RÉGIMEN ESPECIAL,Boyacá,0,0,5.40722871936359e-05
460914307,330,0,0,CONTRATACIÓN RÉGIMEN ESPECIAL,Santander,0,0,5.0040020939698226e-05
98472738,361,0,0,CONTRATACIÓN DIRECTA,Distrito Capital de Bogotá,0,0,2.7918905775812193e-05
10000000,212,0,0,CONTRATACIÓN RÉGIMEN ESPECIAL,No Definido,0,0,5.0126600795311607e-05
5252715,0,0,0,CONTRATACIÓN RÉGIMEN ESPECIAL,Atlántico,0,0,3.766428828184596e-05
30248000,8,0,0,CONTRATACIÓN DIRECTA,Boyacá,0,0,5.375774927834875e-05
250079287,92,0,0,CONTRATACIÓN RÉGIMEN ESPECIAL,OTRO,0,0,4.2649612555592815e-05
52267480,226,0,0,CONTRATACIÓN RÉGIMEN ESPECIAL,No Definido,0,0,5.012665979678387e-05
25900000,7,0,0,CONTRATACIÓN DIRECTA,Norte de Santander,0,0,7.300887404213689e-05
7200000,4,0,0,CONTRATACIÓN RÉGIMEN ESPECIAL,Tolima,0,0,4.503672918845217e-05
11483333,65,0,0,CONTRATACIÓN DIRECTA,Distrito Capital de Bogotá,0,0,2.791878986399694e-05
15403061,224,0,0,CONTRATACIÓN RÉGIMEN ESPECIAL,Santander,0,0,5.0039413586174856e-05
12648597,20,0,1,MÍNIMA CUANTÍA,Antioquia,1,1,0.9651189057152936
9208352,2,0,0,CONTRATACIÓN RÉGIMEN ESPECIAL,No Definido,0,0,5.012653164860595e-05
4120000,12,0,0,CONTRATACIÓN RÉGIMEN ESPECIAL,Cundinamarca,0,0,4.3951716122266494e-05
12600000,2,0,0,CONTRATACIÓN RÉGIMEN ESPECIAL,Magdalena,0,0,3.843053392162557e-05
19200000,12,0,0,CONTRATACIÓN RÉGIMEN ESPECIAL,No Definido,0,0,5.012654776648452e-05
6879000,90,0,0,CONTRATACIÓN RÉGIMEN ESPECIAL,OTRO,0,0,4.2649345390540656e-05
8193660,2,0,0,CONTRATACIÓN DIRECTA,Caldas,0,0,3.4443791312309415e-05
18900000,3,0,0,CONTRATACIÓN RÉGIMEN ESPECIAL,Distrito Capital de Bogotá,0,0,2.8082163564212115e-05
13500000,3,0,0,CONTRATACIÓN DIRECTA,Valle del Cauca,0,0,4.402495344566154e-05
8322400,101,0,0,CONTRATACIÓN DIRECTA,Antioquia,0,0,4.254604489972301e-05
27720000,11,0,0,CONTRATACIÓN DIRECTA,Antioquia,0,0,4.254604133121591e-05
12644552,4,0,0,CONTRATACIÓN DIRECTA,OTRO,0,0,4.240120149302492e-05
12057500,7,0,0,CONTRATACIÓN RÉGIMEN ESPECIAL,Caldas,0,0,3.464535820762016e-05
131250000,315,0,0,CONTRATACIÓN DIRECTA,Distrito Capital de Bogotá,0,0,2.791892098636334e-05
3000000,2,0,0,CONTRATACIÓN RÉGIMEN ESPECIAL,Atlántico,0,0,3.766428658843934e-05
42000000,0,0,0,SELECCIÓN ABREVIADA DE MENOR CUANTÍA,Atlántico,0,0,0.46201777690367635
1000000000,8,0,0,CONTRATACIÓN RÉGIMEN ESPECIAL,Cundinamarca,0,0,4.395284008502753e-05
6000000,60,0,0,CONTRATACIÓN RÉGIMEN ESPECIAL,Meta,0,0,6.450773106532514e-05
8900000,89,0,0,CONTRATACIÓN RÉGIMEN ESPECIAL,Meta,0,0,6.450774798068234e-05
74899500,345,0,0,CONTRATACIÓN DIRECTA,Distrito Capital de Bogotá,0,0,2.7918885967588724e-05
9333333,28,0,0,CONTRATACIÓN DIRECTA,Meta,0,0,6.413243651166416e-05
826666,30,0,0,CONTRATACIÓN RÉGIMEN ESPECIAL,Antioquia,0,0,4.27949910389138e-05
10800000,60,0,0,CONTRATACIÓN DIRECTA,Antioquia,0,0,4.254603631970775e-05
14580000,164,0,0,CONTRATACIÓN DIRECTA,Boyacá,0,0,5.375778190288687e-05
55000000,358,0,0,CONTRATACIÓN RÉGIMEN ESPECIAL,No Definido,0,0,5.012670614011297e-05
13975000,5,0,0,CONTRATACIÓN DIRECTA,Meta,0,0,6.413243461697207e-05
2009508568,3,0,0,CONTRATACIÓN RÉGIMEN ESPECIAL,Distrito Capital de Bogotá,0,0,2.8083600500080954e-05
40000000,152,0,0,CONTRATACIÓN DIRECTA,Caldas,0,0,3.444385291021685e-05
35492600,184,0,0,CONTRATACIÓN RÉGIMEN ESPECIAL,Distrito Capital de Bogotá,0,0,2.8082208437871543e-05
12800000,4,0,0,CONTRATACIÓN DIRECTA,Valle del Cauca,0,0,4.402495293845106e-05
22000000,1,0,0,CONTRATACIÓN RÉGIMEN ESPECIAL,Valle del Cauca,0,0,4.428259059836963e-05
14800000,0,0,0,CONTRATACIÓN DIRECTA,OTRO,0,0,4.2401202744551795e-05
1760000,22,0,0,CONTRATACIÓN DIRECTA,Meta,0,0,6.41324215372081e-05
147200000,345,0,0,CONTRATACIÓN DIRECTA,Distrito Capital de Bogotá,0,0,2.7918937853530245e-05
19962588,0,0,0,CONTRATACIÓN RÉGIMEN ESPECIAL,Distrito Capital de Bogotá,0,0,2.8082163785984913e-05
7793000,30,0,4,MÍNIMA CUANTÍA,No Definido,1,1,0.999674862825621
7544519,15,0,0,CONTRATACIÓN RÉGIMEN ESPECIAL,No Definido,0,0,5.012653372220322e-05
85000000,15,0,0,SELECCIÓN ABREVIADA DE MENOR CUANTÍA,Bolívar,0,0,0.44245685937486706
27000000,6,0,0,CONTRATACIÓN RÉGIMEN ESPECIAL,OTRO,0,0,4.264934426254816e-05
57117287,0,0,0,CONTRATACIÓN RÉGIMEN ESPECIAL,Santander,0,0,5.003939469736479e-05
1700000000,6,0,0,CONTRATACIÓN RÉGIMEN ESPECIAL,Caldas,0,0,3.4646861191518346e-05
22500000,66,0,0,CONTRATACIÓN DIRECTA,Distrito Capital de Bogotá,0,0,2.7918797950687523e-05
21000000,116,0,0,CONTRATACIÓN RÉGIMEN ESPECIAL,OTRO,0,0,4.264936804752268e-05
6750000,66,0,0,CONTRATACIÓN RÉGIMEN ESPECIAL,OTRO,0,0,4.264933862456356e-05
42151530,1,0,0,CONTRATACIÓN RÉGIMEN ESPECIAL,Valle del Cauca,0,0,4.428261353575778e-05
19945358,345,0,0,CONTRATACIÓN DIRECTA,OTRO,0,0,4.240130302654107e-05
79310000,11,0,0,CONTRATACIÓN DIRECTA,Distrito Capital de Bogotá,0,0,2.7918828781827617e-05
25614143,260,0,0,CONTRATACIÓN DIRECTA,Cundinamarca,0,0,4.369610717754219e-05
54250000,153,0,0,CONTRATACIÓN DIRECTA,Antioquia,0,0,4.2546109445135736e-05
2934000,44,0,0,CONTRATACIÓN RÉGIMEN ESPECIAL,Nariño,0,0,2.4075705633390615e-05
9300000,3,0,1,MÍNIMA CUANTÍA,OTRO,0,1,0.9650039270325038
23629108,168,0,0,CONTRATACIÓN DIRECTA,OTRO,0,0,4.240125846945113e-05
7500000,0,0,0,CONTRATACIÓN RÉGIMEN ESPECIAL,OTRO,0,0,4.2649321229231106e-05
3000000,0,0,0,CONTRATACIÓN RÉGIMEN ESPECIAL,Distrito Capital de Bogotá,0,0,2.8082151541728127e-05
26864,1,0,0,CONTRATACIÓN RÉGIMEN ESPECIAL,Bolívar,0,0,3.480423753664536e-05
2927400,11,0,0,CONTRATACIÓN RÉGIMEN ESPECIAL,Atlántico,0,0,3.766428871200728e-05
15900,90,0,0,CONTRATACIÓN RÉGIMEN ESPECIAL,No Definido,0,0,5.012654835289831e-05
1951369706,6,0,0,SELECCIÓN ABREVIADA DE MENOR CUANTÍA,Distrito Capital de Bogotá,0,0,0.39036915945166045
7996800,30,0,0,CONTRATACIÓN RÉGIMEN ESPECIAL,Meta,0,0,6.450772185178281e-05
261437094,8,0,9,SELECCIÓN ABREVIADA SUBASTA INVERSA,Meta,1,1,0.9999994508601562
32185440,4,0,0,CONTRATACIÓN DIRECTA,Distrito Capital de Bogotá,0,0,2.7918793698505478e-05
3960000,2,0,0,CONTRATACIÓN DIRECTA,Valle del Cauca,0,0,4.4024942365052336e-05
426600,60,0,0,CONTRATACIÓN RÉGIMEN ESPECIAL,No Definido,0,0,5.0126539149683185e-05
44900000,6,1,1,CONTRATACIÓN DIRECTA (CON OFERTAS),Antioquia,1,1,0.9861807978026843
732000,1,0,0,CONTRATACIÓN RÉGIMEN ESPECIAL,Antioquia,0,0,4.2794982902770754e-05
24891456,338,0,0,CONTRATACIÓN DIRECTA,OTRO,0,0,4.2401306496319524e-05
12432504651,6,0,1,SELECCIÓN ABREVIADA SUBASTA INVERSA,Distrito Capital de Bogotá,0,1,0.8090039177341563
77000000,327,0,0,CONTRATACIÓN RÉGIMEN ESPECIAL,Antioquia,0,0,4.2795157089482663e-05
31928287,227,0,0,CONTRATACIÓN DIRECTA,Santander,0,0,4.974831709081205e-05
12480000,1,0,0,CONTRATACIÓN RÉGIMEN ESPECIAL,No Definido,0,0,5.0126535539551806e-05
11526638,5,0,12,MÍNIMA CUANTÍA,Magdalena,1,1,0.9999999977339227
29691648,194,0,0,CONTRATACIÓN RÉGIMEN ESPECIAL,Distrito Capital de Bogotá,0,0,2.8082206067996505e-05
571200,53,0,0,CONTRATACIÓN RÉGIMEN ESPECIAL,Antioquia,0,0,4.279499712811431e-05
106317500,129,0,0,CONTRATACIÓN DIRECTA,Distrito Capital de Bogotá,0,0,2.79188694851009e-05
21000000,6,0,0,CONTRATACIÓN DIRECTA,Bolívar,0,0,3.460177064229462e-05
7962170,2,0,0,CONTRATACIÓN RÉGIMEN ESPECIAL,OTRO,0,0,4.264932228793827e-05
13200000,338,0,0,CONTRATACIÓN RÉGIMEN ESPECIAL,Antioquia,0,0,4.279508995530056e-05
7639200,72,0,0,CONTRATACIÓN DIRECTA,Distrito Capital de Bogotá,0,0,2.791878837013082e-05
30800000,204,0,0,CONTRATACIÓN DIRECTA,Valle del Cauca,0,0,4.4025030292883666e-05
1600000,30,0,0,CONTRATACIÓN RÉGIMEN ESPECIAL,Nariño,0,0,2.407570262636866e-05
14000000,4,0,0,CONTRATACIÓN DIRECTA,OTRO,0,0,4.2401202970311195e-05
27000000,9,0,0,CONTRATACIÓN DIRECTA,Cundinamarca,0,0,4.369603775196084e-05
40574500,9,0,0,CONTRATACIÓN DIRECTA,Distrito Capital de Bogotá,0,0,2.7918800622285133e-05
4991467,56,0,0,CONTRATACIÓN DIRECTA,OTRO,0,0,4.240120742172657e-05
11000000,61,0,0,CONTRATACIÓN DIRECTA,Antioquia,0,0,4.2546036813784594e-05
39000000,3,0,0,CONTRATACIÓN RÉGIMEN ESPECIAL,Distrito Capital de Bogotá,0,0,2.8082178073181912e-05
8100523,45,0,0,CONTRATACIÓN RÉGIMEN ESPECIAL,No Definido,0,0,5.012654417096841e-05
11960957,19,0,0,CONTRATACIÓN RÉGIMEN ESPECIAL,Santander,0,0,5.0039342769931674e-05
33500000,103,0,1,MÍNIMA CUANTÍA,Boyacá,1,1,0.9721917304108508
1155537656,216,0,0,CONTRATACIÓN RÉGIMEN ESPECIAL,OTRO,0,0,4.265063942436248e-05
30000000,143,0,0,CONTRATACIÓN DIRECTA,Distrito Capital de Bogotá,0,0,2.7918817246200268e-05
8100000,3,0,0,CONTRATACIÓN DIRECTA,Valle del Cauca,0,0,4.402494733489697e-05
75743958,217,0,0,CONTRATACIÓN RÉGIMEN ESPECIAL,Distrito Capital de Bogotá,0,0,2.808224349064647e-05
16250000,125,0,0,CONTRATACIÓN DIRECTA,Santander,0,0,4.974826420211322e-05
56400000,6,0,0,CONTRATACIÓN DIRECTA,Meta,0,0,6.413250496693039e-05
7007422,0,0,0,CONTRATACIÓN RÉGIMEN ESPECIAL,Antioquia,0,0,4.279498952882728e-05
23320000,5,0,0,CONTRATACIÓN DIRECTA,No Definido,0,0,4.98349252910529e-05
19519114,60,0,7,MÍNIMA CUANTÍA,Distrito Capital de Bogotá,1,1,0.9999938803272929
4000000,10,0,0,CONTRATACIÓN RÉGIMEN ESPECIAL,Norte de Santander,0,0,7.343605969374621e-05
1255000,30,0,0,CONTRATACIÓN RÉGIMEN ESPECIAL,Magdalena,0,0,3.843052967888083e-05
49290800,275,1,1,CONTRATACIÓN DIRECTA (CON OFERTAS),Distrito Capital de Bogotá,1,1,0.9790917395357952
114766009,0,0,13,CONTRATACIÓN RÉGIMEN ESPECIAL (CON OFERTAS),Antioquia,1,1,0.9999999996380977
1671950,8,0,0,CONTRATACIÓN RÉGIMEN ESPECIAL,Antioquia,0,0,4.2794985875485263e-05
17700000,180,0,0,CONTRATACIÓN DIRECTA,OTRO,0,0,4.240125530039351e-05
15476523,116,0,0,CONTRATACIÓN RÉGIMEN ESPECIAL,Meta,0,0,6.450777015706041e-05
22400000,7,0,0,CONTRATACIÓN DIRECTA,OTRO,0,0,4.2401212948622334e-05
5775000,55,0,0,CONTRATACIÓN DIRECTA,Antioquia,0,0,4.254602944754194e-05
13047900,360,0,0,CONTRATACIÓN RÉGIMEN ESPECIAL,Distrito Capital de Bogotá,0,0,2.8082224224133747e-05
78840145,3,0,0,CONTRATACIÓN RÉGIMEN ESPECIAL,OTRO,0,0,4.264940026509403e-05
5450000,64,0,0,CONTRATACIÓN RÉGIMEN ESPECIAL,Distrito Capital de Bogotá,0,0,2.8082164942120417e-05
163770000,144,0,0,CONTRATACIÓN RÉGIMEN ESPECIAL,OTRO,0,0,4.2649532290453825e-05
11600000,115,0,0,CONTRATACIÓN RÉGIMEN ESPECIAL,Magdalena,0,0,3.843056103922601e-05
23328000,6,0,0,CONTRATACIÓN DIRECTA,Distrito Capital de Bogotá,0,0,2.791878770343593e-05
9000000,3,0,0,CONTRATACIÓN RÉGIMEN ESPECIAL,Antioquia,0,0,4.279499255157943e-05
50000000,201,0,1,MÍNIMA CUANTÍA,Atlántico,1,1,0.9605546513083822
4911288,2,0,0,CONTRATACIÓN RÉGIMEN ESPECIAL,Norte de Santander,0,0,7.34360576117886e-05
55000000,0,0,0,CONTRATACIÓN RÉGIMEN ESPECIAL,Distrito Capital de Bogotá,0,0,2.8082189077370653e-05
94962000,45,0,0,CONTRATACIÓN RÉGIMEN ESPECIAL,Distrito Capital de Bogotá,0,0,2.808222610223494e-05
21200000,4,0,0,CONTRATACIÓN DIRECTA,Santander,0,0,4.974823157410394e-05
24000000,91,0,0,CONTRATACIÓN RÉGIMEN ESPECIAL,Caldas,0,0,3.464538767768089e-05
6570000,70,0,0,CONTRATACIÓN RÉGIMEN ESPECIAL,Tolima,0,0,4.503674769640585e-05
7500000,3,0,0,CONTRATACIÓN DIRECTA,OTRO,0,0,4.2401195611623514e-05
38021601,60,0,2,MÍNIMA CUANTÍA,Distrito Capital de Bogotá,1,1,0.9880677237751039
13900000,120,0,0,CONTRATACIÓN DIRECTA,OTRO,0,0,4.240123469375445e-05
41840500,314,0,0,CONTRATACIÓN DIRECTA,Antioquia,0,0,4.254614020615123e-05
7096327,98,0,0,CONTRATACIÓN DIRECTA,Antioquia,0,0,4.2546042732812184e-05
2953251309,5,0,20,SELECCIÓN ABREVIADA SUBASTA INVERSA,Antioquia,1,1,0.9999999999999534
21968100,0,0,0,CONTRATACIÓN RÉGIMEN ESPECIAL,Antioquia,0,0,4.2795005985716086e-05
7840533,150,0,0,CONTRATACIÓN RÉGIMEN ESPECIAL,Santander,0,0,5.003937989435654e-05
22720000,8,0,0,CONTRATACIÓN RÉGIMEN ESPECIAL,OTRO,0,0,4.264934012257724e-05
15360000,144,0,0,CONTRATACIÓN DIRECTA,OTRO,0,0,4.2401242871015545e-05
7500000,0,0,0,CONTRATACIÓN DIRECTA,OTRO,0,0,4.240119478837146e-05
299896601,1,0,0,SELECCIÓN ABREVIADA DE MENOR CUANTÍA,Distrito Capital de Bogotá,0,0,0.39035904913198716
11475000,135,0,0,CONTRATACIÓN DIRECTA,Tolima,0,0,4.477475672021129e-05
14000000,121,0,0,CONTRATACIÓN DIRECTA,OTRO,0,0,4.240123507716093e-05
5000000,3,0,0,CONTRATACIÓN RÉGIMEN ESPECIAL,OTRO,0,0,4.264931931663752e-05
13750000,5,0,0,CONTRATACIÓN DIRECTA,OTRO,0,0,4.240120297225662e-05
1600000,2,0,0,CONTRATACIÓN DIRECTA,Meta,0,0,6.413241297243475e-05
21492960,8,0,0,CONTRATACIÓN DIRECTA,OTRO,0,0,4.240121223446775e-05
1425000,11,0,0,CONTRATACIÓN RÉGIMEN ESPECIAL,Magdalena,0,0,3.843052512112243e-05
20700000,9,0,0,CONTRATACIÓN DIRECTA,Distrito Capital de Bogotá,0,0,2.7918786359551506e-05
4546500,8,0,0,CONTRATACIÓN RÉGIMEN ESPECIAL,Antioquia,0,0,4.2794989037517016e-05
25500000,10,0,0,CONTRATACIÓN DIRECTA,Distrito Capital de Bogotá,0,0,2.7918789984913154e-05
12500000,5,0,0,CONTRATACIÓN DIRECTA,Nariño,0,0,2.3935634561979545e-05
38392864,320,0,0,CONTRATACIÓN DIRECTA,OTRO,0,0,4.240131627185124e-05
15877490,77,0,0,CONTRATACIÓN RÉGIMEN ESPECIAL,Santander,0,0,5.003936659062933e-05
15120000,8,0,0,CONTRATACIÓN DIRECTA,Boyacá,0,0,5.375772837474328e-05
55558518,30,0,0,CONTRATACIÓN RÉGIMEN ESPECIAL,Caldas,0,0,3.464540210407088e-05
116918188,365,0,0,SELECCIÓN ABREVIADA DE MENOR CUANTÍA,Distrito Capital de Bogotá,0,0,0.39035849044643345
7462844,56,0,0,CONTRATACIÓN RÉGIMEN ESPECIAL,Distrito Capital de Bogotá,0,0,2.8082164941083754e-05
38749746,180,0,0,CONTRATACIÓN DIRECTA,Distrito Capital de Bogotá,0,0,2.791883021094644e-05
305000,2,0,0,CONTRATACIÓN RÉGIMEN ESPECIAL,Santander,0,0,5.00393222725038e-05
48000000,6,0,0,CONTRATACIÓN DIRECTA,Meta,0,0,6.413249112006007e-05
10680000,8,0,0,CONTRATACIÓN DIRECTA,OTRO,0,0,4.240120044955334e-05
37715990,246,0,0,CONTRATACIÓN DIRECTA,OTRO,0,0,4.2401295227194765e-05
6900000,65,0,0,CONTRATACIÓN DIRECTA,Distrito Capital de Bogotá,0,0,2.7918786574815053e-05
12400000,4,0,0,CONTRATACIÓN RÉGIMEN ESPECIAL,OTRO,0,0,4.26493277050238e-05
100700000,85,0,0,CONTRATACIÓN RÉGIMEN ESPECIAL,Caldas,0,0,3.46454546366594e-05
2500000,1,0,0,CONTRATACIÓN RÉGIMEN ESPECIAL,Magdalena,0,0,3.8430523695833684e-05
9200000,120,0,0,CONTRATACIÓN DIRECTA,OTRO,0,0,4.240122957127815e-05
10000000,34,0,0,CONTRATACIÓN RÉGIMEN ESPECIAL,Cundinamarca,0,0,4.395172902308297e-05
3750000,20,0,0,MÍNIMA CUANTÍA,Meta,0,1,0.9014280152324291
10800000,4,0,0,CONTRATACIÓN DIRECTA,Boyacá,0,0,5.3757721013796404e-05
5173333,97,0,0,CONTRATACIÓN DIRECTA,Meta,0,0,6.413245829271743e-05
26600000,210,0,0,CONTRATACIÓN DIRECTA,Tolima,0,0,4.4774795860884426e-05
42460000,193,0,0,CONTRATACIÓN RÉGIMEN ESPECIAL,Distrito Capital de Bogotá,0,0,2.8082215102959153e-05
371000,303,0,0,CONTRATACIÓN RÉGIMEN ESPECIAL,Antioquia,0,0,4.279506614942621e-05
16000000,4,0,0,CONTRATACIÓN DIRECTA,Bolívar,0,0,3.460176574732726e-05
8000000,1,0,0,CONTRATACIÓN RÉGIMEN ESPECIAL,Tolima,0,0,4.503672924013452e-05
168750000,21,0,0,CONTRATACIÓN DIRECTA,Distrito Capital de Bogotá,0,0,2.7918894774608603e-05
199035000,20,0,0,SELECCIÓN ABREVIADA SUBASTA INVERSA,Antioquia,0,1,0.5858994808062873
25879840,7,0,0,CONTRATACIÓN DIRECTA,Distrito Capital de Bogotá,0,0,2.791878971542868e-05
36493333,321,0,0,CONTRATACIÓN DIRECTA,Nariño,0,0,2.393569827648055e-05
15900000,3,0,0,CONTRATACIÓN RÉGIMEN ESPECIAL,OTRO,0,0,4.2649331265929636e-05
146937242,2,0,0,CONTRATACIÓN RÉGIMEN ESPECIAL,OTRO,0,0,4.264947464175303e-05
216150018,213,0,0,CONTRATACIÓN RÉGIMEN ESPECIAL,OTRO,0,0,4.26496087588904e-05
7200000,2,0,0,CONTRATACIÓN RÉGIMEN ESPECIAL,Magdalena,0,0,3.843052858734944e-05
763059781,167,0,0,CONTRATACIÓN RÉGIMEN ESPECIAL,Antioquia,0,0,4.279586745579402e-05
333200,130,0,0,CONTRATACIÓN RÉGIMEN ESPECIAL,Antioquia,0,0,4.279501819269252e-05
9426780,6,1,1,CONTRATACIÓN DIRECTA (CON OFERTAS),Distrito Capital de Bogotá,1,1,0.9790916829180316
4761150582,67,0,0,CONTRATACIÓN RÉGIMEN ESPECIAL,Distrito Capital de Bogotá,0,0,2.8085598548077522e-05
11500000,5,0,0,CONTRATACIÓN RÉGIMEN ESPECIAL,Santander,0,0,5.0039337643166694e-05
4972000,5,0,0,CONTRATACIÓN RÉGIMEN ESPECIAL,OTRO,0,0,4.2649319837988354e-05
55000000,215,0,0,CONTRATACIÓN DIRECTA,Distrito Capital de Bogotá,0,0,2.791884819698968e-05
7846128,12,0,0,CONTRATACIÓN RÉGIMEN ESPECIAL,Atlántico,0,0,3.7664293717756846e-05
66540600,304,0,0,CONTRATACIÓN RÉGIMEN ESPECIAL,Distrito Capital de Bogotá,0,0,2.8082252659429402e-05
101621006,332,0,0,CONTRATACIÓN DIRECTA,Distrito Capital de Bogotá,0,0,2.7918902795085128e-05
1500000,15,0,0,CONTRATACIÓN RÉGIMEN ESPECIAL,Atlántico,0,0,3.76642883051394e-05
70290000,11,0,0,CONTRATACIÓN DIRECTA,Distrito Capital de Bogotá,0,0,2.791882230870855e-05
11310000,77,0,0,CONTRATACIÓN DIRECTA,Antioquia,0,0,4.2546041558479737e-05
27267007,324,0,0,CONTRATACIÓN DIRECTA,Distrito Capital de Bogotá,0,0,2.791884799000254e-05
39600000,12,0,0,CONTRATACIÓN DIRECTA,Valle del Cauca,0,0,4.402498554536913e-05
49000000,133,0,1,MÍNIMA CUANTÍA,OTRO,0,1,0.9650039899108107
15000000,3,0,0,CONTRATACIÓN RÉGIMEN ESPECIAL,No Definido,0,0,5.012653943527415e-05
153384000,5,0,0,CONTRATACIÓN DIRECTA,OTRO,0,0,4.240135515792618e-05
25000000,150,0,0,CONTRATACIÓN DIRECTA,Tolima,0,0,4.4774776632747874e-05
2671200,36,0,0,CONTRATACIÓN DIRECTA,Nariño,0,0,2.3935633317028676e-05
3600000,1,0,0,CONTRATACIÓN RÉGIMEN ESPECIAL,Distrito Capital de Bogotá,0,0,2.808215215657959e-05
18026666,60,0,0,CONTRATACIÓN RÉGIMEN ESPECIAL,Atlántico,0,0,3.766431527444786e-05
53513992,212,0,0,CONTRATACIÓN DIRECTA,Distrito Capital de Bogotá,0,0,2.7918846588495083e-05
69062888,7,0,0,CONTRATACIÓN DIRECTA,Distrito Capital de Bogotá,0,0,2.7918820705318598e-05
1888550,30,0,0,CONTRATACIÓN RÉGIMEN ESPECIAL,Antioquia,0,0,4.279499220699621e-05
5317275,37,0,0,CONTRATACIÓN RÉGIMEN ESPECIAL,Distrito Capital de Bogotá,0,0,2.8082159939111312e-05
2108000,2,0,0,CONTRATACIÓN RÉGIMEN ESPECIAL,Magdalena,0,0,3.843052355732528e-05
21527000,285,0,0,CONTRATACIÓN DIRECTA,Distrito Capital de Bogotá,0,0,2.7918836823777603e-05
4650000,150,0,0,CONTRATACIÓN RÉGIMEN ESPECIAL,Distrito Capital de Bogotá,0,0,2.8082179995004693e-05
7000000,2,0,0,CONTRATACIÓN DIRECTA,Nariño,0,0,2.3935630713328682e-05
53250000,7,0,6,MÍNIMA CUANTÍA,Valle del Cauca,1,1,0.9999823007581112
9900000,3,0,0,CONTRATACIÓN DIRECTA,Santander,0,0,4.974821680251844e-05
46366476,148,0,0,CONTRATACIÓN DIRECTA,Antioquia,0,0,4.2546099446841606e-05
8976000,4,0,0,CONTRATACIÓN RÉGIMEN ESPECIAL,Cundinamarca,0,0,4.395171933267328e-05
70578500,134,0,0,CONTRATACIÓN DIRECTA,Atlántico,0,0,3.7445258172538806e-05
24000000,300,0,0,CONTRATACIÓN DIRECTA,Distrito Capital de Bogotá,0,0,2.791884130887275e-05
33705000,7,0,0,CONTRATACIÓN DIRECTA,Cundinamarca,0,0,4.369604471721547e-05
8000000,4,0,0,CONTRATACIÓN DIRECTA,Cundinamarca,0,0,4.3696014997769665e-05
12000000,3,0,0,CONTRATACIÓN DIRECTA,OTRO,0,0,4.2401200516118184e-05
100761600,12,0,0,CONTRATACIÓN DIRECTA,Distrito Capital de Bogotá,0,0,2.7918844357066046e-05
36638864,301,0,0,CONTRATACIÓN DIRECTA,OTRO,0,0,4.240130914623865e-05
35343000,88,0,0,CONTRATACIÓN RÉGIMEN ESPECIAL,Antioquia,0,0,4.279504507126002e-05
2040643717,12,0,0,CONTRATACIÓN RÉGIMEN ESPECIAL,OTRO,0,0,4.2651553464678854e-05
5400000,3,0,0,CONTRATACIÓN RÉGIMEN ESPECIAL,OTRO,0,0,4.264931975514356e-05
16119720,180,0,0,CONTRATACIÓN DIRECTA,Distrito Capital de Bogotá,0,0,2.791881397072091e-05
875300,16,0,0,CONTRATACIÓN RÉGIMEN ESPECIAL,Distrito Capital de Bogotá,0,0,2.8082152916008276e-05
30000000,7,0,0,CONTRATACIÓN RÉGIMEN ESPECIAL,Distrito Capital de Bogotá,0,0,2.808217230362065e-05
59950000,11,0,0,CONTRATACIÓN DIRECTA,Distrito Capital de Bogotá,0,0,2.7918814888305633e-05
2766500,4,0,0,CONTRATACIÓN RÉGIMEN ESPECIAL,Distrito Capital de Bogotá,0,0,2.8082152100171535e-05
12200000,96,0,0,CONTRATACIÓN DIRECTA,Magdalena,0,0,3.820697357531633e-05
3000000,1,0,0,CONTRATACIÓN RÉGIMEN ESPECIAL,No Definido,0,0,5.012652332503638e-05
10000000,10,0,0,CONTRATACIÓN RÉGIMEN ESPECIAL,Atlántico,0,0,3.766429531547043e-05
1000000000,8,0,0,SELECCIÓN ABREVIADA SUBASTA INVERSA,Distrito Capital de Bogotá,0,0,0.48144816199413204
33760580,2,0,0,CONTRATACIÓN DIRECTA,Cundinamarca,0,0,4.3696043365655376e-05
6867600,107,0,0,CONTRATACIÓN DIRECTA,Atlántico,0,0,3.7445190307304534e-05
39000000,300,0,0,CONTRATACIÓN DIRECTA,Valle del Cauca,0,0,4.402506692514411e-05
10000000,757,0,0,CONTRATACIÓN RÉGIMEN ESPECIAL,Antioquia,0,0,4.279520248437937e-05
12500000,5,0,0,CONTRATACIÓN DIRECTA,OTRO,0,0,4.240120160989688e-05
15636240,11,0,0,CONTRATACIÓN RÉGIMEN ESPECIAL,OTRO,0,0,4.2649333184964405e-05
36000000,121,0,0,CONTRATACIÓN RÉGIMEN ESPECIAL,Distrito Capital de Bogotá,0,0,2.8082197353976487e-05
20800000,104,0,0,CONTRATACIÓN DIRECTA,Distrito Capital de Bogotá,0,0,2.7918803596957707e-05
1065000,5,0,0,CONTRATACIÓN RÉGIMEN ESPECIAL,Bolívar,0,0,3.4804239366392146e-05
50000000,8,0,1,MÍNIMA CUANTÍA,Distrito Capital de Bogotá,0,1,0.9477972673011842
131151074,281,730,1,CONTRATACIÓN DIRECTA (CON OFERTAS),Cundinamarca,1,1,0.9867273237506642
684000,60,0,0,CONTRATACIÓN RÉGIMEN ESPECIAL,Antioquia,0,0,4.279499919095681e-05
23897000,11,0,0,CONTRATACIÓN DIRECTA,OTRO,0,0,4.2401215677854804e-05
307191247,150,10,1,SELECCIÓN ABREVIADA DE MENOR CUANTÍA,OTRO,1,1,0.8160457225543534
22000000,2,0,0,CONTRATACIÓN RÉGIMEN ESPECIAL,Antioquia,0,0,4.279500657473836e-05
7000000,2,0,0,CONTRATACIÓN DIRECTA,Bolívar,0,0,3.460175729469458e-05
11895240,10,0,0,CONTRATACIÓN RÉGIMEN ESPECIAL,Santander,0,0,5.0039339770770235e-05
30309153,7,0,0,CONTRATACIÓN DIRECTA,Distrito Capital de Bogotá,0,0,2.7918792894079992e-05
9946218,43,0,0,CONTRATACIÓN DIRECTA,Valle del Cauca,0,0,4.402496082114994e-05
7073280,4,0,0,CONTRATACIÓN RÉGIMEN ESPECIAL,OTRO,0,0,4.264932186552538e-05
3554427,15,0,0,CONTRATACIÓN RÉGIMEN ESPECIAL,No Definido,0,0,5.0126528581165065e-05
43053288,1,0,0,CONTRATACIÓN RÉGIMEN ESPECIAL,OTRO,0,0,4.264936048110563e-05
86342949,60,0,0,CONTRATACIÓN RÉGIMEN ESPECIAL,Valle del Cauca,0,0,4.428268074550539e-05
7381550,7,0,0,CONTRATACIÓN RÉGIMEN ESPECIAL,Cundinamarca,0,0,4.39517183847135e-05
32779008,231,0,0,CONTRATACIÓN DIRECTA,Nariño,0,0,2.3935682049053476e-05
9240000,119,0,0,CONTRATACIÓN RÉGIMEN ESPECIAL,Meta,0,0,6.450776106883408e-05
170000000,358,0,0,CONTRATACIÓN RÉGIMEN ESPECIAL,Tolima,0,0,4.503702083300966e-05
9000000,5,0,0,CONTRATACIÓN RÉGIMEN ESPECIAL,Distrito Capital de Bogotá,0,0,2.8082156781502365e-05
30996000,274,0,0,CONTRATACIÓN DIRECTA,Distrito Capital de Bogotá,0,0,2.791884163151685e-05
46785690,6,0,0,CONTRATACIÓN DIRECTA,Distrito Capital de Bogotá,0,0,2.7918804537611075e-05
5000000,8,0,0,CONTRATACIÓN DIRECTA,Meta,0,0,6.413242106742043e-05
7903200,6,0,0,CONTRATACIÓN DIRECTA,OTRO,0,0,4.240119687431837e-05
3000000,1,0,0,CONTRATACIÓN RÉGIMEN ESPECIAL,Santander,0,0,5.0039325414990296e-05
174500000,349,0,0,CONTRATACIÓN DIRECTA,Distrito Capital de Bogotá,0,0,2.7918958167974934e-05
13350000,30,0,0,CONTRATACIÓN RÉGIMEN ESPECIAL,Antioquia,0,0,4.2795004814700985e-05
10800000,6,0,0,CONTRATACIÓN DIRECTA,Cundinamarca,0,0,4.36960187082354e-05
9676460,4,0,0,CONTRATACIÓN RÉGIMEN ESPECIAL,Cundinamarca,0,0,4.395172012401155e-05
17066667,128,0,0,CONTRATACIÓN DIRECTA,Meta,0,0,6.413249076471979e-05
13602000,6,0,0,CONTRATACIÓN DIRECTA,Distrito Capital de Bogotá,0,0,2.7918780723672864e-05
65841589,11,0,0,CONTRATACIÓN RÉGIMEN ESPECIAL,Tolima,0,0,4.503679911401333e-05
15693000,2,0,0,CONTRATACIÓN DIRECTA,Valle del Cauca,0,0,4.402495564238544e-05
10500000,3,0,0,CONTRATACIÓN RÉGIMEN ESPECIAL,Meta,0,0,6.450771473033355e-05
27600000,180,0,0,CONTRATACIÓN DIRECTA,Tolima,0,0,4.4774788318428075e-05
14000000,4,0,0,CONTRATACIÓN DIRECTA,Santander,0,0,4.974822236726524e-05
1873060,1,0,0,CONTRATACIÓN RÉGIMEN ESPECIAL,Tolima,0,0,4.5036722147412846e-05
49000000,245,0,0,CONTRATACIÓN DIRECTA,Cundinamarca,0,0,4.3696129201896106e-05
23118540,131,0,0,CONTRATACIÓN RÉGIMEN ESPECIAL,Distrito Capital de Bogotá,0,0,2.8082189873109575e-05
5358000,3,0,0,CONTRATACIÓN DIRECTA,Cundinamarca,0,0,4.3696011747561796e-05
3761690,4,0,0,CONTRATACIÓN RÉGIMEN ESPECIAL,Distrito Capital de Bogotá,0,0,2.8082152818538328e-05
20500000,5,0,0,CONTRATACIÓN DIRECTA,OTRO,0,0,4.2401210329000076e-05
2110000,3,0,0,CONTRATACIÓN RÉGIMEN ESPECIAL,Nariño,0,0,2.4075698734873173e-05
892960,15,0,0,CONTRATACIÓN RÉGIMEN ESPECIAL,Distrito Capital de Bogotá,0,0,2.8082152747007784e-05
26998650,5,0,1,MÍNIMA CUANTÍA,OTRO,1,1,0.9650039428338721
375545261,90,0,0,CONTRATACIÓN RÉGIMEN ESPECIAL,No Definido,0,0,5.012703220659366e-05
5913000,3,0,0,CONTRATACIÓN DIRECTA,Valle del Cauca,0,0,4.4024944860037586e-05
87090000,2,0,3,MÍNIMA CUANTÍA,Santander,0,1,0.9985162540353573
45600000,90,0,0,CONTRATACIÓN RÉGIMEN ESPECIAL,Antioquia,0,0,4.279505690800456e-05
63000000,7,0,0,CONTRATACIÓN DIRECTA,Atlántico,0,0,3.744522010051832e-05
2500000,1,0,0,CONTRATACIÓN RÉGIMEN ESPECIAL,Nariño,0,0,2.4075698664589554e-05
40000000,43,0,0,CONTRATACIÓN RÉGIMEN ESPECIAL,OTRO,0,0,4.264936872687286e-05
4666667,69,0,0,CONTRATACIÓN RÉGIMEN ESPECIAL,No Definido,0,0,5.0126547532517854e-05
36960000,10,0,0,CONTRATACIÓN DIRECTA,OTRO,0,0,4.240122964064851e-05
780000,30,0,0,CONTRATACIÓN RÉGIMEN ESPECIAL,Santander,0,0,5.003933195120602e-05
92823067,326,0,0,CONTRATACIÓN DIRECTA,Distrito Capital de Bogotá,0,0,2.7918895397159574e-05
2300000,18,0,0,CONTRATACIÓN RÉGIMEN ESPECIAL,Antioquia,0,0,4.2794989336004624e-05
592749960,0,0,4,CONTRATACIÓN RÉGIMEN ESPECIAL (CON OFERTAS),Antioquia,1,1,0.9996910966500729
19200000,8,0,0,CONTRATACIÓN DIRECTA,Cundinamarca,0,0,4.369602870844628e-05
2230000,10,0,0,CONTRATACIÓN DIRECTA,Antioquia,0,0,4.254601317973589e-05
29600000,8,0,0,CONTRATACIÓN DIRECTA,OTRO,0,0,4.2401221070234794e-05
999999840,36,0,0,CONTRATACIÓN RÉGIMEN ESPECIAL,Distrito Capital de Bogotá,0,0,2.8082877767217292e-05
12807000,9,0,0,CONTRATACIÓN RÉGIMEN ESPECIAL,Antioquia,0,0,4.2794998401110955e-05
14839325,45,0,1,MÍNIMA CUANTÍA,Atlántico,1,1,0.9605545788077783
9030339,47,0,0,CONTRATACIÓN DIRECTA,Antioquia,0,0,4.254603080477681e-05
6570025,8,0,0,CONTRATACIÓN RÉGIMEN ESPECIAL,OTRO,0,0,4.264932241791707e-05
16800000,0,0,0,CONTRATACIÓN DIRECTA,Distrito Capital de Bogotá,0,0,2.7918781934538866e-05
867420,3,0,2,MÍNIMA CUANTÍA,Norte de Santander,1,1,0.995403390292007
5505000,30,0,4,MÍNIMA CUANTÍA,Distrito Capital de Bogotá,1,1,0.9994197667766743
3457000,5,0,0,CONTRATACIÓN DIRECTA,Atlántico,0,0,3.744516230554969e-05
41350627,230,0,0,CONTRATACIÓN DIRECTA,OTRO,0,0,4.2401294797861763e-05
60000000,52,0,2,MÍNIMA CUANTÍA,OTRO,1,1,0.9921112405861244
131835000,11,0,0,CONTRATACIÓN DIRECTA,Distrito Capital de Bogotá,0,0,2.7918866475934886e-05
8400000,6,0,0,CONTRATACIÓN DIRECTA,Valle del Cauca,0,0,4.402494852916097e-05
2700000,45,0,0,CONTRATACIÓN DIRECTA,OTRO,0,0,4.2401201905692824e-05
9064000,2,0,0,CONTRATACIÓN RÉGIMEN ESPECIAL,Valle del Cauca,0,0,4.428257616062528e-05
40442545,30,0,2,MÍNIMA CUANTÍA,Antioquia,1,1,0.992137877933069
16000000,120,0,0,CONTRATACIÓN DIRECTA,Antioquia,0,0,4.254605852777158e-05
940000,10,0,0,CONTRATACIÓN RÉGIMEN ESPECIAL,Norte de Santander,0,0,7.343605391782953e-05
10530901,36,0,0,CONTRATACIÓN RÉGIMEN ESPECIAL,Magdalena,0,0,3.843054033420819e-05
48484800,333,0,0,CONTRATACIÓN DIRECTA,OTRO,0,0,4.240133083839722e-05
33840000,4,0,0,CONTRATACIÓN DIRECTA,Meta,0,0,6.413246694809648e-05
11047514,0,0,0,CONTRATACIÓN RÉGIMEN ESPECIAL,Antioquia,0,0,4.2794993972966486e-05
38401800,354,0,0,CONTRATACIÓN DIRECTA,Magdalena,0,0,3.820706310437502e-05
17153283,70,0,0,CONTRATACIÓN DIRECTA,Distrito Capital de Bogotá,0,0,2.791879483643374e-05
11610000,3,0,0,CONTRATACIÓN RÉGIMEN ESPECIAL,OTRO,0,0,4.264932656295094e-05
3700000,0,0,0,CONTRATACIÓN RÉGIMEN ESPECIAL,Magdalena,0,0,3.8430524632507714e-05
69853167,25,0,1,MÍNIMA CUANTÍA,Valle del Cauca,0,1,0.966251217644048
1500000,1,0,0,CONTRATACIÓN RÉGIMEN ESPECIAL,OTRO,0,0,4.2649314927663386e-05
11255966,60,0,10,MÍNIMA CUANTÍA,OTRO,1,1,0.9999999575263736
13206000,0,0,0,CONTRATACIÓN DIRECTA,OTRO,0,0,4.2401201007270666e-05
14300000,157,0,0,CONTRATACIÓN DIRECTA,Valle del Cauca,0,0,4.402499822954741e-05
10000000,30,0,0,CONTRATACIÓN RÉGIMEN ESPECIAL,Magdalena,0,0,3.84305383174453e-05
18613333,0,0,0,CONTRATACIÓN RÉGIMEN ESPECIAL,Tolima,0,0,4.503674123496239e-05
300000000,15,0,0,SELECCIÓN ABREVIADA DE MENOR CUANTÍA,OTRO,0,0,0.4930225734172005
18000000,78,0,0,CONTRATACIÓN RÉGIMEN ESPECIAL,Boyacá,0,0,5.40723367224931e-05
5372850,20,0,0,CONTRATACIÓN RÉGIMEN ESPECIAL,Distrito Capital de Bogotá,0,0,2.8082156889507567e-05
15600000,0,0,0,CONTRATACIÓN DIRECTA,OTRO,0,0,4.2401203616462066e-05
5200000,4,0,0,CONTRATACIÓN DIRECTA,Cundinamarca,0,0,4.369601185289816e-05
1040000,7,0,0,CONTRATACIÓN RÉGIMEN ESPECIAL,Santander,0,0,5.003932483710918e-05
87499859,9,0,3,MÍNIMA CUANTÍA,Distrito Capital de Bogotá,1,1,0.9973591328295902
48000000,12,1,0,CONTRATACIÓN DIRECTA (CON OFERTAS),Distrito Capital de Bogotá,0,1,0.9112489504408289
7581501,105,0,0,CONTRATACIÓN DIRECTA,OTRO,0,0,4.240122369103129e-05
40000000,136,0,0,CONTRATACIÓN RÉGIMEN ESPECIAL,Distrito Capital de Bogotá,0,0,2.80822029675642e-05
36328000,285,0,0,CONTRATACIÓN DIRECTA,Nariño,0,0,2.3935692597893923e-05
8000000,200,0,0,MÍNIMA CUANTÍA,Meta,0,1,0.9014281284559589
24124686,6,0,0,CONTRATACIÓN DIRECTA,Distrito Capital de Bogotá,0,0,2.791878827516942e-05
17280000,184,0,0,CONTRATACIÓN RÉGIMEN ESPECIAL,Cundinamarca,0,0,4.395177991540681e-05
65000000,334,0,0,CONTRATACIÓN RÉGIMEN ESPECIAL,OTRO,0,0,4.2649476456496e-05
26793180,180,0,0,CONTRATACIÓN DIRECTA,Santander,0,0,4.9748295392045783e-05
2621136789,8,0,8,LICITACIÓN PÚBLICA OBRA PUBLICA,Bolívar,1,1,0.9999927342050166
25972100,15,0,0,CONTRATACIÓN RÉGIMEN ESPECIAL,Santander,0,0,5.003935949581392e-05
46000000,2,0,3,MÍNIMA CUANTÍA,OTRO,1,1,0.9982595925147162
3000000,2,0,0,CONTRATACIÓN RÉGIMEN ESPECIAL,Santander,0,0,5.003932573883855e-05
31046604,10,0,0,CONTRATACIÓN RÉGIMEN ESPECIAL,Distrito Capital de Bogotá,0,0,2.808217360434554e-05
7500000,3,0,0,CONTRATACIÓN DIRECTA,OTRO,0,0,4.2401195611623514e-05
13020000,4,0,0,CONTRATACIÓN DIRECTA,Valle del Cauca,0,0,4.402495318740817e-05
4980000,7,0,0,CONTRATACIÓN DIRECTA,Antioquia,0,0,4.254601536109943e-05
5333333,40,0,0,CONTRATACIÓN DIRECTA,OTRO,0,0,4.240120340364332e-05
29796000,260,0,0,CONTRATACIÓN DIRECTA,Distrito Capital de Bogotá,0,0,2.791883824066988e-05
25607833,325,0,0,CONTRATACIÓN DIRECTA,Distrito Capital de Bogotá,0,0,2.7918846980002084e-05
4052122,6,0,0,CONTRATACIÓN RÉGIMEN ESPECIAL,OTRO,0,0,4.264931910558128e-05
18000000,4,0,0,CONTRATACIÓN DIRECTA,Santander,0,0,4.9748227482175375e-05
268488000,365,0,0,CONTRATACIÓN RÉGIMEN ESPECIAL,Distrito Capital de Bogotá,0,0,2.8082409520539868e-05
285600,40,0,0,CONTRATACIÓN DIRECTA,Valle del Cauca,0,0,4.402494903419335e-05
13204000,0,0,0,CONTRATACIÓN RÉGIMEN ESPECIAL,Antioquia,0,0,4.279499634512154e-05
5333333,80,0,0,CONTRATACIÓN DIRECTA,Santander,0,0,4.9748235754256874e-05
19600000,4,0,0,CONTRATACIÓN DIRECTA,Bolívar,0,0,3.460176894922746e-05
12000000,175,0,0,CONTRATACIÓN DIRECTA,Boyacá,0,0,5.3757782164921536e-05
3978000,60,0,0,CONTRATACIÓN DIRECTA,Distrito Capital de Bogotá,0,0,2.791878357441747e-05
6750000,90,0,0,CONTRATACIÓN DIRECTA,OTRO,0,0,4.240121866852504e-05
12000000,90,0,0,CONTRATACIÓN RÉGIMEN ESPECIAL,OTRO,0,0,4.2649351004518465e-05
40376700,26,0,1,MÍNIMA CUANTÍA,Boyacá,1,1,0.9721917217166196
78667000,10,0,0,CONTRATACIÓN RÉGIMEN ESPECIAL,Distrito Capital de Bogotá,0,0,2.808220797864295e-05
52920000,8,0,0,CONTRATACIÓN DIRECTA,Distrito Capital de Bogotá,0,0,2.791880930122073e-05
10252000,4,0,0,CONTRATACIÓN DIRECTA,Distrito Capital de Bogotá,0,0,2.7918777958198783e-05
10400493,61,0,0,CONTRATACIÓN DIRECTA,Valle del Cauca,0,0,4.402496646388277e-05
20280000,169,0,0,CONTRATACIÓN RÉGIMEN ESPECIAL,Antioquia,0,0,4.279505093606213e-05
3674400,2,0,0,CONTRATACIÓN RÉGIMEN ESPECIAL,OTRO,0,0,4.2649317587405326e-05
594000,0,0,0,CONTRATACIÓN RÉGIMEN ESPECIAL,Antioquia,0,0,4.279498247400371e-05
6572489,0,0,5,MÍNIMA CUANTÍA,Antioquia,1,1,0.9999164765594273
6400000,48,0,0,CONTRATACIÓN DIRECTA,No Definido,0,0,4.983491748587537e-05
5540000,3,0,0,CONTRATACIÓN RÉGIMEN ESPECIAL,Antioquia,0,0,4.279498874554695e-05
107999640,12,0,0,CONTRATACIÓN DIRECTA,Distrito Capital de Bogotá,0,0,2.7918849551382096e-05
1300000000,3,10,10,SELECCIÓN ABREVIADA DE MENOR CUANTÍA,Distrito Capital de Bogotá,1,1,0.9999995990392276
26400000,327,0,0,CONTRATACIÓN DIRECTA,Caldas,0,0,3.4443879880329216e-05
244800000,215,0,0,CONCURSO DE MÉRITOS ABIERTO,Valle del Cauca,0,1,0.5693667380171765
1293000,6,0,0,CONTRATACIÓN RÉGIMEN ESPECIAL,Magdalena,0,0,3.8430523747126685e-05
7260000,4,0,0,CONTRATACIÓN DIRECTA,Santander,0,0,4.974821374864278e-05
349000000,0,2,1,SELECCIÓN ABREVIADA DE MENOR CUANTÍA,OTRO,1,1,0.8160222954420958
6849466,57,0,0,CONTRATACIÓN RÉGIMEN ESPECIAL,Distrito Capital de Bogotá,0,0,2.8082164680071795e-05
3800000,38,0,0,CONTRATACIÓN RÉGIMEN ESPECIAL,OTRO,0,0,4.264932766192993e-05
4000000,26,0,0,CONTRATACIÓN RÉGIMEN ESPECIAL,Distrito Capital de Bogotá,0,0,2.8082156989020325e-05
36673000,30,0,0,CONTRATACIÓN RÉGIMEN ESPECIAL,OTRO,0,0,4.264936149129003e-05
3000000,30,0,0,CONTRATACIÓN RÉGIMEN ESPECIAL,Atlántico,0,0,3.76642934137648e-05
15000000,95,0,0,CONTRATACIÓN RÉGIMEN ESPECIAL,No Definido,0,0,5.012656928125227e-05
7500000,3,0,0,CONTRATACIÓN DIRECTA,Bolívar,0,0,3.460175796334452e-05
30440000,1,0,1,MÍNIMA CUANTÍA,Boyacá,1,1,0.972191710436801
3027489,90,0,0,CONTRATACIÓN DIRECTA,OTRO,0,0,4.240121461140435e-05
49500000,6,0,0,CONTRATACIÓN DIRECTA,Distrito Capital de Bogotá,0,0,2.7918806485509024e-05
21510667,221,0,0,CONTRATACIÓN DIRECTA,Cundinamarca,0,0,4.36960915395352e-05
7200000,6,0,0,CONTRATACIÓN DIRECTA,OTRO,0,0,4.2401196107909354e-05
3500000,28,0,0,CONTRATACIÓN RÉGIMEN ESPECIAL,Boyacá,0,0,5.407229907201212e-05
25832800,147,0,0,CONTRATACIÓN DIRECTA,Distrito Capital de Bogotá,0,0,2.7918814978413425e-05
10000000,173,0,0,CONTRATACIÓN RÉGIMEN ESPECIAL,No Definido,0,0,5.01265881432021e-05
15600000,338,0,0,CONTRATACIÓN RÉGIMEN ESPECIAL,Tolima,0,0,4.503683626483555e-05
7500000,3,0,0,CONTRATACIÓN DIRECTA,Atlántico,0,0,3.744516571225712e-05
1200000,30,0,0,CONTRATACIÓN RÉGIMEN ESPECIAL,Nariño,0,0,2.407570237882574e-05
18147744,8,0,0,CONTRATACIÓN DIRECTA,Caldas,0,0,3.444380146273727e-05
7800000,90,0,0,CONTRATACIÓN DIRECTA,OTRO,0,0,4.24012198129077e-05
18000000,135,0,0,CONTRATACIÓN DIRECTA,Distrito Capital de Bogotá,0,0,2.791880718898738e-05
1423500,30,0,0,CONTRATACIÓN RÉGIMEN ESPECIAL,Magdalena,0,0,3.843052984533001e-05
42930000,9,0,6,MÍNIMA CUANTÍA,OTRO,1,1,0.9999816229447659
94012706,1,0,4,MÍNIMA CUANTÍA,Meta,1,1,0.9997473338868615
18438000,7,0,0,CONTRATACIÓN DIRECTA,Distrito Capital de Bogotá,0,0,2.7918784374868804e-05
4500000,90,0,0,CONTRATACIÓN RÉGIMEN ESPECIAL,Nariño,0,0,2.407571377019773e-05
3007000,21,0,0,CONTRATACIÓN DIRECTA,Valle del Cauca,0,0,4.4024946700203755e-05
16896546,6,0,0,CONTRATACIÓN RÉGIMEN ESPECIAL,Valle del Cauca,0,0,4.428258622235331e-05
12000000,41,0,0,CONTRATACIÓN RÉGIMEN ESPECIAL,Tolima,0,0,4.503674552959565e-05
43569673,7,0,0,CONTRATACIÓN DIRECTA,Distrito Capital de Bogotá,0,0,2.7918802410359287e-05
11309760,3,0,0,CONTRATACIÓN DIRECTA,OTRO,0,0,4.2401199763834105e-05
4800000,4,0,0,CONTRATACIÓN RÉGIMEN ESPECIAL,Valle del Cauca,0,0,4.428257188033548e-05
9000000,38,0,0,CONTRATACIÓN RÉGIMEN ESPECIAL,No Definido,0,0,5.0126543059011626e-05
400000,0,0,0,CONTRATACIÓN RÉGIMEN ESPECIAL,Nariño,0,0,2.4075697209170377e-05
3200000,47,0,0,CONTRATACIÓN DIRECTA,Valle del Cauca,0,0,4.4024954326675895e-05
20300000,7,0,0,CONTRATACIÓN DIRECTA,Norte de Santander,0,0,7.30088635333164e-05
18867920,1,0,0,CONTRATACIÓN RÉGIMEN ESPECIAL,Boyacá,0,0,5.4072310982795105e-05
732529521,2,0,0,CONTRATACIÓN RÉGIMEN ESPECIAL,Atlántico,0,0,3.766499287731849e-05
82645161,355,0,0,CONTRATACIÓN DIRECTA,Distrito Capital de Bogotá,0,0,2.791889333311884e-05
4000000,10,0,0,CONTRATACIÓN RÉGIMEN ESPECIAL,Distrito Capital de Bogotá,0,0,2.808215408104891e-05
25200000,7,0,0,CONTRATACIÓN DIRECTA,OTRO,0,0,4.240121600030905e-05
42282000,3,0,0,CONTRATACIÓN RÉGIMEN ESPECIAL,Distrito Capital de Bogotá,0,0,2.8082180442259164e-05
11780000,93,0,0,CONTRATACIÓN RÉGIMEN ESPECIAL,Distrito Capital de Bogotá,0,0,2.8082174782063835e-05
24275094,3,0,0,CONTRATACIÓN RÉGIMEN ESPECIAL,OTRO,0,0,4.264934044725707e-05
60000000,114,0,0,CONTRATACIÓN DIRECTA,Distrito Capital de Bogotá,0,0,2.7918833535377123e-05
26840000,165,0,0,CONTRATACIÓN DIRECTA,Antioquia,0,0,4.254608277349152e-05
3900000,90,0,0,CONTRATACIÓN RÉGIMEN ESPECIAL,Nariño,0,0,2.407571339888314e-05
15960000,24,0,0,CONTRATACIÓN RÉGIMEN ESPECIAL,Antioquia,0,0,4.2795006023930675e-05
13250000,143,0,0,CONTRATACIÓN RÉGIMEN ESPECIAL,Magdalena,0,0,3.843056963332566e-05
86027400,15,0,0,CONTRATACIÓN RÉGIMEN ESPECIAL,OTRO,0,0,4.264941145653175e-05
8000000,2,0,0,CONTRATACIÓN DIRECTA,Santander,0,0,4.9748214050972224e-05
86591998,165,0,0,CONTRATACIÓN DIRECTA,Distrito Capital de Bogotá,0,0,2.791886183414902e-05
120000000,3,0,13,MÍNIMA CUANTÍA,Distrito Capital de Bogotá,1,1,0.999999999320041
61155368,225,0,0,CONTRATACIÓN RÉGIMEN ESPECIAL,Distrito Capital de Bogotá,0,0,2.8082234413993428e-05
476000,30,0,0,CONTRATACIÓN RÉGIMEN ESPECIAL,Antioquia,0,0,4.279499065317792e-05
33861544,0,0,0,CONTRATACIÓN DIRECTA,OTRO,0,0,4.240122351950148e-05
40500000,1,0,0,CONTRATACIÓN RÉGIMEN ESPECIAL,Distrito Capital de Bogotá,0,0,2.8082178792444405e-05
4000000,35,0,0,CONTRATACIÓN RÉGIMEN ESPECIAL,Antioquia,0,0,4.2794995914440675e-05
748574100,334,0,0,CONTRATACIÓN RÉGIMEN ESPECIAL,Valle del Cauca,0,0,4.428351306294902e-05
7879959,50,0,0,CONTRATACIÓN DIRECTA,Distrito Capital de Bogotá,0,0,2.791878456770886e-05
120000000,135,0,0,CONTRATACIÓN RÉGIMEN ESPECIAL,OTRO,0,0,4.264948182249664e-05
9959180,116,0,0,CONTRATACIÓN DIRECTA,Antioquia,0,0,4.2546050820045325e-05
46200000,30,0,0,SELECCIÓN ABREVIADA DE MENOR CUANTÍA,Antioquia,0,0,0.49387327739758546
17500000,210,0,0,CONTRATACIÓN DIRECTA,Tolima,0,0,4.477478538772901e-05
10000000,3,0,0,CONTRATACIÓN RÉGIMEN ESPECIAL,Atlántico,0,0,3.76642936091389e-05
21754300,249,0,0,CONTRATACIÓN DIRECTA,Distrito Capital de Bogotá,0,0,2.791883048201341e-05
11187071,2,0,1,MÍNIMA CUANTÍA,OTRO,1,1,0.9650039284520976
29000000,5,0,0,CONTRATACIÓN DIRECTA,Bolívar,0,0,3.4601777533687916e-05
60203000,11,0,0,CONTRATACIÓN DIRECTA,Distrito Capital de Bogotá,0,0,2.7918815069868643e-05
26668224,11,0,0,CONTRATACIÓN DIRECTA,Distrito Capital de Bogotá,0,0,2.791879100396815e-05
19800000,3,0,0,CONTRATACIÓN DIRECTA,Distrito Capital de Bogotá,0,0,2.7918784629530378e-05
6066000,52,0,0,CONTRATACIÓN DIRECTA,OTRO,0,0,4.2401207495177374e-05
6000000,2,0,0,CONTRATACIÓN DIRECTA,Cundinamarca,0,0,4.369601218583895e-05
3800000,30,0,0,CONTRATACIÓN RÉGIMEN ESPECIAL,Distrito Capital de Bogotá,0,0,2.808215757164545e-05
47115186,178,0,0,CONTRATACIÓN RÉGIMEN ESPECIAL,Antioquia,0,0,4.279508294776821e-05
15752000,165,0,0,CONTRATACIÓN DIRECTA,Distrito Capital de Bogotá,0,0,2.79188109964639e-05
14502054,113,0,0,CONTRATACIÓN RÉGIMEN ESPECIAL,Magdalena,0,0,3.843056340851977e-05
21569992,102,0,0,CONTRATACIÓN DIRECTA,Antioquia,0,0,4.254605966278883e-05
4380000,3,0,0,CONTRATACIÓN RÉGIMEN ESPECIAL,OTRO,0,0,4.264931863695313e-05
15000000,3,0,0,CONTRATACIÓN DIRECTA,Distrito Capital de Bogotá,0,0,2.7918781184860285e-05
6000000,4,0,0,CONTRATACIÓN DIRECTA,Santander,0,0,4.9748212137446456e-05
19337500,7,0,0,CONTRATACIÓN DIRECTA,Distrito Capital de Bogotá,0,0,2.791878502038566e-05
2773000,59,0,0,CONTRATACIÓN DIRECTA,Tolima,0,0,4.477472468198917e-05
10500000,1,0,0,CONTRATACIÓN RÉGIMEN ESPECIAL,Antioquia,0,0,4.27949936476618e-05
36764344,8,0,0,CONTRATACIÓN DIRECTA,Distrito Capital de Bogotá,0,0,2.7918797707273723e-05
39600000,18,0,0,CONTRATACIÓN RÉGIMEN ESPECIAL,OTRO,0,0,4.264936138778047e-05
375000,1,0,0,CONTRATACIÓN RÉGIMEN ESPECIAL,No Definido,0,0,5.012651994285301e-05
1850000,2,0,0,CONTRATACIÓN RÉGIMEN ESPECIAL,Distrito Capital de Bogotá,0,0,2.8082151075109914e-05
46094166,0,0,0,MÍNIMA CUANTÍA,Santander,0,1,0.876446799957705
3000000,3,0,0,CONTRATACIÓN RÉGIMEN ESPECIAL,Santander,0,0,5.00393260626869e-05
66164,30,0,0,CONTRATACIÓN RÉGIMEN ESPECIAL,No Definido,0,0,5.0126528952898756e-05
24200000,0,0,0,CONTRATACIÓN DIRECTA,Valle del Cauca,0,0,4.402496469925349e-05
15980000,102,0,0,CONTRATACIÓN DIRECTA,Distrito Capital de Bogotá,0,0,2.7918799776550494e-05
27515904,244,0,0,CONTRATACIÓN DIRECTA,Nariño,0,0,2.3935680824751804e-05
189930000,45,1,1,CONTRATACIÓN DIRECTA (CON OFERTAS),Cundinamarca,1,1,0.9865396659270508
19800000,6,0,0,CONTRATACIÓN DIRECTA,Valle del Cauca,0,0,4.4024961429665316e-05
73595000,0,0,13,MÍNIMA CUANTÍA,OTRO,1,1,0.9999999995522915
21410820,369,0,0,CONTRATACIÓN RÉGIMEN ESPECIAL,Distrito Capital de Bogotá,0,0,2.808223189656846e-05
54000000,6,0,0,CONTRATACIÓN DIRECTA,No Definido,0,0,4.98349649133236e-05
22231128,180,0,0,CONTRATACIÓN DIRECTA,Distrito Capital de Bogotá,0,0,2.7918818356514508e-05
606900,90,0,0,CONTRATACIÓN RÉGIMEN ESPECIAL,Antioquia,0,0,4.279500741512464e-05
1400000,12,0,0,CONTRATACIÓN RÉGIMEN ESPECIAL,Distrito Capital de Bogotá,0,0,2.8082152567764317e-05
3147750,8,0,0,CONTRATACIÓN RÉGIMEN ESPECIAL,Boyacá,0,0,5.407229158347596e-05
5016667,67,0,0,CONTRATACIÓN DIRECTA,Santander,0,0,4.974823116378903e-05
22500000,12,0,0,CONTRATACIÓN RÉGIMEN ESPECIAL,No Definido,0,0,5.0126552018374514e-05
2436687,40,0,0,CONTRATACIÓN RÉGIMEN ESPECIAL,Caldas,0,0,3.4645357039317604e-05
175137510,1,0,0,SELECCIÓN ABREVIADA DE MENOR CUANTÍA,Santander,0,1,0.532924917806279
17400000,6,0,0,CONTRATACIÓN DIRECTA,Meta,0,0,6.413244067791465e-05
71189500,120,0,0,SELECCIÓN ABREVIADA DE MENOR CUANTÍA,Cundinamarca,0,1,0.5005412255373854
30870000,7,0,0,CONTRATACIÓN DIRECTA,Norte de Santander,0,0,7.300888336871646e-05
28512000,8,0,0,CONTRATACIÓN DIRECTA,OTRO,0,0,4.2401219884436305e-05
128037283,11,0,0,CONTRATACIÓN DIRECTA,No Definido,0,0,4.983506136462161e-05
4986797,84,0,0,CONTRATACIÓN RÉGIMEN ESPECIAL,No Definido,0,0,5.012655281118143e-05
22500000,5,0,0,CONTRATACIÓN DIRECTA,Atlántico,0,0,3.74451806344735e-05
3840000,0,0,1,MÍNIMA CUANTÍA,OTRO,1,1,0.9650039216369452
79612933,0,0,9,MÍNIMA CUANTÍA,Distrito Capital de Bogotá,1,1,0.9999997057964911
8750000,5,0,0,CONTRATACIÓN DIRECTA,Valle del Cauca,0,0,4.4024948640303386e-05
4000000,2,0,0,CONTRATACIÓN RÉGIMEN ESPECIAL,OTRO,0,0,4.26493179443492e-05
2407700,1,0,0,CONTRATACIÓN RÉGIMEN ESPECIAL,No Definido,0,0,5.012652256188694e-05
2500000,30,0,0,CONTRATACIÓN RÉGIMEN ESPECIAL,OTRO,0,0,4.2649324028599536e-05
30909333,173,0,0,CONTRATACIÓN RÉGIMEN ESPECIAL,Distrito Capital de Bogotá,0,0,2.8082203130251307e-05
13904000,4,0,0,CONTRATACIÓN DIRECTA,Distrito Capital de Bogotá,0,0,2.7918780579018228e-05
37290000,6,0,0,CONTRATACIÓN DIRECTA,No Definido,0,0,4.983494350853677e-05
14027529,10,0,0,CONTRATACIÓN RÉGIMEN ESPECIAL,Boyacá,0,0,5.40723074048226e-05
53664000,159,0,0,CONTRATACIÓN RÉGIMEN ESPECIAL,Distrito Capital de Bogotá,0,0,2.8082217011007027e-05
15126794,10,0,0,CONTRATACIÓN RÉGIMEN ESPECIAL,No Definido,0,0,5.0126541869531044e-05
9539008,0,0,0,CONTRATACIÓN RÉGIMEN ESPECIAL,Distrito Capital de Bogotá,0,0,2.808215626183819e-05
8360000,120,0,0,CONTRATACIÓN DIRECTA,Norte de Santander,0,0,7.300889451877699e-05
3599529,1,0,0,CONTRATACIÓN RÉGIMEN ESPECIAL,OTRO,0,0,4.2649317229303736e-05
144521911,6,1,0,CONTRATACIÓN DIRECTA (CON OFERTAS),Caldas,1,1,0.9268323396598857
19049556,180,0,0,CONTRATACIÓN DIRECTA,Nariño,0,0,2.39356657013473e-05
21605471,0,0,0,CONTRATACIÓN DIRECTA,Distrito Capital de Bogotá,0,0,2.791878538313523e-05
6950000,5,0,0,CONTRATACIÓN RÉGIMEN ESPECIAL,Meta,0,0,6.450770967910675e-05
42000000,105,0,0,CONTRATACIÓN DIRECTA,Santander,0,0,4.9748290690087004e-05
11688300,71,0,0,CONTRATACIÓN DIRECTA,Antioquia,0,0,4.254604032006412e-05
29458000,5,0,0,CONTRATACIÓN DIRECTA,Distrito Capital de Bogotá,0,0,2.7918791921876805e-05
54102400,348,0,0,CONTRATACIÓN DIRECTA,No Definido,0,0,4.9835075348428946e-05
1000000,50,0,0,CONTRATACIÓN RÉGIMEN ESPECIAL,Antioquia,0,0,4.279499676890071e-05
15370000,162,0,0,CONTRATACIÓN RÉGIMEN ESPECIAL,Antioquia,0,0,4.279504359624523e-05
6500000,22,0,0,CONTRATACIÓN RÉGIMEN ESPECIAL,Nariño,0,0,2.4075704412217743e-05
8000000,2,0,0,CONTRATACIÓN DIRECTA,Valle del Cauca,0,0,4.402494693680897e-05
100000000,0,0,0,SELECCIÓN ABREVIADA SUBASTA INVERSA,Antioquia,0,1,0.585898831754273
8464978,88,0,0,CONTRATACIÓN RÉGIMEN ESPECIAL,Distrito Capital de Bogotá,0,0,2.808217148040886e-05
1600000,1,0,0,CONTRATACIÓN RÉGIMEN ESPECIAL,Nariño,0,0,2.4075698107618018e-05
20000000,2,0,0,CONTRATACIÓN RÉGIMEN ESPECIAL,OTRO,0,0,4.264933548459514e-05
29333333,80,0,0,CONTRATACIÓN RÉGIMEN ESPECIAL,Antioquia,0,0,4.279503624483266e-05
10707744,90,0,0,CONTRATACIÓN RÉGIMEN ESPECIAL,Distrito Capital de Bogotá,0,0,2.8082173462822234e-05
247500000,11,0,0,CONTRATACIÓN DIRECTA,Norte de Santander,0,0,7.300929178237722e-05
13385500,98,0,0,CONTRATACIÓN DIRECTA,Distrito Capital de Bogotá,0,0,2.7918797191869527e-05
9300000,3,0,0,CONTRATACIÓN DIRECTA,Norte de Santander,0,0,7.300884100102147e-05
14000000,126,0,0,CONTRATACIÓN DIRECTA,Caldas,0,0,3.4443824095011594e-05
4000000,3,0,0,CONTRATACIÓN RÉGIMEN ESPECIAL,Antioquia,0,0,4.2794987051532635e-05
30409000,342,0,0,CONTRATACIÓN RÉGIMEN ESPECIAL,Antioquia,0,0,4.279510999327664e-05
23195000,2,0,0,CONTRATACIÓN DIRECTA,Distrito Capital de Bogotá,0,0,2.7918786885226123e-05
20749025,3,0,0,CONTRATACIÓN RÉGIMEN ESPECIAL,Antioquia,0,0,4.2795005475619584e-05
16383648,103,0,0,CONTRATACIÓN RÉGIMEN ESPECIAL,Nariño,0,0,2.407572315013381e-05
220000000,0,0,0,SELECCIÓN ABREVIADA DE MENOR CUANTÍA,Norte de Santander,0,1,0.6260998019114197
53199797,2,0,11,MÍNIMA CUANTÍA,OTRO,1,1,0.9999999906872518
8624336,68,0,0,CONTRATACIÓN DIRECTA,Atlántico,0,0,3.744518254676469e-05
5500320,5,0,0,CONTRATACIÓN RÉGIMEN ESPECIAL,Atlántico,0,0,3.7664289740368854e-05
26666640,6,0,0,CONTRATACIÓN DIRECTA,Distrito Capital de Bogotá,0,0,2.791879009937671e-05
2683333,23,0,0,CONTRATACIÓN DIRECTA,Antioquia,0,0,4.2546017255114976e-05
10560000,6,0,0,CONTRATACIÓN RÉGIMEN ESPECIAL,Meta,0,0,6.450771608225804e-05
66588480,9,0,0,CONTRATACIÓN DIRECTA,Distrito Capital de Bogotá,0,0,2.7918819290965358e-05
7200000,4,0,0,CONTRATACIÓN RÉGIMEN ESPECIAL,OTRO,0,0,4.2649322004444137e-05
12852000,255,0,0,CONTRATACIÓN DIRECTA,Caldas,0,0,3.444385183526491e-05
5449470333,16,0,0,CONTRATACIÓN RÉGIMEN ESPECIAL,Distrito Capital de Bogotá,0,0,2.8086086198902117e-05
2238000,157,0,0,CONTRATACIÓN RÉGIMEN ESPECIAL,Antioquia,0,0,4.279502776607613e-05
7410171,52,0,0,CONTRATACIÓN DIRECTA,Valle del Cauca,0,0,4.4024960515632096e-05
44088000,6,0,0,CONTRATACIÓN DIRECTA,Distrito Capital de Bogotá,0,0,2.7918802601640482e-05
15273333,158,0,0,CONTRATACIÓN DIRECTA,Meta,0,0,6.413250026007273e-05
6000000,120,0,0,CONTRATACIÓN RÉGIMEN ESPECIAL,Boyacá,0,0,5.407233474188941e-05
59000000,150,0,2,SELECCIÓN ABREVIADA SUBASTA INVERSA,Cundinamarca,1,1,0.9679754944161125
8800000,104,0,0,CONTRATACIÓN DIRECTA,Valle del Cauca,0,0,4.402497690453913e-05
57667000,167,0,0,CONTRATACIÓN DIRECTA,Distrito Capital de Bogotá,0,0,2.7918841437756656e-05
12412866,134,0,0,CONTRATACIÓN DIRECTA,OTRO,0,0,4.240123691479069e-05
8578731,50,0,0,CONTRATACIÓN RÉGIMEN ESPECIAL,OTRO,0,0,4.2649336212966455e-05
2639785022,11,0,0,SELECCIÓN ABREVIADA DE MENOR CUANTÍA,Bolívar,0,0,0.442473053452194
34058645,150,0,0,CONTRATACIÓN DIRECTA,Antioquia,0,0,4.2546086537560824e-05
15300000,6,0,0,CONTRATACIÓN DIRECTA,Tolima,0,0,4.4774723741011595e-05
3836581,83,0,0,CONTRATACIÓN DIRECTA,OTRO,0,0,4.24012135723017e-05
9538832,105,0,0,CONTRATACIÓN DIRECTA,Valle del Cauca,0,0,4.402497802554489e-05
5000000,30,0,0,CONTRATACIÓN RÉGIMEN ESPECIAL,Antioquia,0,0,4.279499562962061e-05
332787,3,0,0,CONTRATACIÓN RÉGIMEN ESPECIAL,No Definido,0,0,5.012652053728887e-05
4128000,38,0,0,CONTRATACIÓN RÉGIMEN ESPECIAL,Distrito Capital de Bogotá,0,0,2.808215926239451e-05
36000000,300,0,0,CONTRATACIÓN DIRECTA,Distrito Capital de Bogotá,0,0,2.791884992056723e-05
26600000,204,0,0,CONTRATACIÓN RÉGIMEN ESPECIAL,OTRO,0,0,4.2649398476689367e-05
1094507,30,0,0,CONTRATACIÓN RÉGIMEN ESPECIAL,Magdalena,0,0,3.843052952034116e-05
33600000,120,0,0,CONTRATACIÓN RÉGIMEN ESPECIAL,Nariño,0,0,2.4075736453537848e-05
529994726,5,0,0,SELECCIÓN ABREVIADA DE MENOR CUANTÍA,Norte de Santander,0,1,0.6261016749008024
4478038113,10,0,0,LICITACIÓN PÚBLICA,Norte de Santander,0,1,0.7450220680497348
2500000,0,0,0,CONTRATACIÓN RÉGIMEN ESPECIAL,OTRO,0,0,4.2649315747905304e-05
5358792,92,0,0,CONTRATACIÓN RÉGIMEN ESPECIAL,Distrito Capital de Bogotá,0,0,2.8082169965235025e-05
129905475,150,0,0,CONTRATACIÓN DIRECTA,Boyacá,0,0,5.375793638718438e-05
1500000,105,0,5,MÍNIMA CUANTÍA,No Definido,1,1,0.9999286924430368
6000000,1,0,0,CONTRATACIÓN RÉGIMEN ESPECIAL,OTRO,0,0,4.2649319860856414e-05
3800000,2,0,0,CONTRATACIÓN RÉGIMEN ESPECIAL,Antioquia,0,0,4.2794986554564906e-05
14000000,4,0,0,CONTRATACIÓN DIRECTA,Santander,0,0,4.974822236726524e-05
139339692,242,0,0,CONTRATACIÓN RÉGIMEN ESPECIAL,Distrito Capital de Bogotá,0,0,2.80822939404297e-05
7822941,0,0,0,CONTRATACIÓN DIRECTA,OTRO,0,0,4.240119514034086e-05
9166667,50,0,0,CONTRATACIÓN DIRECTA,Distrito Capital de Bogotá,0,0,2.7918785491101575e-05
2416667,0,0,0,CONTRATACIÓN RÉGIMEN ESPECIAL,OTRO,0,0,4.264931565655026e-05
1800000,30,0,0,CONTRATACIÓN RÉGIMEN ESPECIAL,OTRO,0,0,4.2649323261213856e-05
31440000,6,0,0,CONTRATACIÓN DIRECTA,Antioquia,0,0,4.254604402267372e-05
21000000,210,0,0,CONTRATACIÓN DIRECTA,OTRO,0,0,4.240126712956203e-05
7000000,1,0,0,CONTRATACIÓN DIRECTA,Distrito Capital de Bogotá,0,0,2.7918775082362766e-05
9000000,28,0,0,CONTRATACIÓN RÉGIMEN ESPECIAL,Valle del Cauca,0,0,4.428258353919576e-05
24000000,8,0,0,CONTRATACIÓN DIRECTA,Distrito Capital de Bogotá,0,0,2.7918788547071653e-05
4500000,20,0,0,CONTRATACIÓN DIRECTA,OTRO,0,0,4.240119700705588e-05
84500000,338,180,1,CONTRATACIÓN DIRECTA (CON OFERTAS),Distrito Capital de Bogotá,1,1,0.9791631731010959
565375000,32,0,0,CONTRATACIÓN RÉGIMEN ESPECIAL,Bolívar,0,0,3.480475029550404e-05
12500000,147,0,0,CONTRATACIÓN RÉGIMEN ESPECIAL,Santander,0,0,5.0039384915868574e-05
385875000,6,1,1,CONTRATACIÓN DIRECTA (CON OFERTAS),OTRO,0,1,0.9861343706003396
6105000,3,0,0,CONTRATACIÓN DIRECTA,Distrito Capital de Bogotá,0,0,2.791877480145722e-05
27897051,15,0,1,MÍNIMA CUANTÍA,Antioquia,1,1,0.9651189178211629
1499400,1,0,0,CONTRATACIÓN RÉGIMEN ESPECIAL,Distrito Capital de Bogotá,0,0,2.8082150640285043e-05
7506000,3,0,0,CONTRATACIÓN DIRECTA,Distrito Capital de Bogotá,0,0,2.7918775806870005e-05
2187696,1,0,0,CONTRATACIÓN RÉGIMEN ESPECIAL,Cundinamarca,0,0,4.3951710810294644e-05
1500000,6,0,0,CONTRATACIÓN RÉGIMEN ESPECIAL,Distrito Capital de Bogotá,0,0,2.8082151549459068e-05
16257784,5,0,0,CONTRATACIÓN DIRECTA,Valle del Cauca,0,0,4.40249571362854e-05
26737500,11,0,0,CONTRATACIÓN DIRECTA,Distrito Capital de Bogotá,0,0,2.7918791053683342e-05
13950000,0,0,0,CONTRATACIÓN RÉGIMEN ESPECIAL,OTRO,0,0,4.26493283001424e-05
3212161,1,0,0,CONTRATACIÓN RÉGIMEN ESPECIAL,No Definido,0,0,5.0126523598395375e-05
5400000,27,0,0,CONTRATACIÓN RÉGIMEN ESPECIAL,Antioquia,0,0,4.2794995238726715e-05
2550000,1,0,0,CONTRATACIÓN RÉGIMEN ESPECIAL,Cundinamarca,0,0,4.3951711219604254e-05
56800000,8,0,0,CONTRATACIÓN DIRECTA,Distrito Capital de Bogotá,0,0,2.7918812085665172e-05
17841500,60,0,1,MÍNIMA CUANTÍA,Cundinamarca,1,1,0.9660057544128768
4680000,10,0,0,CONTRATACIÓN RÉGIMEN ESPECIAL,Distrito Capital de Bogotá,0,0,2.8082154571899347e-05
48600000,152,0,0,CONTRATACIÓN DIRECTA,Distrito Capital de Bogotá,0,0,2.791883222053722e-05
3815623403,4,0,0,LICITACIÓN PÚBLICA,Distrito Capital de Bogotá,0,1,0.5276950279008724
37400000,255,0,0,CONTRATACIÓN DIRECTA,Distrito Capital de Bogotá,0,0,2.7918842794156352e-05
1505452,25,0,0,CONTRATACIÓN RÉGIMEN ESPECIAL,Caldas,0,0,3.4645352846659996e-05
52074400,45,0,0,CONTRATACIÓN RÉGIMEN ESPECIAL,Distrito Capital de Bogotá,0,0,2.8082195144236243e-05
99709691,3,0,0,CONCURSO DE MÉRITOS ABIERTO,Distrito Capital de Bogotá,0,0,0.4560610606710985
135000000,4,0,0,CONTRATACIÓN RÉGIMEN ESPECIAL,OTRO,0,0,4.264946210737276e-05
12982500,5,0,0,CONTRATACIÓN DIRECTA,Meta,0,0,6.413243298090006e-05
56628000,12,0,0,CONTRATACIÓN DIRECTA,Distrito Capital de Bogotá,0,0,2.7918812684995335e-05
11012615,83,0,0,CONTRATACIÓN DIRECTA,Boyacá,0,0,5.3757748792639114e-05
847000,2,0,0,CONTRATACIÓN RÉGIMEN ESPECIAL,OTRO,0,0,4.264931448782536e-05
3500000,365,0,0,CONTRATACIÓN RÉGIMEN ESPECIAL,OTRO,0,0,4.264941759272862e-05
9441000,140,0,0,CONTRATACIÓN DIRECTA,Valle del Cauca,0,0,4.402498788724364e-05
11000000,150,0,0,CONTRATACIÓN DIRECTA,Distrito Capital de Bogotá,0,0,2.7918804875871694e-05
32670000,0,0,0,CONTRATACIÓN DIRECTA,Valle del Cauca,0,0,4.4024974284104976e-05
29194666,119,0,0,CONTRATACIÓN RÉGIMEN ESPECIAL,Distrito Capital de Bogotá,0,0,2.8082192078117886e-05
12000000,45,0,0,CONTRATACIÓN DIRECTA,Distrito Capital de Bogotá,0,0,2.7918786620959192e-05
1713000,5,0,0,CONTRATACIÓN RÉGIMEN ESPECIAL,Bolívar,0,0,3.480423994610654e-05
23674600,285,0,0,CONTRATACIÓN DIRECTA,Distrito Capital de Bogotá,0,0,2.7918838364983432e-05
7200000,3,0,0,CONTRATACIÓN DIRECTA,Santander,0,0,4.97482133499548e-05
290454006,4,0,0,SELECCIÓN ABREVIADA DE MENOR CUANTÍA,Distrito Capital de Bogotá,0,0,0.39035899598945684
623200,3,0,0,CONTRATACIÓN RÉGIMEN ESPECIAL,Antioquia,0,0,4.279498333702143e-05
6700000,4,0,0,CONTRATACIÓN RÉGIMEN ESPECIAL,Norte de Santander,0,0,7.343606193859594e-05
60000000,0,0,0,CONTRATACIÓN RÉGIMEN ESPECIAL,OTRO,0,0,4.26493787831943e-05
7500000,45,0,0,CONTRATACIÓN RÉGIMEN ESPECIAL,Distrito Capital de Bogotá,0,0,2.8082162968673478e-05
20063314,90,0,0,CONTRATACIÓN RÉGIMEN ESPECIAL,Distrito Capital de Bogotá,0,0,2.8082180216041698e-05
250000000,0,2,1,SELECCIÓN ABREVIADA DE MENOR CUANTÍA,Boyacá,1,1,0.8490214352547157
43608000,6,0,0,CONTRATACIÓN RÉGIMEN ESPECIAL,Distrito Capital de Bogotá,0,0,2.8082181944663576e-05
14600000,1,0,3,MÍNIMA CUANTÍA,Norte de Santander,1,1,0.9989885191238468
20000000,4,0,0,CONTRATACIÓN DIRECTA,Valle del Cauca,0,0,4.402496108613845e-05
77280000,345,0,0,CONTRATACIÓN DIRECTA,Distrito Capital de Bogotá,0,0,2.7918887675936167e-05
560623166,0,4,2,SELECCIÓN ABREVIADA DE MENOR CUANTÍA,OTRO,1,1,0.9528969940253107
43755600,252,0,0,CONTRATACIÓN DIRECTA,Distrito Capital de Bogotá,0,0,2.7918846813122793e-05
9984833,15,0,0,CONTRATACIÓN RÉGIMEN ESPECIAL,Distrito Capital de Bogotá,0,0,2.808215930987545e-05
10400000,3,0,0,CONTRATACIÓN DIRECTA,OTRO,0,0,4.240119877229779e-05
502309380,3,0,0,CONTRATACIÓN RÉGIMEN ESPECIAL,Valle del Cauca,0,0,4.428313788478111e-05
20160000,160,0,0,CONTRATACIÓN DIRECTA,Meta,0,0,6.41325091455395e-05
1600000,6,0,2,MÍNIMA CUANTÍA,Boyacá,1,1,0.9937674431548358
4370000,57,0,0,CONTRATACIÓN RÉGIMEN ESPECIAL,OTRO,0,0,4.264933353124225e-05
101199605,120,0,0,CONTRATACIÓN DIRECTA,Boyacá,0,0,5.3757886284391845e-05
89449784,333,0,0,CONTRATACIÓN RÉGIMEN ESPECIAL,Antioquia,0,0,4.279517244621957e-05
3503999,1,0,0,CONTRATACIÓN DIRECTA,Distrito Capital de Bogotá,0,0,2.7918772573494822e-05
21700000,7,0,0,CONTRATACIÓN DIRECTA,Bolívar,0,0,3.460177148882822e-05
50634240,210,0,0,CONTRATACIÓN DIRECTA,Distrito Capital de Bogotá,0,0,2.7918844160483824e-05
19013904,3,0,0,CONTRATACIÓN DIRECTA,OTRO,0,0,4.2401208160487026e-05
11200000,105,0,0,CONTRATACIÓN DIRECTA,OTRO,0,0,4.240122763479141e-05
25000000,5,0,0,CONTRATACIÓN DIRECTA,Distrito Capital de Bogotá,0,0,2.791878872263863e-05
5138951,30,0,0,CONTRATACIÓN RÉGIMEN ESPECIAL,Antioquia,0,0,4.279499578246805e-05
1850000,1,0,0,CONTRATACIÓN RÉGIMEN ESPECIAL,OTRO,0,0,4.264931531135611e-05
22640000,93,0,0,CONTRATACIÓN DIRECTA,Valle del Cauca,0,0,4.402498943202883e-05
15000000,0,0,0,CONTRATACIÓN RÉGIMEN ESPECIAL,OTRO,0,0,4.2649329451221096e-05
37800000,2,0,0,CONTRATACIÓN RÉGIMEN ESPECIAL,OTRO,0,0,4.264935499812713e-05
18300000,6,0,0,CONTRATACIÓN DIRECTA,OTRO,0,0,4.240120820566396e-05
70000000,7,0,0,CONTRATACIÓN DIRECTA,Distrito Capital de Bogotá,0,0,2.79188213778282e-05
140459088,12,0,0,CONTRATACIÓN DIRECTA,No Definido,0,0,4.98350775989795e-05
7700000,4,0,0,CONTRATACIÓN RÉGIMEN ESPECIAL,Valle del Cauca,0,0,4.428257518124529e-05
21580000,4,0,0,CONTRATACIÓN DIRECTA,Distrito Capital de Bogotá,0,0,2.7918786087619883e-05
3300000,11,0,0,CONTRATACIÓN RÉGIMEN ESPECIAL,Caldas,0,0,3.464535130563729e-05
5600000,56,0,0,CONTRATACIÓN RÉGIMEN ESPECIAL,Antioquia,0,0,4.2795003490740546e-05
3005000,53,0,0,CONTRATACIÓN RÉGIMEN ESPECIAL,No Definido,0,0,5.012654020093686e-05
22500000,5,0,0,CONTRATACIÓN DIRECTA,OTRO,0,0,4.2401212508776136e-05
9000000,3,0,0,CONTRATACIÓN RÉGIMEN ESPECIAL,OTRO,0,0,4.264932370169849e-05
24000000,215,0,0,CONTRATACIÓN RÉGIMEN ESPECIAL,Santander,0,0,5.003942172902083e-05
7497000,30,0,0,CONTRATACIÓN RÉGIMEN ESPECIAL,Distrito Capital de Bogotá,0,0,2.808216024028416e-05
17680000,0,0,0,CONTRATACIÓN DIRECTA,Bolívar,0,0,3.4601766345780145e-05
69510168,258,0,0,CONTRATACIÓN DIRECTA,Distrito Capital de Bogotá,0,0,2.791886637981761e-05
2739800,21,0,0,CONTRATACIÓN RÉGIMEN ESPECIAL,OTRO,0,0,4.2649321807275534e-05
56763000,2,0,0,CONTRATACIÓN DIRECTA,Distrito Capital de Bogotá,0,0,2.7918810974965997e-05
19716667,3,0,0,CONTRATACIÓN DIRECTA,Distrito Capital de Bogotá,0,0,2.791878456972732e-05
15000000,109,0,0,CONTRATACIÓN RÉGIMEN ESPECIAL,Valle del Cauca,0,0,4.428261358271149e-05
85000,30,0,0,CONTRATACIÓN RÉGIMEN ESPECIAL,Antioquia,0,0,4.27949902230743e-05
1800000000,170,0,0,CONTRATACIÓN DIRECTA,Distrito Capital de Bogotá,0,0,2.7920092377628662e-05
22000000,0,0,0,CONTRATACIÓN RÉGIMEN ESPECIAL,Cundinamarca,0,0,4.3951732908612556e-05
452754385,2,0,0,SELECCIÓN ABREVIADA DE MENOR CUANTÍA,Valle del Cauca,0,1,0.5024184387684716
3404450,30,0,0,CONTRATACIÓN RÉGIMEN ESPECIAL,Distrito Capital de Bogotá,0,0,2.8082157286122077e-05
18170520,0,0,0,CONTRATACIÓN RÉGIMEN ESPECIAL,Bolívar,0,0,3.480425354309101e-05
4400000,2,0,0,CONTRATACIÓN RÉGIMEN ESPECIAL,OTRO,0,0,4.26493183828553e-05
60000000,0,0,0,CONTRATACIÓN RÉGIMEN ESPECIAL,OTRO,0,0,4.26493787831943e-05
9570000,87,0,0,CONTRATACIÓN DIRECTA,Santander,0,0,4.974824342555298e-05
97688417,50,0,0,CONTRATACIÓN RÉGIMEN ESPECIAL,OTRO,0,0,4.2649433900962826e-05
1557704074,6,0,4,LICITACIÓN PÚBLICA,Cundinamarca,1,1,0.9986799997498019
45000000,10,0,0,CONTRATACIÓN DIRECTA,Distrito Capital de Bogotá,0,0,2.791880397889238e-05
8750000,753,0,0,CONTRATACIÓN DIRECTA,Distrito Capital de Bogotá,0,0,2.791891221808147e-05
20756754,15,0,0,CONTRATACIÓN RÉGIMEN ESPECIAL,Tolima,0,0,4.503674808835425e-05
17272000,272,0,0,CONTRATACIÓN DIRECTA,Distrito Capital de Bogotá,0,0,2.7918831421229602e-05
107460000,241,0,0,CONTRATACIÓN RÉGIMEN ESPECIAL,Cundinamarca,0,0,4.3951898009507216e-05
11132000,100,0,0,CONTRATACIÓN RÉGIMEN ESPECIAL,OTRO,0,0,4.264935281319302e-05
2200000,30,0,0,CONTRATACIÓN DIRECTA,Valle del Cauca,0,0,4.402494835131534e-05
16430000,5,0,0,CONTRATACIÓN DIRECTA,Meta,0,0,6.413243866388086e-05
8400000,7,0,0,CONTRATACIÓN RÉGIMEN ESPECIAL,Norte de Santander,0,0,7.343606657321277e-05
93333333,0,0,0,CONTRATACIÓN DIRECTA,Distrito Capital de Bogotá,0,0,2.791883685794129e-05
70000000,4,0,8,CONTRATACIÓN RÉGIMEN ESPECIAL (CON OFERTAS),Distrito Capital de Bogotá,1,1,0.9999989116557532
6000000,4,0,0,CONTRATACIÓN DIRECTA,Bolívar,0,0,3.460175685316159e-05
43200000,2,0,0,CONTRATACIÓN RÉGIMEN ESPECIAL,Distrito Capital de Bogotá,0,0,2.808218092315949e-05
2844314,35,0,0,CONTRATACIÓN RÉGIMEN ESPECIAL,Antioquia,0,0,4.279499464317505e-05
221119231,45,0,0,CONTRATACIÓN RÉGIMEN ESPECIAL,Valle del Cauca,0,0,4.428282985561906e-05
1927800,1,0,0,CONTRATACIÓN RÉGIMEN ESPECIAL,No Definido,0,0,5.012652194355944e-05
9600000,181,0,0,CONTRATACIÓN DIRECTA,Nariño,0,0,2.3935660042347303e-05
15600000,3,0,0,CONTRATACIÓN RÉGIMEN ESPECIAL,Distrito Capital de Bogotá,0,0,2.8082161182143184e-05
37650000,8,0,0,CONTRATACIÓN RÉGIMEN ESPECIAL,Valle del Cauca,0,0,4.428261041806295e-05
4375870,1,0,0,CONTRATACIÓN RÉGIMEN ESPECIAL,No Definido,0,0,5.0126525097777286e-05
28904912,8,0,0,CONTRATACIÓN RÉGIMEN ESPECIAL,OTRO,0,0,4.264934690288475e-05
51690000,6,0,0,CONTRATACIÓN DIRECTA,Distrito Capital de Bogotá,0,0,2.7918808057141127e-05
3000000,30,0,0,CONTRATACIÓN RÉGIMEN ESPECIAL,Cundinamarca,0,0,4.395171997708902e-05
15983304,139,0,0,CONTRATACIÓN DIRECTA,OTRO,0,0,4.240124217825925e-05
66000000,45,0,1,MÍNIMA CUANTÍA,Cundinamarca,1,1,0.9660057918766144
627147780,9,0,0,CONTRATACIÓN RÉGIMEN ESPECIAL,OTRO,0,0,4.26500030172026e-05
63600000,265,0,0,CONTRATACIÓN RÉGIMEN ESPECIAL,Distrito Capital de Bogotá,0,0,2.8082243448579302e-05
4998000,334,0,0,CONTRATACIÓN RÉGIMEN ESPECIAL,Antioquia,0,0,4.279507982513786e-05
31864625,139,0,0,CONTRATACIÓN RÉGIMEN ESPECIAL,No Definido,0,0,5.012660528469299e-05
4196000,0,0,0,CONTRATACIÓN DIRECTA,Valle del Cauca,0,0,4.402494206226405e-05
12000000,6,0,0,CONTRATACIÓN RÉGIMEN ESPECIAL,OTRO,0,0,4.2649327818563986e-05
3325768,27,0,0,CONTRATACIÓN DIRECTA,Cundinamarca,0,0,4.3696016252150216e-05
36000000,9,0,0,CONTRATACIÓN DIRECTA,Distrito Capital de Bogotá,0,0,2.7918797339440874e-05
20451588,6,0,0,CONTRATACIÓN RÉGIMEN ESPECIAL,OTRO,0,0,4.264933708374846e-05
23323240,4,0,0,CONTRATACIÓN DIRECTA,OTRO,0,0,4.240121313159817e-05
5158755,84,0,0,CONTRATACIÓN RÉGIMEN ESPECIAL,No Definido,0,0,5.012655303274101e-05
14092000,110,0,0,CONTRATACIÓN DIRECTA,Valle del Cauca,0,0,4.402498460264813e-05
8146280,0,0,0,CONTRATACIÓN RÉGIMEN ESPECIAL,Distrito Capital de Bogotá,0,0,2.808215525651294e-05
1397736,21,0,0,CONTRATACIÓN RÉGIMEN ESPECIAL,Caldas,0,0,3.464535185383944e-05
8034084,120,0,0,CONTRATACIÓN RÉGIMEN ESPECIAL,Distrito Capital de Bogotá,0,0,2.8082176985319287e-05
61000200,10,0,0,CONTRATACIÓN DIRECTA,Distrito Capital de Bogotá,0,0,2.7918815461280532e-05
2800000,40,0,0,CONTRATACIÓN RÉGIMEN ESPECIAL,Distrito Capital de Bogotá,0,0,2.8082158667288797e-05
5201000,2,0,0,CONTRATACIÓN RÉGIMEN ESPECIAL,No Definido,0,0,5.0126526485329394e-05
11146882,30,0,0,CONTRATACIÓN RÉGIMEN ESPECIAL,Distrito Capital de Bogotá,0,0,2.8082162874911556e-05
50000000,5,0,0,CONTRATACIÓN RÉGIMEN ESPECIAL,No Definido,0,0,5.012658517991415e-05
167676294,45,0,0,CONTRATACIÓN DIRECTA,Tolima,0,0,4.477491041177728e-05
6806494,105,0,0,CONTRATACIÓN RÉGIMEN ESPECIAL,Cundinamarca,0,0,4.395174561133353e-05
20800000,4,0,0,CONTRATACIÓN RÉGIMEN ESPECIAL,OTRO,0,0,4.264933691365413e-05
6203000000,38,0,0,CONTRATACIÓN DIRECTA,Distrito Capital de Bogotá,0,0,2.792322861678715e-05
185104000,0,0,0,CONTRATACIÓN RÉGIMEN ESPECIAL,Distrito Capital de Bogotá,0,0,2.8082282991767965e-05
12878520,123,0,0,CONTRATACIÓN RÉGIMEN ESPECIAL,Distrito Capital de Bogotá,0,0,2.8082181027469687e-05
45000000,5,0,0,CONTRATACIÓN DIRECTA,Distrito Capital de Bogotá,0,0,2.7918803075437272e-05
278000000,13,0,0,CONTRATACIÓN DIRECTA,Antioquia,0,0,4.254631559167434e-05
15473333,110,0,0,CONTRATACIÓN DIRECTA,Meta,0,0,6.413248066728023e-05
5000000,150,0,2,MÍNIMA CUANTÍA,Magdalena,1,1,0.9912527670457394
70651490,0,0,0,CONTRATACIÓN DIRECTA,Antioquia,0,0,4.2546085252669476e-05
15333333,115,0,0,CONTRATACIÓN DIRECTA,Tolima,0,0,4.477475536518492e-05
18000000,1,0,0,CONTRATACIÓN RÉGIMEN ESPECIAL,No Definido,0,0,5.012654265180263e-05
43692750,229,0,0,CONTRATACIÓN DIRECTA,Distrito Capital de Bogotá,0,0,2.791884261211931e-05
19350000,6,0,0,CONTRATACIÓN RÉGIMEN ESPECIAL,Magdalena,0,0,3.843054158435411e-05
14018059,116,0,0,CONTRATACIÓN DIRECTA,OTRO,0,0,4.2401233724755115e-05
3034624703,547,0,0,CONTRATACIÓN RÉGIMEN ESPECIAL,Boyacá,0,0,5.407669373509359e-05
11250000,135,0,0,CONTRATACIÓN DIRECTA,Santander,0,0,4.9748261028117326e-05
72160000,264,0,0,CONTRATACIÓN DIRECTA,Distrito Capital de Bogotá,0,0,2.791886936559644e-05
95640000,10,0,0,CONTRATACIÓN DIRECTA,Distrito Capital de Bogotá,0,0,2.791884032021271e-05
150000000,112,0,0,CONTRATACIÓN RÉGIMEN ESPECIAL,Tolima,0,0,4.5036925977419837e-05
4666667,3,0,0,CONTRATACIÓN RÉGIMEN ESPECIAL,Norte de Santander,0,0,7.343605762531108e-05
14000000,4,0,0,CONTRATACIÓN RÉGIMEN ESPECIAL,OTRO,0,0,4.264932945904848e-05
3200000,2,0,0,CONTRATACIÓN RÉGIMEN ESPECIAL,OTRO,0,0,4.264931706733709e-05
7999999,49,0,0,CONTRATACIÓN RÉGIMEN ESPECIAL,Tolima,0,0,4.503674323086716e-05
3600000,48,0,0,CONTRATACIÓN DIRECTA,Valle del Cauca,0,0,4.402495506425092e-05
3833676,45,0,0,CONTRATACIÓN DIRECTA,Antioquia,0,0,4.254602457094347e-05
9000000,0,0,0,CONTRATACIÓN DIRECTA,Valle del Cauca,0,0,4.402494749858054e-05
8427000,37,0,0,CONTRATACIÓN RÉGIMEN ESPECIAL,Santander,0,0,5.003934405379211e-05
3313685,40,0,6,MÍNIMA CUANTÍA,Distrito Capital de Bogotá,1,1,0.9999720899793986
92520000,5,0,2,MÍNIMA CUANTÍA,OTRO,1,1,0.9921112447478144
4203041,61,0,0,CONTRATACIÓN RÉGIMEN ESPECIAL,Bolívar,0,0,3.480425478787296e-05
66000000,320,0,0,CONTRATACIÓN DIRECTA,Distrito Capital de Bogotá,0,0,2.7918875063644676e-05
4500000,107,0,0,CONTRATACIÓN RÉGIMEN ESPECIAL,Antioquia,0,0,4.279501640599542e-05
295000000,3,0,0,CONTRATACIÓN RÉGIMEN ESPECIAL,Bolívar,0,0,3.480450187728964e-05
8108100,3,0,0,CONTRATACIÓN DIRECTA,OTRO,0,0,4.240119627438419e-05
26646766,4,0,0,CONTRATACIÓN RÉGIMEN ESPECIAL,Distrito Capital de Bogotá,0,0,2.8082169337879656e-05
12350000,285,0,0,CONTRATACIÓN DIRECTA,Cundinamarca,0,0,4.369609934958393e-05
1500000,20,0,0,CONTRATACIÓN RÉGIMEN ESPECIAL,Nariño,0,0,2.4075701006292974e-05
16942625,12,0,0,CONTRATACIÓN RÉGIMEN ESPECIAL,Distrito Capital de Bogotá,0,0,2.8082163787036688e-05
11428200,6,0,0,CONTRATACIÓN DIRECTA,Distrito Capital de Bogotá,0,0,2.7918779163668077e-05
22448000,234,0,0,CONTRATACIÓN DIRECTA,Distrito Capital de Bogotá,0,0,2.7918828269472932e-05
6410000,20,0,0,CONTRATACIÓN RÉGIMEN ESPECIAL,Distrito Capital de Bogotá,0,0,2.8082157638162858e-05
11426000,4,0,0,CONTRATACIÓN RÉGIMEN ESPECIAL,No Definido,0,0,5.012653515476231e-05
16484251,146,0,0,CONTRATACIÓN RÉGIMEN ESPECIAL,Norte de Santander,0,0,7.343614789358326e-05
14299310,30,0,0,CONTRATACIÓN RÉGIMEN ESPECIAL,OTRO,0,0,4.264933696377563e-05
9556366,8,0,0,CONTRATACIÓN RÉGIMEN ESPECIAL,Distrito Capital de Bogotá,0,0,2.808215772835367e-05
23563500,345,0,0,CONTRATACIÓN DIRECTA,Bolívar,0,0,3.460184883867958e-05
340000,5,0,0,CONTRATACIÓN RÉGIMEN ESPECIAL,No Definido,0,0,5.012652119540759e-05
62240624,6,0,0,CONTRATACIÓN RÉGIMEN ESPECIAL,Distrito Capital de Bogotá,0,0,2.8082195394432245e-05
20000000,42,0,0,CONTRATACIÓN DIRECTA,Nariño,0,0,2.3935644908171943e-05
58200000,6,0,0,CONTRATACIÓN DIRECTA,Distrito Capital de Bogotá,0,0,2.7918812728979476e-05
50507272,2,0,0,CONTRATACIÓN RÉGIMEN ESPECIAL,No Definido,0,0,5.012658486027097e-05
2027643,28,0,0,CONTRATACIÓN RÉGIMEN ESPECIAL,Distrito Capital de Bogotá,0,0,2.8082155928792742e-05
1710000,1,0,0,CONTRATACIÓN RÉGIMEN ESPECIAL,Caldas,0,0,3.4645347647445056e-05
5033958,45,0,0,CONTRATACIÓN DIRECTA,OTRO,0,0,4.240120444944519e-05
29129382,0,0,0,CONTRATACIÓN DIRECTA,Distrito Capital de Bogotá,0,0,2.7918790782592707e-05
737800,60,0,0,CONTRATACIÓN RÉGIMEN ESPECIAL,Cundinamarca,0,0,4.395172595494385e-05
25000000,146,0,0,CONTRATACIÓN RÉGIMEN ESPECIAL,Distrito Capital de Bogotá,0,0,2.808219395744909e-05
3000000,17,0,0,CONTRATACIÓN DIRECTA,Boyacá,0,0,5.3757714758753005e-05
6600000,25,0,0,CONTRATACIÓN RÉGIMEN ESPECIAL,Magdalena,0,0,3.843053371522387e-05
34194650,45,0,0,CONTRATACIÓN RÉGIMEN ESPECIAL,Distrito Capital de Bogotá,0,0,2.8082182237921988e-05
8000000,60,0,0,CONTRATACIÓN DIRECTA,Distrito Capital de Bogotá,0,0,2.791878646076417e-05
26966240,7,3,1,CONTRATACIÓN DIRECTA (CON OFERTAS),Distrito Capital de Bogotá,1,1,0.9790924914443812
15868650,257,0,0,CONTRATACIÓN RÉGIMEN ESPECIAL,Cundinamarca,0,0,4.395179908595911e-05
294837300,11,0,1,CONTRATACIÓN RÉGIMEN ESPECIAL (CON OFERTAS),Bolívar,1,1,0.9652088222711334
10800000,6,0,0,CONTRATACIÓN DIRECTA,Antioquia,0,0,4.254602145055513e-05
34827621,286,0,0,CONTRATACIÓN DIRECTA,Distrito Capital de Bogotá,0,0,2.7918846549541254e-05
10265000,155,0,0,CONTRATACIÓN DIRECTA,Cundinamarca,0,0,4.369606024411295e-05
55620000,6,0,0,CONTRATACIÓN DIRECTA,Distrito Capital de Bogotá,0,0,2.7918810877467415e-05
15427200,335,0,0,CONTRATACIÓN RÉGIMEN ESPECIAL,OTRO,0,0,4.264942238741982e-05
2000000,21,0,0,CONTRATACIÓN RÉGIMEN ESPECIAL,Santander,0,0,5.003933060574686e-05
115995000,334,0,0,CONTRATACIÓN DIRECTA,Distrito Capital de Bogotá,0,0,2.791891347186211e-05
80178291,324,0,0,CONTRATACIÓN DIRECTA,Distrito Capital de Bogotá,0,0,2.791888596134944e-05
2939000,1,0,0,CONTRATACIÓN RÉGIMEN ESPECIAL,OTRO,0,0,4.264931650518878e-05
39600000,4,0,0,CONTRATACIÓN DIRECTA,Valle del Cauca,0,0,4.402498326596157e-05
26976156,6,0,0,CONTRATACIÓN DIRECTA,Distrito Capital de Bogotá,0,0,2.7918790321497668e-05
14100000,90,0,0,CONTRATACIÓN DIRECTA,OTRO,0,0,4.240122667920429e-05
11880000,180,0,0,CONTRATACIÓN DIRECTA,Antioquia,0,0,4.25460705433879e-05
56751000,30,0,0,CONTRATACIÓN RÉGIMEN ESPECIAL,Magdalena,0,0,3.8430584499471274e-05
59690400,345,0,0,CONTRATACIÓN RÉGIMEN ESPECIAL,Distrito Capital de Bogotá,0,0,2.808225516637413e-05
45500000,7,0,0,CONTRATACIÓN DIRECTA,Distrito Capital de Bogotá,0,0,2.7918803795639385e-05
12500000,5,0,0,CONTRATACIÓN DIRECTA,Meta,0,0,6.413243218552999e-05
4860000,20,0,0,CONTRATACIÓN RÉGIMEN ESPECIAL,Tolima,0,0,4.5036731143178065e-05
2324000,2,0,0,CONTRATACIÓN RÉGIMEN ESPECIAL,Santander,0,0,5.003932486936092e-05
18000000,6,0,0,CONTRATACIÓN DIRECTA,OTRO,0,0,4.240120787869756e-05
4000000,2,0,0,CONTRATACIÓN DIRECTA,Magdalena,0,0,3.820694227852155e-05
9871022,2,0,0,CONTRATACIÓN DIRECTA,OTRO,0,0,4.240119792135384e-05
37188000,312,0,0,CONTRATACIÓN DIRECTA,Cundinamarca,0,0,4.369613488244303e-05
10147432,155,0,0,CONTRATACIÓN DIRECTA,Antioquia,0,0,4.254606176475906e-05
344197600,2,0,0,SELECCIÓN ABREVIADA SUBASTA INVERSA,Cundinamarca,0,1,0.5923563248267377
7500000,90,0,0,CONTRATACIÓN DIRECTA,Tolima,0,0,4.477473910538725e-05
115804270,346,0,0,CONTRATACIÓN DIRECTA,Distrito Capital de Bogotá,0,0,2.7918915503286946e-05
3650000,0,0,0,CONTRATACIÓN RÉGIMEN ESPECIAL,Atlántico,0,0,3.7664286730203204e-05
58856000,8,0,0,CONTRATACIÓN DIRECTA,Distrito Capital de Bogotá,0,0,2.791881356113373e-05
27000000,135,0,0,CONTRATACIÓN DIRECTA,Tolima,0,0,4.477477458786476e-05
18000000,4,0,0,CONTRATACIÓN DIRECTA,Santander,0,0,4.9748227482175375e-05
53546430,15,0,0,CONTRATACIÓN RÉGIMEN ESPECIAL,Caldas,0,0,3.464539694886702e-05
23872400,9,0,0,CONTRATACIÓN RÉGIMEN ESPECIAL,Cundinamarca,0,0,4.395173758400717e-05
127400000,30,0,0,CONTRATACIÓN RÉGIMEN ESPECIAL,Distrito Capital de Bogotá,0,0,2.8082246791081555e-05
7502700,89,0,0,CONTRATACIÓN RÉGIMEN ESPECIAL,OTRO,0,0,4.264934579825839e-05
13821500,165,0,0,CONTRATACIÓN DIRECTA,Distrito Capital de Bogotá,0,0,2.7918809611059315e-05
21846000,330,0,0,CONTRATACIÓN DIRECTA,Distrito Capital de Bogotá,0,0,2.7918845183812198e-05
19980000,145,0,0,CONTRATACIÓN RÉGIMEN ESPECIAL,Magdalena,0,0,3.843057677886314e-05
26106666,178,0,0,CONTRATACIÓN DIRECTA,OTRO,0,0,4.240126391389304e-05
75826400,0,0,0,CONTRATACIÓN DIRECTA,Distrito Capital de Bogotá,0,0,2.7918824294251497e-05
11500000,150,0,0,CONTRATACIÓN DIRECTA,OTRO,0,0,4.24012403105507e-05
4000000,33,0,0,CONTRATACIÓN DIRECTA,Caldas,0,0,3.44437945099286e-05
11369000,30,0,0,CONTRATACIÓN RÉGIMEN ESPECIAL,No Definido,0,0,5.0126543516051035e-05
204797586,71,0,0,CONTRATACIÓN DIRECTA,OTRO,0,0,4.2401429304847886e-05
36048066,258,0,0,CONTRATACIÓN DIRECTA,Distrito Capital de Bogotá,0,0,2.7918842366026727e-05
41650000,150,0,0,CONTRATACIÓN DIRECTA,Distrito Capital de Bogotá,0,0,2.7918826871551304e-05
4200000,20,0,0,CONTRATACIÓN RÉGIMEN ESPECIAL,Atlántico,0,0,3.766429213790929e-05
31200000,8,0,0,CONTRATACIÓN DIRECTA,Distrito Capital de Bogotá,0,0,2.791879371407827e-05
9610000,60,0,0,CONTRATACIÓN DIRECTA,Valle del Cauca,0,0,4.402496528441649e-05
34148400,11,0,0,CONTRATACIÓN DIRECTA,Norte de Santander,0,0,7.300889141085614e-05
104500000,331,0,0,CONTRATACIÓN DIRECTA,Distrito Capital de Bogotá,0,0,2.7918904680482484e-05
14326551,3,0,0,CONTRATACIÓN RÉGIMEN ESPECIAL,Cundinamarca,0,0,4.395172509295775e-05
6000000,69,0,0,CONTRATACIÓN DIRECTA,Valle del Cauca,0,0,4.4024963763588274e-05
10922000,120,0,0,CONTRATACIÓN RÉGIMEN ESPECIAL,Meta,0,0,6.450776427520818e-05
60124349,2,0,0,CONTRATACIÓN RÉGIMEN ESPECIAL,Tolima,0,0,4.5036789872296164e-05
3361344,98,0,0,CONTRATACIÓN RÉGIMEN ESPECIAL,Distrito Capital de Bogotá,0,0,2.8082169613888452e-05
31088000,274,0,0,CONTRATACIÓN RÉGIMEN ESPECIAL,Distrito Capital de Bogotá,0,0,2.8082221615827052e-05
35000000,15,0,1,MÍNIMA CUANTÍA,Antioquia,0,1,0.9651189239677137
2000000,30,0,0,CONTRATACIÓN DIRECTA,Distrito Capital de Bogotá,0,0,2.7918776734200253e-05
2179000,38,0,0,CONTRATACIÓN DIRECTA,Norte de Santander,0,0,7.300884417520083e-05
1301994670,8,0,0,CONCURSO DE MÉRITOS ABIERTO,Distrito Capital de Bogotá,0,0,0.45606873530572006
6000000,3,0,0,CONTRATACIÓN DIRECTA,Valle del Cauca,0,0,4.402494495848874e-05
44152000,8,0,0,CONTRATACIÓN DIRECTA,Distrito Capital de Bogotá,0,0,2.7918803008951508e-05
15281000000,14,0,0,CONTRATACIÓN DIRECTA,Distrito Capital de Bogotá,0,0,2.7929740808383946e-05
1344969700,181,0,0,CONTRATACIÓN RÉGIMEN ESPECIAL,Distrito Capital de Bogotá,0,0,2.8083153141804033e-05
54000000,12,0,0,CONTRATACIÓN RÉGIMEN ESPECIAL,Distrito Capital de Bogotá,0,0,2.8082190536512054e-05
3600000,0,0,0,CONTRATACIÓN RÉGIMEN ESPECIAL,Boyacá,0,0,5.407228941246157e-05
21000000,7,0,0,CONTRATACIÓN DIRECTA,Santander,0,0,4.974823228425179e-05
1020000,10,0,0,CONTRATACIÓN RÉGIMEN ESPECIAL,No Definido,0,0,5.012652369361712e-05
25477344,54,0,0,CONTRATACIÓN RÉGIMEN ESPECIAL,OTRO,0,0,4.264935584243229e-05
6313344,0,0,0,CONTRATACIÓN RÉGIMEN ESPECIAL,OTRO,0,0,4.2649319928341446e-05
8000000,3,1,1,CONTRATACIÓN DIRECTA (CON OFERTAS),Distrito Capital de Bogotá,0,1,0.9790916817697561
3500000,1,0,0,CONTRATACIÓN RÉGIMEN ESPECIAL,Magdalena,0,0,3.843052468366241e-05
28574000,195,0,0,CONTRATACIÓN DIRECTA,Distrito Capital de Bogotá,0,0,2.7918825618784157e-05
17937894,190,0,0,CONTRATACIÓN DIRECTA,OTRO,0,0,4.24012583038492e-05
19011600,15,0,0,MÍNIMA CUANTÍA,OTRO,1,1,0.8580756661622784
248763125,2,0,0,SELECCIÓN ABREVIADA DE MENOR CUANTÍA,Cundinamarca,0,1,0.5005421757505266
22236342,85,0,0,CONTRATACIÓN RÉGIMEN ESPECIAL,Antioquia,0,0,4.279502982289898e-05
48575000,5,0,1,MÍNIMA CUANTÍA,Distrito Capital de Bogotá,0,1,0.9477972645281324
18000000,8,1,1,CONTRATACIÓN DIRECTA (CON OFERTAS),Distrito Capital de Bogotá,0,1,0.9790916876943879
11934839,8,0,0,CONTRATACIÓN RÉGIMEN ESPECIAL,OTRO,0,0,4.264932829917664e-05
17000000,20,0,0,CONTRATACIÓN RÉGIMEN ESPECIAL,Magdalena,0,0,3.843054274504366e-05
8439940,46,0,0,CONTRATACIÓN DIRECTA,Valle del Cauca,0,0,4.402495997138801e-05
1922000,30,0,0,CONTRATACIÓN RÉGIMEN ESPECIAL,Bolívar,0,0,3.480424576438652e-05
20630073,133,0,0,CONTRATACIÓN DIRECTA,Antioquia,0,0,4.254606717088485e-05
31986500,133,0,0,CONTRATACIÓN DIRECTA,Antioquia,0,0,4.254607959040334e-05
3500000,49,0,0,CONTRATACIÓN RÉGIMEN ESPECIAL,Bolívar,0,0,3.480425145589073e-05
77000000,11,0,0,CONTRATACIÓN DIRECTA,Cundinamarca,0,0,4.36960944760432e-05
36688000,339,0,0,CONTRATACIÓN DIRECTA,Caldas,0,0,3.444389166393901e-05
5100000,90,0,0,CONTRATACIÓN DIRECTA,OTRO,0,0,4.240121687020955e-05
858635,5,0,0,CONTRATACIÓN RÉGIMEN ESPECIAL,Distrito Capital de Bogotá,0,0,2.8082150904748742e-05
16672990,222,0,0,CONTRATACIÓN RÉGIMEN ESPECIAL,Antioquia,0,0,4.279506164752487e-05
10000000,120,0,0,CONTRATACIÓN RÉGIMEN ESPECIAL,Atlántico,0,0,3.766432212926236e-05
2304535318,0,0,0,CONTRATACIÓN RÉGIMEN ESPECIAL,Antioquia,0,0,4.279751690561578e-05
22200322,9,0,0,CONTRATACIÓN RÉGIMEN ESPECIAL,OTRO,0,0,4.2649339828895314e-05
9800000,24,0,0,CONTRATACIÓN RÉGIMEN ESPECIAL,Antioquia,0,0,4.2794999247871016e-05
59872800,0,0,0,CONTRATACIÓN DIRECTA,OTRO,0,0,4.2401251868875924e-05
263700000,12,0,0,CONTRATACIÓN DIRECTA,Distrito Capital de Bogotá,0,0,2.7918961288616117e-05
123960000,12,0,0,CONTRATACIÓN DIRECTA,Distrito Capital de Bogotá,0,0,2.791886100519809e-05
13505320,60,0,4,MÍNIMA CUANTÍA,OTRO,1,1,0.9996178793764496
20000000,6,0,0,CONTRATACIÓN RÉGIMEN ESPECIAL,Valle del Cauca,0,0,4.428258975484469e-05
14183648,0,0,0,CONTRATACIÓN RÉGIMEN ESPECIAL,Atlántico,0,0,3.7664296928186287e-05
8979616,192,0,0,CONTRATACIÓN DIRECTA,Antioquia,0,0,4.254607067575441e-05
13324663,20,0,0,CONTRATACIÓN RÉGIMEN ESPECIAL,Boyacá,0,0,5.4072309927410335e-05
33990000,0,0,0,CONTRATACIÓN DIRECTA,Atlántico,0,0,3.74451904819064e-05
6000000,3,0,0,CONTRATACIÓN DIRECTA,OTRO,0,0,4.240119397679211e-05
1000000,1,0,0,CONTRATACIÓN RÉGIMEN ESPECIAL,No Definido,0,0,5.012652074813472e-05
2140000,3,0,0,CONTRATACIÓN RÉGIMEN ESPECIAL,Bolívar,0,0,3.480423987760536e-05
51750000,345,0,0,CONTRATACIÓN DIRECTA,Atlántico,0,0,3.7445291184651896e-05
2670360,30,0,0,CONTRATACIÓN RÉGIMEN ESPECIAL,Distrito Capital de Bogotá,0,0,2.8082156756227285e-05
3613817,37,0,0,CONTRATACIÓN RÉGIMEN ESPECIAL,Distrito Capital de Bogotá,0,0,2.808215870948892e-05
33526500,315,0,0,CONTRATACIÓN DIRECTA,Distrito Capital de Bogotá,0,0,2.7918850855851347e-05
50106000,315,0,0,CONTRATACIÓN DIRECTA,Distrito Capital de Bogotá,0,0,2.791886275398855e-05
32000000,240,0,0,CONTRATACIÓN DIRECTA,Antioquia,0,0,4.254610906816291e-05
21480000,6,0,0,CONTRATACIÓN RÉGIMEN ESPECIAL,Norte de Santander,0,0,7.343609078717446e-05
10500000,120,0,0,CONTRATACIÓN DIRECTA,OTRO,0,0,4.2401230988133226e-05
1850000,1,0,0,CONTRATACIÓN RÉGIMEN ESPECIAL,OTRO,0,0,4.264931531135611e-05
12000000,3,0,0,CONTRATACIÓN RÉGIMEN ESPECIAL,OTRO,0,0,4.264932699049445e-05
264072273,40,0,1,CONTRATACIÓN RÉGIMEN ESPECIAL (CON OFERTAS),Tolima,1,1,0.9728995174585074
90451552,1,0,0,CONTRATACIÓN RÉGIMEN ESPECIAL,OTRO,0,0,4.2649412442253735e-05
21000000,6,0,0,CONTRATACIÓN DIRECTA,Antioquia,0,0,4.254603260537968e-05
15130000,20,0,0,CONTRATACIÓN RÉGIMEN ESPECIAL,No Definido,0,0,5.0126545117789233e-05
36400000,7,0,0,CONTRATACIÓN DIRECTA,Distrito Capital de Bogotá,0,0,2.7918797265114915e-05
45000000,3,0,0,CONTRATACIÓN DIRECTA,Distrito Capital de Bogotá,0,0,2.7918802714055232e-05
1911000,4,0,0,CONTRATACIÓN RÉGIMEN ESPECIAL,Bolívar,0,0,3.4804239897989326e-05
10150000,87,0,0,CONTRATACIÓN RÉGIMEN ESPECIAL,No Definido,0,0,5.0126560436957585e-05
15061250,0,0,0,CONTRATACIÓN RÉGIMEN ESPECIAL,Antioquia,0,0,4.279499838811429e-05
19600000,7,0,0,CONTRATACIÓN DIRECTA,Cundinamarca,0,0,4.3696028874916736e-05
29600000,8,0,0,CONTRATACIÓN DIRECTA,Distrito Capital de Bogotá,0,0,2.7918792565854532e-05
10000000,11,0,0,CONTRATACIÓN RÉGIMEN ESPECIAL,Valle del Cauca,0,0,4.428257980535943e-05
23391000,10,0,0,CONTRATACIÓN DIRECTA,Distrito Capital de Bogotá,0,0,2.7918788471410893e-05
11000000,57,0,0,CONTRATACIÓN RÉGIMEN ESPECIAL,Atlántico,0,0,3.7664307740404554e-05
13500000,0,0,0,CONTRATACIÓN DIRECTA,Antioquia,0,0,4.254602275117468e-05
18000000,5,0,0,CONTRATACIÓN RÉGIMEN ESPECIAL,Antioquia,0,0,4.2795003005597296e-05
77000000,7,0,0,CONTRATACIÓN DIRECTA,Distrito Capital de Bogotá,0,0,2.791882640131276e-05
714000,365,0,0,CONTRATACIÓN RÉGIMEN ESPECIAL,OTRO,0,0,4.264941453852693e-05
1099519211,8,0,0,CONTRATACIÓN RÉGIMEN ESPECIAL,Caldas,0,0,3.464632687045044e-05
90403200,340,0,0,CONTRATACIÓN DIRECTA,Distrito Capital de Bogotá,0,0,2.7918896190242926e-05
24255000,7,0,0,CONTRATACIÓN DIRECTA,Antioquia,0,0,4.25460364404364e-05
3126499,38,0,0,CONTRATACIÓN RÉGIMEN ESPECIAL,Cundinamarca,0,0,4.3951722395614634e-05
15000000,6,0,0,CONTRATACIÓN DIRECTA,Valle del Cauca,0,0,4.402495599787359e-05
28560000,3,0,0,CONTRATACIÓN DIRECTA,Bolívar,0,0,3.460177669446076e-05
332430183,10,0,1,CONCURSO DE MÉRITOS ABIERTO,OTRO,0,1,0.8531076535172482
2160723001,24,0,0,LICITACIÓN PÚBLICA,Distrito Capital de Bogotá,0,1,0.5276844578665275
20000000,13,0,0,CONTRATACIÓN DIRECTA,Nariño,0,0,2.3935640415708007e-05
23545884,6,0,0,CONTRATACIÓN DIRECTA,OTRO,0,0,4.240121392309015e-05
11200000,4,0,0,CONTRATACIÓN DIRECTA,Distrito Capital de Bogotá,0,0,2.7918778638521016e-05
39000000,0,0,0,CONTRATACIÓN RÉGIMEN ESPECIAL,OTRO,0,0,4.264935576159969e-05
6000000,3,0,0,CONTRATACIÓN RÉGIMEN ESPECIAL,Nariño,0,0,2.407570114222798e-05
10796000,7,0,0,CONTRATACIÓN RÉGIMEN ESPECIAL,Antioquia,0,0,4.279499563506001e-05
3000000,20,0,0,CONTRATACIÓN DIRECTA,Boyacá,0,0,5.3757715802488836e-05
31500000,7,0,0,CONTRATACIÓN DIRECTA,Meta,0,0,6.413246433591056e-05
5032647,75,0,0,CONTRATACIÓN DIRECTA,Meta,0,0,6.41324489296742e-05
195000000,6,0,0,CONTRATACIÓN RÉGIMEN ESPECIAL,Meta,0,0,6.450802189940337e-05
15000000,166,0,0,CONTRATACIÓN DIRECTA,Caldas,0,0,3.444383389715515e-05
8000000,5,0,0,CONTRATACIÓN DIRECTA,Valle del Cauca,0,0,4.402494779158605e-05
15900000,3,0,0,CONTRATACIÓN RÉGIMEN ESPECIAL,No Definido,0,0,5.0126540594880324e-05
3229262,15,0,0,CONTRATACIÓN RÉGIMEN ESPECIAL,OTRO,0,0,4.2649320687716804e-05
14100000,92,0,0,CONTRATACIÓN RÉGIMEN ESPECIAL,OTRO,0,0,4.2649353858723835e-05
6000000,2,0,0,CONTRATACIÓN DIRECTA,OTRO,0,0,4.2401193702374794e-05
2000000,5,0,0,CONTRATACIÓN DIRECTA,Cundinamarca,0,0,4.36960085415565e-05
33076778,129,0,0,CONTRATACIÓN RÉGIMEN ESPECIAL,Antioquia,0,0,4.279505393400744e-05
23331000,6,0,0,CONTRATACIÓN DIRECTA,Distrito Capital de Bogotá,0,0,2.7918787705588835e-05
4569600,15,0,0,CONTRATACIÓN RÉGIMEN ESPECIAL,Valle del Cauca,0,0,4.428257477060653e-05
1744000,2,0,0,CONTRATACIÓN RÉGIMEN ESPECIAL,Distrito Capital de Bogotá,0,0,2.8082150998594972e-05
48427680,8,0,0,CONTRATACIÓN DIRECTA,Distrito Capital de Bogotá,0,0,2.7918806077351155e-05
33333333,4,0,0,CONTRATACIÓN RÉGIMEN ESPECIAL,OTRO,0,0,4.264935065351852e-05
3000000,4,0,0,CONTRATACIÓN RÉGIMEN ESPECIAL,OTRO,0,0,4.264931740013033e-05
50135400,6,0,0,CONTRATACIÓN DIRECTA,Cundinamarca,0,0,4.3696062888541396e-05
300000000,3,4,1,SELECCIÓN ABREVIADA DE MENOR CUANTÍA,OTRO,1,1,0.8160279701576136
50000000,5,0,1,MÍNIMA CUANTÍA,Antioquia,1,1,0.965118934769164
7500000,87,0,0,CONTRATACIÓN RÉGIMEN ESPECIAL,Boyacá,0,0,5.407232527840807e-05
165620833,120,0,0,SELECCIÓN ABREVIADA DE MENOR CUANTÍA,Meta,0,1,0.5952907265093224
14012301,306,0,0,CONTRATACIÓN RÉGIMEN ESPECIAL,OTRO,0,0,4.264941283162232e-05
5271435,30,0,0,CONTRATACIÓN RÉGIMEN ESPECIAL,Antioquia,0,0,4.279499592820168e-05
1980000,103,0,0,CONTRATACIÓN RÉGIMEN ESPECIAL,Antioquia,0,0,4.279501252610621e-05
5113333,28,0,0,CONTRATACIÓN DIRECTA,Distrito Capital de Bogotá,0,0,2.7918778607069168e-05
21000000,5,0,0,CONTRATACIÓN DIRECTA,Cundinamarca,0,0,4.3696029881758895e-05
92700000,0,0,0,CONTRATACIÓN DIRECTA,Distrito Capital de Bogotá,0,0,2.791883640343558e-05
3000000,55,0,0,CONTRATACIÓN RÉGIMEN ESPECIAL,No Definido,0,0,5.012654084332011e-05
4600000,60,0,0,CONTRATACIÓN RÉGIMEN ESPECIAL,Meta,0,0,6.450772874401161e-05
59427529,233,0,0,CONTRATACIÓN DIRECTA,Antioquia,0,0,4.2546137135770434e-05
1200000,34,0,0,CONTRATACIÓN RÉGIMEN ESPECIAL,No Definido,0,0,5.0126531711441506e-05
1600000,20,0,0,CONTRATACIÓN DIRECTA,OTRO,0,0,4.2401193846381813e-05
42103000,60,0,15,MÍNIMA CUANTÍA,Tolima,1,1,0.9999999999796174
14341200,96,0,0,CONTRATACIÓN DIRECTA,Santander,0,0,4.97482524243018e-05
84000000,120,0,0,CONTRATACIÓN RÉGIMEN ESPECIAL,Nariño,0,0,2.4075767644012198e-05
103500000,9,0,0,CONTRATACIÓN RÉGIMEN ESPECIAL,Distrito Capital de Bogotá,0,0,2.8082225722358837e-05
52450896,6,0,0,CONTRATACIÓN RÉGIMEN ESPECIAL,Distrito Capital de Bogotá,0,0,2.8082188327816595e-05
12600000,6,0,0,CONTRATACIÓN DIRECTA,Norte de Santander,0,0,7.300884861119725e-05
18000000,4,0,0,CONTRATACIÓN DIRECTA,Antioquia,0,0,4.254602877383924e-05
60144032,0,0,0,CONTRATACIÓN RÉGIMEN ESPECIAL,Distrito Capital de Bogotá,0,0,2.80821927905377e-05
7600000,117,0,0,CONTRATACIÓN RÉGIMEN ESPECIAL,OTRO,0,0,4.2649353633578385e-05
12000000,0,0,0,CONTRATACIÓN DIRECTA,Norte de Santander,0,0,7.300884465029262e-05
1019970805,365,0,0,CONTRATACIÓN RÉGIMEN ESPECIAL,Distrito Capital de Bogotá,0,0,2.8082951980205447e-05
32277681,8,0,2,MÍNIMA CUANTÍA,Antioquia,1,1,0.9921378751852664
4670671,30,0,0,CONTRATACIÓN RÉGIMEN ESPECIAL,Antioquia,0,0,4.27949952673556e-05
68150900,30,0,0,CONTRATACIÓN RÉGIMEN ESPECIAL,Distrito Capital de Bogotá,0,0,2.8082204022670018e-05
20400000,3,0,0,CONTRATACIÓN RÉGIMEN ESPECIAL,Tolima,0,0,4.503674417768119e-05
9200000,0,0,0,CONTRATACIÓN DIRECTA,Distrito Capital de Bogotá,0,0,2.791877648047863e-05
195160000,8,0,0,CONTRATACIÓN DIRECTA,Antioquia,0,0,4.254622361970369e-05
24000000,4,0,0,CONTRATACIÓN RÉGIMEN ESPECIAL,Distrito Capital de Bogotá,0,0,2.8082167427340096e-05
31274760,5,0,0,SELECCIÓN ABREVIADA DE MENOR CUANTÍA,Distrito Capital de Bogotá,0,0,0.3903574120513935
2192938,30,0,0,CONTRATACIÓN DIRECTA,OTRO,0,0,4.2401197236791274e-05
11568000,110,0,0,CONTRATACIÓN DIRECTA,Valle del Cauca,0,0,4.4024981746429375e-05
15276960,12,0,0,CONTRATACIÓN DIRECTA,Distrito Capital de Bogotá,0,0,2.791878300983574e-05
12000000,3,0,0,CONTRATACIÓN RÉGIMEN ESPECIAL,OTRO,0,0,4.264932699049445e-05
59000000,10,0,0,CONTRATACIÓN DIRECTA,Distrito Capital de Bogotá,0,0,2.791881402585614e-05
3822600,60,0,0,CONTRATACIÓN DIRECTA,Distrito Capital de Bogotá,0,0,2.7918783462896256e-05
12600000,3,0,0,CONTRATACIÓN DIRECTA,Magdalena,0,0,3.820695097170082e-05
1639200,4,0,0,CONTRATACIÓN RÉGIMEN ESPECIAL,Distrito Capital de Bogotá,0,0,2.8082151286442653e-05
19800000,167,0,0,CONTRATACIÓN DIRECTA,Valle del Cauca,0,0,4.402500730274236e-05
4295900,1,0,0,CONTRATACIÓN RÉGIMEN ESPECIAL,No Definido,0,0,5.012652499473987e-05
4500000,77,0,0,CONTRATACIÓN DIRECTA,Valle del Cauca,0,0,4.402496434555967e-05
35952972,30,0,4,MÍNIMA CUANTÍA,Santander,1,1,0.9996742966374302
5172000,78,0,0,CONTRATACIÓN DIRECTA,Valle del Cauca,0,0,4.402496539093643e-05
23520000,7,0,0,CONTRATACIÓN DIRECTA,OTRO,0,0,4.240121416929698e-05
6000000,4,0,0,CONTRATACIÓN RÉGIMEN ESPECIAL,No Definido,0,0,5.012652816362695e-05
33007849,15,0,3,MÍNIMA CUANTÍA,OTRO,1,1,0.9982595920806703
9990000,3,0,0,CONTRATACIÓN DIRECTA,OTRO,0,0,4.2401198325443846e-05
75108700,30,0,0,MÍNIMA CUANTÍA,OTRO,1,1,0.858075853593362
24400000,8,0,0,CONTRATACIÓN DIRECTA,Cundinamarca,0,0,4.369603454892441e-05
3200000,2,0,0,CONTRATACIÓN RÉGIMEN ESPECIAL,OTRO,0,0,4.264931706733709e-05
20700000,0,0,0,CONTRATACIÓN RÉGIMEN ESPECIAL,No Definido,0,0,5.012654580620858e-05
1306667,14,0,0,CONTRATACIÓN RÉGIMEN ESPECIAL,Nariño,0,0,2.4075699951733485e-05
7209155,50,0,0,CONTRATACIÓN RÉGIMEN ESPECIAL,Distrito Capital de Bogotá,0,0,2.8082163667471526e-05
44987900,3,0,0,CONTRATACIÓN RÉGIMEN ESPECIAL,Atlántico,0,0,3.766432748213234e-05
31000000,4,0,0,CONTRATACIÓN RÉGIMEN ESPECIAL,Distrito Capital de Bogotá,0,0,2.8082172480214982e-05
10000000,112,0,0,CONTRATACIÓN RÉGIMEN ESPECIAL,Valle del Cauca,0,0,4.4282608751262514e-05
6617400,60,0,0,CONTRATACIÓN RÉGIMEN ESPECIAL,Nariño,0,0,2.4075710405994897e-05
5000000,150,0,0,CONTRATACIÓN RÉGIMEN ESPECIAL,Antioquia,0,0,4.27950288655419e-05
3500000,19,0,0,CONTRATACIÓN RÉGIMEN ESPECIAL,OTRO,0,0,4.264932208861006e-05
1609475,30,0,0,CONTRATACIÓN RÉGIMEN ESPECIAL,Antioquia,0,0,4.279499190001107e-05
12500000,140,0,0,CONTRATACIÓN RÉGIMEN ESPECIAL,Distrito Capital de Bogotá,0,0,2.8082183843961542e-05
29000000,8,0,0,CONTRATACIÓN DIRECTA,Antioquia,0,0,4.254604190497323e-05
27105458,7,0,0,CONTRATACIÓN DIRECTA,Distrito Capital de Bogotá,0,0,2.7918790594980883e-05
30780000,0,0,0,CONTRATACIÓN DIRECTA,Valle del Cauca,0,0,4.402497214533626e-05
85000000,10,0,0,CONTRATACIÓN DIRECTA,Nariño,0,0,2.3935679942720082e-05
8765000,5,0,0,CONTRATACIÓN DIRECTA,Tolima,0,0,4.4774715930138844e-05
16708120,127,0,0,CONTRATACIÓN DIRECTA,Meta,0,0,6.413248975862606e-05
6066667,0,0,0,CONTRATACIÓN RÉGIMEN ESPECIAL,OTRO,0,0,4.2649319657918006e-05
5600000,57,0,0,CONTRATACIÓN RÉGIMEN ESPECIAL,Magdalena,0,0,3.843054068645238e-05
2880000,5,0,0,CONTRATACIÓN RÉGIMEN ESPECIAL,Distrito Capital de Bogotá,0,0,2.8082152363848453e-05
30506667,176,0,0,CONTRATACIÓN DIRECTA,OTRO,0,0,4.240126816057208e-05
23310960,6,0,0,CONTRATACIÓN DIRECTA,No Definido,0,0,4.983492560199861e-05
17797547,239,0,0,CONTRATACIÓN RÉGIMEN ESPECIAL,Distrito Capital de Bogotá,0,0,2.8082205661040637e-05
68731200,340,0,0,CONTRATACIÓN DIRECTA,Distrito Capital de Bogotá,0,0,2.791888063749876e-05
20971350,8,0,1,MÍNIMA CUANTÍA,Nariño,1,1,0.9396343068768191
20500000,5,0,0,CONTRATACIÓN DIRECTA,Meta,0,0,6.41324453730134e-05
7400069,37,0,0,CONTRATACIÓN RÉGIMEN ESPECIAL,Distrito Capital de Bogotá,0,0,2.808216144255333e-05
21560000,330,0,0,CONTRATACIÓN DIRECTA,Atlántico,0,0,3.7445258491475815e-05
90000000,291,0,0,CONTRATACIÓN DIRECTA,Distrito Capital de Bogotá,0,0,2.7918887047001325e-05
8000000,4,0,0,CONTRATACIÓN DIRECTA,Cundinamarca,0,0,4.3696014997769665e-05
17290000,1,0,0,CONTRATACIÓN RÉGIMEN ESPECIAL,No Definido,0,0,5.0126541737002196e-05
12000000,90,0,0,CONTRATACIÓN DIRECTA,Boyacá,0,0,5.375775259237608e-05
20000000,150,0,0,CONTRATACIÓN DIRECTA,OTRO,0,0,4.240124957460636e-05
9500000,2,0,0,CONTRATACIÓN RÉGIMEN ESPECIAL,Antioquia,0,0,4.2794992824618224e-05
227260,30,0,0,CONTRATACIÓN RÉGIMEN ESPECIAL,Cundinamarca,0,0,4.395171684461154e-05
108000000,12,0,0,CONTRATACIÓN RÉGIMEN ESPECIAL,No Definido,0,0,5.0126662181104994e-05
10464000,6,0,0,CONTRATACIÓN RÉGIMEN ESPECIAL,Cundinamarca,0,0,4.395172158263128e-05
40205880,330,1,1,CONTRATACIÓN DIRECTA (CON OFERTAS),Distrito Capital de Bogotá,1,1,0.9790917420422921
3834180,2,0,0,CONTRATACIÓN DIRECTA,OTRO,0,0,4.240119134187448e-05
10140000,119,0,0,CONTRATACIÓN DIRECTA,Antioquia,0,0,4.2546051843856494e-05
21000000,210,0,0,CONTRATACIÓN RÉGIMEN ESPECIAL,No Definido,0,0,5.012661431946835e-05
6691438,2,0,0,CONTRATACIÓN RÉGIMEN ESPECIAL,Atlántico,0,0,3.766429016224576e-05
29634880,333,0,0,CONTRATACIÓN DIRECTA,OTRO,0,0,4.240131029404192e-05
990000,5,0,0,CONTRATACIÓN RÉGIMEN ESPECIAL,Boyacá,0,0,5.407228753464683e-05
34960000,8,0,0,CONTRATACIÓN DIRECTA,Distrito Capital de Bogotá,0,0,2.791879641240437e-05
33000000,6,0,0,CONTRATACIÓN DIRECTA,OTRO,0,0,4.240122422701996e-05
17500000,7,0,0,CONTRATACIÓN DIRECTA,Bolívar,0,0,3.4601767753277724e-05
1334382180,244,0,0,SELECCIÓN ABREVIADA SUBASTA INVERSA,Antioquia,0,1,0.5859069132881534
17084018,12,0,0,CONTRATACIÓN RÉGIMEN ESPECIAL,Distrito Capital de Bogotá,0,0,2.8082163889099713e-05
26946666,172,0,0,CONTRATACIÓN DIRECTA,Santander,0,0,4.974829301259379e-05
5000000,1,0,0,CONTRATACIÓN DIRECTA,Distrito Capital de Bogotá,0,0,2.7918773647084024e-05
2198655,152,0,0,CONTRATACIÓN RÉGIMEN ESPECIAL,Distrito Capital de Bogotá,0,0,2.808217858902374e-05
1300000,30,0,0,CONTRATACIÓN DIRECTA,Distrito Capital de Bogotá,0,0,2.7918776231852666e-05
143661213,30,0,0,SELECCIÓN ABREVIADA SUBASTA INVERSA,Boyacá,0,1,0.6412860452382907
10175520,6,0,0,CONTRATACIÓN RÉGIMEN ESPECIAL,OTRO,0,0,4.2649325818449793e-05
300000000,3,0,0,CONTRATACIÓN RÉGIMEN ESPECIAL,OTRO,0,0,4.2649642716090965e-05
15118635,105,0,0,CONTRATACIÓN DIRECTA,Distrito Capital de Bogotá,0,0,2.791879970047347e-05
4000000,30,0,0,CONTRATACIÓN RÉGIMEN ESPECIAL,Tolima,0,0,4.503673306235315e-05
98853582,1,0,0,CONTRATACIÓN RÉGIMEN ESPECIAL,OTRO,0,0,4.264942165312773e-05
44627000,330,0,0,CONTRATACIÓN DIRECTA,Caldas,0,0,3.444389668652204e-05
9661305,36,0,0,CONTRATACIÓN RÉGIMEN ESPECIAL,Antioquia,0,0,4.2795002418896436e-05
779930790,230,0,0,CONTRATACIÓN RÉGIMEN ESPECIAL,Bolívar,0,0,3.480498684581192e-05
24000000,4,0,0,CONTRATACIÓN DIRECTA,Valle del Cauca,0,0,4.402496561263202e-05
7800000,87,0,0,CONTRATACIÓN RÉGIMEN ESPECIAL,Santander,0,0,5.003935943976171e-05
17879467,252,0,0,CONTRATACIÓN DIRECTA,Distrito Capital de Bogotá,0,0,2.7918828243348786e-05
24000000,6,0,0,CONTRATACIÓN DIRECTA,Bolívar,0,0,3.460177331054512e-05
2240000000,6,0,0,LICITACIÓN PÚBLICA,Distrito Capital de Bogotá,0,1,0.5276849367280461
26469280,90,0,5,MÍNIMA CUANTÍA,Distrito Capital de Bogotá,1,1,0.9998727206974483
9000000,90,0,0,CONTRATACIÓN DIRECTA,Santander,0,0,4.974824366257165e-05
4600000,45,0,0,CONTRATACIÓN RÉGIMEN ESPECIAL,Cundinamarca,0,0,4.3951726051451816e-05
218981931,45,0,0,SELECCIÓN ABREVIADA SUBASTA INVERSA,Distrito Capital de Bogotá,0,0,0.48144320962249193
11602500,90,0,0,CONTRATACIÓN DIRECTA,Valle del Cauca,0,0,4.402497608695222e-05
57987559,7,0,3,MÍNIMA CUANTÍA,Bolívar,1,1,0.997868114996982
9330000,6,0,0,CONTRATACIÓN DIRECTA,Distrito Capital de Bogotá,0,0,2.7918777657916892e-05
13965000,5,0,0,CONTRATACIÓN DIRECTA,Valle del Cauca,0,0,4.402495454171781e-05
34013520,268,0,0,CONTRATACIÓN RÉGIMEN ESPECIAL,Santander,0,0,5.003945177253316e-05
2425069,30,0,0,CONTRATACIÓN RÉGIMEN ESPECIAL,No Definido,0,0,5.0126531992232284e-05
15000000,1,0,0,CONTRATACIÓN RÉGIMEN ESPECIAL,Antioquia,0,0,4.2794998597704585e-05
9200000,110,0,0,CONTRATACIÓN DIRECTA,Valle del Cauca,0,0,4.402497906674411e-05
41744320,10,0,0,CONTRATACIÓN RÉGIMEN ESPECIAL,Antioquia,0,0,4.279503050941809e-05
238000,8,0,0,CONTRATACIÓN RÉGIMEN ESPECIAL,No Definido,0,0,5.0126522037223455e-05
202334000,6,0,1,SELECCIÓN ABREVIADA SUBASTA INVERSA,OTRO,1,1,0.865428380393367
27162000,9,0,0,CONTRATACIÓN RÉGIMEN ESPECIAL,Cundinamarca,0,0,4.3951741300404226e-05
60000000,297,0,0,CONTRATACIÓN DIRECTA,Cundinamarca,0,0,4.369615626227077e-05
41993213,228,0,0,CONTRATACIÓN RÉGIMEN ESPECIAL,Antioquia,0,0,4.279509116186191e-05
5805000,81,0,0,CONTRATACIÓN DIRECTA,OTRO,0,0,4.240121516882315e-05
27600000,167,0,0,CONTRATACIÓN RÉGIMEN ESPECIAL,Distrito Capital de Bogotá,0,0,2.8082199650951055e-05
7500000,3,0,0,CONTRATACIÓN RÉGIMEN ESPECIAL,No Definido,0,0,5.012652977189072e-05
3300000,45,0,0,CONTRATACIÓN DIRECTA,Distrito Capital de Bogotá,0,0,2.791878037749453e-05
14959600,5,0,0,CONTRATACIÓN RÉGIMEN ESPECIAL,Distrito Capital de Bogotá,0,0,2.808216108337396e-05
53994402,185,0,0,CONTRATACIÓN DIRECTA,Distrito Capital de Bogotá,0,0,2.7918842054592296e-05
186046227,12,0,0,SELECCIÓN ABREVIADA DE MENOR CUANTÍA,Distrito Capital de Bogotá,0,0,0.39035836961699205
68400000,0,0,0,CONTRATACIÓN DIRECTA,Distrito Capital de Bogotá,0,0,2.791881896476539e-05
9600000,3,0,0,CONTRATACIÓN DIRECTA,OTRO,0,0,4.240119790038762e-05
6745000,134,0,0,CONTRATACIÓN DIRECTA,Valle del Cauca,0,0,4.402498312682966e-05
1727642,2,0,0,CONTRATACIÓN RÉGIMEN ESPECIAL,No Definido,0,0,5.0126522010078305e-05
75899000,45,0,0,CONTRATACIÓN RÉGIMEN ESPECIAL,Santander,0,0,5.003943342782662e-05
7753700,71,0,0,CONTRATACIÓN RÉGIMEN ESPECIAL,No Definido,0,0,5.012655215883571e-05
16239024535,0,0,0,CONTRATACIÓN RÉGIMEN ESPECIAL,Distrito Capital de Bogotá,0,0,2.8093873779973466e-05
12000000,6,0,0,CONTRATACIÓN DIRECTA,Bolívar,0,0,3.460176263754427e-05
72996000,140,0,0,CONTRATACIÓN DIRECTA,Distrito Capital de Bogotá,0,0,2.791884755981346e-05
7879500,136,0,0,CONTRATACIÓN RÉGIMEN ESPECIAL,Nariño,0,0,2.4075723029306344e-05
4000000,0,0,0,CONTRATACIÓN RÉGIMEN ESPECIAL,Nariño,0,0,2.4075699437056432e-05
12298790,101,0,0,CONTRATACIÓN DIRECTA,Valle del Cauca,0,0,4.4024980009075475e-05
27440000,294,0,0,CONTRATACIÓN DIRECTA,Distrito Capital de Bogotá,0,0,2.791884269341054e-05
305830,30,0,0,CONTRATACIÓN RÉGIMEN ESPECIAL,Antioquia,0,0,4.279499046598932e-05
2856000,9,0,0,CONTRATACIÓN RÉGIMEN ESPECIAL,Distrito Capital de Bogotá,0,0,2.8082153073517085e-05
5006000000,0,0,0,CONTRATACIÓN DIRECTA,Antioquia,0,0,4.255148295011643e-05
22878333,0,0,0,CONTRATACIÓN RÉGIMEN ESPECIAL,No Definido,0,0,5.012654861288487e-05
324258243,4,1,1,SELECCIÓN ABREVIADA DE MENOR CUANTÍA,Boyacá,1,1,0.8490191811334953
1737400,15,0,0,CONTRATACIÓN RÉGIMEN ESPECIAL,Distrito Capital de Bogotá,0,0,2.808215335655736e-05
78000000,12,0,0,SELECCIÓN ABREVIADA DE MENOR CUANTÍA,Magdalena,0,0,0.4670277532324246
36147500,285,0,0,CONTRATACIÓN DIRECTA,Distrito Capital de Bogotá,0,0,2.791884731604955e-05
79344915,2,0,0,CONCURSO DE MÉRITOS ABIERTO,Distrito Capital de Bogotá,0,0,0.4560609292057205
20512000,8,0,0,CONTRATACIÓN DIRECTA,Cundinamarca,0,0,4.3696030182043743e-05
9600000,6,0,0,CONTRATACIÓN RÉGIMEN ESPECIAL,Nariño,0,0,2.4075703837571442e-05
620000000,4,0,0,CONTRATACIÓN DIRECTA,Antioquia,0,0,4.254668713232918e-05
39993000,1,0,1,MÍNIMA CUANTÍA,Antioquia,1,1,0.9651189252380586
7200000,4,0,0,CONTRATACIÓN DIRECTA,OTRO,0,0,4.240119555907462e-05
7671055,4,0,0,CONTRATACIÓN RÉGIMEN ESPECIAL,OTRO,0,0,4.26493225208454e-05
145901086,328,0,0,CONTRATACIÓN DIRECTA,Distrito Capital de Bogotá,0,0,2.791893384961098e-05
49023973,1,0,0,MÍNIMA CUANTÍA,Boyacá,0,1,0.8845989493414679
11742000,3,0,0,CONTRATACIÓN DIRECTA,Valle del Cauca,0,0,4.402495145626812e-05
9200000,4,0,0,CONTRATACIÓN DIRECTA,Norte de Santander,0,0,7.300884128585735e-05
78671000,0,0,0,CONTRATACIÓN DIRECTA,Atlántico,0,0,3.744523348750067e-05
14000000,2,0,0,CONTRATACIÓN DIRECTA,Valle del Cauca,0,0,4.4024953726547394e-05
44000000,4,0,0,CONTRATACIÓN RÉGIMEN ESPECIAL,OTRO,0,0,4.2649362347024284e-05
1480000,30,0,0,CONTRATACIÓN RÉGIMEN ESPECIAL,Antioquia,0,0,4.279499175758733e-05
11494800,103,0,0,CONTRATACIÓN DIRECTA,Antioquia,0,0,4.254604891980335e-05
21375000,232,0,0,CONTRATACIÓN RÉGIMEN ESPECIAL,No Definido,0,0,5.012662193972913e-05
5400000,3,0,0,CONTRATACIÓN DIRECTA,Norte de Santander,0,0,7.300883368238188e-05
27230000,7,0,0,CONTRATACIÓN DIRECTA,Distrito Capital de Bogotá,0,0,2.7918790684357207e-05
9072902,2,0,0,CONTRATACIÓN DIRECTA,Distrito Capital de Bogotá,0,0,2.7918776750649833e-05
22544000,4,0,0,CONTRATACIÓN DIRECTA,Distrito Capital de Bogotá,0,0,2.7918786779424532e-05
18703320,4,0,0,CONTRATACIÓN RÉGIMEN ESPECIAL,Distrito Capital de Bogotá,0,0,2.8082163603989104e-05
10800000,6,0,0,CONTRATACIÓN DIRECTA,Norte de Santander,0,0,7.30088452333631e-05
8200000,4,0,0,CONTRATACIÓN RÉGIMEN ESPECIAL,No Definido,0,0,5.012653099821909e-05
23200000,235,0,0,CONTRATACIÓN DIRECTA,OTRO,0,0,4.240127638776565e-05
25000000,5,0,0,CONTRATACIÓN DIRECTA,OTRO,0,0,4.240121523349645e-05
2637635,7,0,0,CONTRATACIÓN RÉGIMEN ESPECIAL,Distrito Capital de Bogotá,0,0,2.808215255239636e-05
52900000,345,0,0,CONTRATACIÓN DIRECTA,Antioquia,0,0,4.254616083698829e-05
8000000,132,0,0,CONTRATACIÓN DIRECTA,Valle del Cauca,0,0,4.40249839771658e-05
12400000,120,0,0,CONTRATACIÓN DIRECTA,Cundinamarca,0,0,4.369605274417625e-05
819000,210,0,0,CONTRATACIÓN RÉGIMEN ESPECIAL,Cundinamarca,0,0,4.395176871447603e-05
3300000,15,0,0,CONTRATACIÓN RÉGIMEN ESPECIAL,OTRO,0,0,4.2649320765264425e-05
695500,5,0,1,MÍNIMA CUANTÍA,No Definido,1,1,0.9700681330404731
9462000,3,0,0,CONTRATACIÓN DIRECTA,Valle del Cauca,0,0,4.40249488761675e-05
7000000,2,0,0,CONTRATACIÓN DIRECTA,Valle del Cauca,0,0,4.402494580518602e-05
1772575,42,0,0,CONTRATACIÓN DIRECTA,OTRO,0,0,4.2401200071651455e-05
420000,1,0,0,CONTRATACIÓN RÉGIMEN ESPECIAL,Distrito Capital de Bogotá,0,0,2.8082149861132265e-05
2437000,30,0,0,CONTRATACIÓN RÉGIMEN ESPECIAL,Antioquia,0,0,4.279499281029637e-05
47643654,6,0,0,CONTRATACIÓN DIRECTA,Distrito Capital de Bogotá,0,0,2.7918805153320503e-05
4463540,20,0,3,MÍNIMA CUANTÍA,Antioquia,1,1,0.998265504975926
120000000,3,0,0,SELECCIÓN ABREVIADA DE MENOR CUANTÍA,Antioquia,0,0,0.49387370790767987
48510000,329,0,0,CONTRATACIÓN DIRECTA,Distrito Capital de Bogotá,0,0,2.7918864138312226e-05
27386400,8,0,0,CONTRATACIÓN DIRECTA,Distrito Capital de Bogotá,0,0,2.791879097728697e-05
32214000,6,0,0,CONTRATACIÓN DIRECTA,OTRO,0,0,4.240122337036771e-05
3087548,30,0,0,CONTRATACIÓN RÉGIMEN ESPECIAL,Nariño,0,0,2.4075703546948726e-05
19730096,118,0,0,CONTRATACIÓN DIRECTA,Antioquia,0,0,4.254606205633628e-05
253470000,165,0,0,SELECCIÓN ABREVIADA SUBASTA INVERSA,Distrito Capital de Bogotá,0,0,0.4814436248469818
186088261,80,0,0,SELECCIÓN ABREVIADA DE MENOR CUANTÍA,Antioquia,0,0,0.4938742571190862
19304500,10,0,0,CONTRATACIÓN DIRECTA,Valle del Cauca,0,0,4.402496200864917e-05
9332400,4,0,0,CONTRATACIÓN RÉGIMEN ESPECIAL,OTRO,0,0,4.26493243421202e-05
9600000,239,0,0,CONTRATACIÓN DIRECTA,Antioquia,0,0,4.254608429589813e-05
2863157,1,0,0,CONTRATACIÓN DIRECTA,OTRO,0,0,4.24011900091513e-05
20460000,360,0,0,CONTRATACIÓN RÉGIMEN ESPECIAL,Cundinamarca,0,0,4.395183357160609e-05
12392458,0,0,0,CONTRATACIÓN RÉGIMEN ESPECIAL,Valle del Cauca,0,0,4.428257937603947e-05
150000000,178,0,0,CONTRATACIÓN RÉGIMEN ESPECIAL,Nariño,0,0,2.407581752628571e-05
44710421,0,0,0,CONTRATACIÓN RÉGIMEN ESPECIAL,Distrito Capital de Bogotá,0,0,2.808218164994435e-05
10850667,105,0,0,CONTRATACIÓN DIRECTA,Nariño,0,0,2.3935649038469976e-05
4680000,3,0,0,CONTRATACIÓN RÉGIMEN ESPECIAL,No Definido,0,0,5.012652613845908e-05
485000,1,0,0,CONTRATACIÓN DIRECTA,Bolívar,0,0,3.4601751276205095e-05
112750000,300,0,0,CONTRATACIÓN DIRECTA,Distrito Capital de Bogotá,0,0,2.791890499959291e-05
31597332,6,0,0,CONTRATACIÓN DIRECTA,OTRO,0,0,4.240122269826849e-05
57142857,60,0,0,CONTRATACIÓN RÉGIMEN ESPECIAL,OTRO,0,0,4.2649392212416995e-05
74640000,12,0,0,CONTRATACIÓN DIRECTA,Distrito Capital de Bogotá,0,0,2.7918825611136565e-05
15653333,100,0,0,CONTRATACIÓN DIRECTA,OTRO,0,0,4.2401231116339875e-05
576100,1,0,0,CONTRATACIÓN RÉGIMEN ESPECIAL,Distrito Capital de Bogotá,0,0,2.808214997381129e-05
5124000,28,0,0,CONTRATACIÓN RÉGIMEN ESPECIAL,Distrito Capital de Bogotá,0,0,2.808215816386379e-05
17731692,180,0,0,CONTRATACIÓN DIRECTA,OTRO,0,0,4.2401255334934216e-05
7600000,2,0,0,CONTRATACIÓN DIRECTA,Valle del Cauca,0,0,4.402494648415974e-05
78086667,340,0,0,CONTRATACIÓN DIRECTA,Antioquia,0,0,4.25461870047025e-05
7680000,3,0,0,CONTRATACIÓN RÉGIMEN ESPECIAL,Antioquia,0,0,4.2794991099566976e-05
120000000,2,0,1,SELECCIÓN ABREVIADA SUBASTA INVERSA,OTRO,1,1,0.8654281308957357
18900000,191,0,0,CONTRATACIÓN DIRECTA,Distrito Capital de Bogotá,0,0,2.7918817953564414e-05
16515184,8,0,0,CONTRATACIÓN DIRECTA,Distrito Capital de Bogotá,0,0,2.791878317567073e-05
540000,5,0,3,MÍNIMA CUANTÍA,Caldas,1,1,0.9978583551069508
25333333,152,0,0,CONTRATACIÓN DIRECTA,Meta,0,0,6.413251435304022e-05
29613782,11,0,0,CONTRATACIÓN DIRECTA,Meta,0,0,6.413246288680667e-05
13500000,90,0,0,CONTRATACIÓN DIRECTA,Meta,0,0,6.413246911333513e-05
2500000,30,0,0,CONTRATACIÓN DIRECTA,Nariño,0,0,2.3935632282221755e-05
13800000,6,0,0,CONTRATACIÓN DIRECTA,Valle del Cauca,0,0,4.4024954639925775e-05
13200000,11,0,0,CONTRATACIÓN DIRECTA,Tolima,0,0,4.4774722773023034e-05
18000000,6,0,0,CONTRATACIÓN DIRECTA,Valle del Cauca,0,0,4.402495939274333e-05
6000000,2,0,0,CONTRATACIÓN DIRECTA,Distrito Capital de Bogotá,0,0,2.791877454541425e-05
1700000,1,0,0,CONTRATACIÓN RÉGIMEN ESPECIAL,OTRO,0,0,4.264931514691638e-05
37000000,20,0,0,CONTRATACIÓN DIRECTA,Bolívar,0,0,3.4601788008153375e-05
6432000,37,0,0,CONTRATACIÓN DIRECTA,Valle del Cauca,0,0,4.4024955134824446e-05
22500000,9,0,0,CONTRATACIÓN DIRECTA,Distrito Capital de Bogotá,0,0,2.7918787651302968e-05
1500000,90,0,0,CONTRATACIÓN RÉGIMEN ESPECIAL,OTRO,0,0,4.2649339493727135e-05
20000000,6,0,0,CONTRATACIÓN RÉGIMEN ESPECIAL,Tolima,0,0,4.503674458905053e-05
17441667,163,0,0,CONTRATACIÓN RÉGIMEN ESPECIAL,OTRO,0,0,4.2649377119744894e-05
508591692,2,0,0,SELECCIÓN ABREVIADA DE MENOR CUANTÍA,Distrito Capital de Bogotá,0,0,0.3903603273253525
6000000,66,0,0,CONTRATACIÓN DIRECTA,Magdalena,0,0,3.8206960068194276e-05
999670182,195,0,4,CONCURSO DE MÉRITOS ABIERTO,Distrito Capital de Bogotá,1,1,0.9972511163963285
8358086,5,0,0,CONTRATACIÓN RÉGIMEN ESPECIAL,No Definido,0,0,5.012653152631785e-05
189034380,38,0,0,CONTRATACIÓN DIRECTA,Distrito Capital de Bogotá,0,0,2.79189124033043e-05
14100000,6,0,0,CONTRATACIÓN RÉGIMEN ESPECIAL,OTRO,0,0,4.2649330120721386e-05
1099360119,9,1,1,CONTRATACIÓN DIRECTA (CON OFERTAS),OTRO,1,1,0.986134621637667
1000000000,2,0,0,CONTRATACIÓN RÉGIMEN ESPECIAL,Antioquia,0,0,4.279608239783142e-05
7500000,3,0,0,CONTRATACIÓN DIRECTA,Santander,0,0,4.9748213733572906e-05
72328000,38,0,0,SELECCIÓN ABREVIADA DE MENOR CUANTÍA,OTRO,0,0,0.4930211478179654
94400000,12,0,0,CONTRATACIÓN RÉGIMEN ESPECIAL,Distrito Capital de Bogotá,0,0,2.8082219698855106e-05
184074040,245,0,0,CONTRATACIÓN RÉGIMEN ESPECIAL,Distrito Capital de Bogotá,0,0,2.808232677684787e-05
4000000,30,0,0,CONTRATACIÓN RÉGIMEN ESPECIAL,Valle del Cauca,0,0,4.428257842115702e-05
9624767,91,0,0,CONTRATACIÓN DIRECTA,Distrito Capital de Bogotá,0,0,2.791879322818066e-05
30000000,9,0,3,MÍNIMA CUANTÍA,Bolívar,1,1,0.9978681134940517
11039000,101,0,0,CONTRATACIÓN DIRECTA,Valle del Cauca,0,0,4.402497858346712e-05
368300,1,0,0,CONTRATACIÓN RÉGIMEN ESPECIAL,Bolívar,0,0,3.480423784210116e-05
22000000,165,0,0,CONTRATACIÓN DIRECTA,Antioquia,0,0,4.2546077480411344e-05
29015583,111,0,0,CONTRATACIÓN RÉGIMEN ESPECIAL,No Definido,0,0,5.012659253027027e-05
8100000,3,0,0,CONTRATACIÓN DIRECTA,Boyacá,0,0,5.37577169350731e-05
33000000,165,0,0,CONTRATACIÓN RÉGIMEN ESPECIAL,No Definido,0,0,5.01266151823127e-05
10000000,5,1,1,CONTRATACIÓN DIRECTA (CON OFERTAS),Santander,1,1,0.9881578263192708
7920000,90,0,0,CONTRATACIÓN RÉGIMEN ESPECIAL,OTRO,0,0,4.2649346531753424e-05
2040850,10,0,0,CONTRATACIÓN RÉGIMEN ESPECIAL,Boyacá,0,0,5.4072290744927374e-05
300126,0,0,0,CONTRATACIÓN RÉGIMEN ESPECIAL,Bolívar,0,0,3.480423755585915e-05
36000000,8,0,0,CONTRATACIÓN DIRECTA,Distrito Capital de Bogotá,0,0,2.791879715874991e-05
29568000,83,0,0,CONTRATACIÓN RÉGIMEN ESPECIAL,OTRO,0,0,4.2649368331559546e-05
45866667,340,0,0,CONTRATACIÓN DIRECTA,Distrito Capital de Bogotá,0,0,2.791886422895191e-05
8575000,3,0,0,CONTRATACIÓN RÉGIMEN ESPECIAL,OTRO,0,0,4.264932323578573e-05
3500000,25,0,0,CONTRATACIÓN RÉGIMEN ESPECIAL,Atlántico,0,0,3.7664292679023646e-05
16800000,4,0,0,CONTRATACIÓN DIRECTA,OTRO,0,0,4.24012060219972e-05
3798666,76,0,0,CONTRATACIÓN RÉGIMEN ESPECIAL,Caldas,0,0,3.464536632427209e-05
115288351,110,4,2,SELECCIÓN ABREVIADA DE MENOR CUANTÍA,Distrito Capital de Bogotá,1,1,0.930167661307416
28500000,175,0,0,CONTRATACIÓN RÉGIMEN ESPECIAL,Valle del Cauca,0,0,4.428264786419564e-05
23600000,4,0,0,CONTRATACIÓN DIRECTA,Santander,0,0,4.974823464305057e-05
1000000,270,0,0,CONTRATACIÓN RÉGIMEN ESPECIAL,Norte de Santander,0,0,7.343617759824085e-05
46037968,30,0,9,MÍNIMA CUANTÍA,Valle del Cauca,1,1,0.9999998134313268
12150000,131,0,0,CONTRATACIÓN DIRECTA,Nariño,0,0,2.39356538656221e-05
9600000,44,0,0,CONTRATACIÓN RÉGIMEN ESPECIAL,Caldas,0,0,3.464536431541019e-05
3924864,61,0,0,CONTRATACIÓN RÉGIMEN ESPECIAL,OTRO,0,0,4.264933414734787e-05
12459000,5,0,3,MÍNIMA CUANTÍA,Meta,1,1,0.9988486734257155
65563500,344,0,0,CONTRATACIÓN DIRECTA,Distrito Capital de Bogotá,0,0,2.791887908699002e-05
11846902,150,0,0,CONTRATACIÓN RÉGIMEN ESPECIAL,No Definido,0,0,5.012658306134831e-05
3000000,22,0,0,CONTRATACIÓN RÉGIMEN ESPECIAL,OTRO,0,0,4.264932236854687e-05
19998000,0,0,0,CONTRATACIÓN DIRECTA,Nariño,0,0,2.393563840061461e-05
2800000,2,0,0,CONTRATACIÓN RÉGIMEN ESPECIAL,OTRO,0,0,4.2649316628831076e-05
28234266,338,0,0,CONTRATACIÓN DIRECTA,Distrito Capital de Bogotá,0,0,2.7918851213826072e-05
6000000,150,0,0,CONTRATACIÓN RÉGIMEN ESPECIAL,No Definido,0,0,5.0126575527894135e-05
1537696,62,0,0,CONTRATACIÓN RÉGIMEN ESPECIAL,Distrito Capital de Bogotá,0,0,2.8082161754569855e-05
10000000,4,0,0,CONTRATACIÓN RÉGIMEN ESPECIAL,OTRO,0,0,4.264932507398692e-05
20814273998,40,0,0,LICITACIÓN PÚBLICA OBRA PUBLICA,OTRO,0,0,0.4740448503533261
5400000,2,0,0,CONTRATACIÓN DIRECTA,Norte de Santander,0,0,7.300883320988855e-05
20000000,6,0,0,CONTRATACIÓN RÉGIMEN ESPECIAL,Santander,0,0,5.0039348899800754e-05
7102000,55,0,0,CONTRATACIÓN DIRECTA,Valle del Cauca,0,0,4.402496102167598e-05
20000000,4,0,0,CONTRATACIÓN DIRECTA,Santander,0,0,4.9748230039630735e-05
25333333,95,0,0,CONTRATACIÓN RÉGIMEN ESPECIAL,Distrito Capital de Bogotá,0,0,2.808218492889203e-05
14588448,0,0,0,CONTRATACIÓN RÉGIMEN ESPECIAL,Distrito Capital de Bogotá,0,0,2.8082159906720735e-05
13620000,6,0,0,CONTRATACIÓN DIRECTA,Distrito Capital de Bogotá,0,0,2.7918780736590374e-05
10035545,1,0,0,CONTRATACIÓN RÉGIMEN ESPECIAL,No Definido,0,0,5.0126532389991055e-05
22929436,345,0,0,CONTRATACIÓN DIRECTA,OTRO,0,0,4.240130627885917e-05
8200000,4,0,0,CONTRATACIÓN DIRECTA,Distrito Capital de Bogotá,0,0,2.791877648560261e-05
31800000,6,0,0,CONTRATACIÓN DIRECTA,Distrito Capital de Bogotá,0,0,2.7918793783280286e-05
56095200,6,0,0,CONTRATACIÓN DIRECTA,Distrito Capital de Bogotá,0,0,2.7918811218490107e-05
9000000,3,0,0,CONTRATACIÓN RÉGIMEN ESPECIAL,Distrito Capital de Bogotá,0,0,2.8082156418005924e-05
32968608,12,0,0,CONTRATACIÓN DIRECTA,Distrito Capital de Bogotá,0,0,2.7918795706065842e-05
31117148,120,0,0,CONTRATACIÓN DIRECTA,OTRO,0,0,4.240125345853258e-05
10351680,144,0,0,CONTRATACIÓN RÉGIMEN ESPECIAL,OTRO,0,0,4.264936410278379e-05
1200000,6,0,0,CONTRATACIÓN RÉGIMEN ESPECIAL,Bolívar,0,0,3.48042397124181e-05
875255539,240,89,47,SELECCIÓN ABREVIADA DE MENOR CUANTÍA,Distrito Capital de Bogotá,1,1,1.0
6074427197,13,0,0,CONTRATACIÓN DIRECTA,Antioquia,0,0,4.255265513909261e-05
24250000,150,0,0,CONTRATACIÓN RÉGIMEN ESPECIAL,OTRO,0,0,4.264938099518798e-05
45866667,344,0,0,CONTRATACIÓN DIRECTA,Distrito Capital de Bogotá,0,0,2.7918864951717593e-05
8956000,4,0,0,CONTRATACIÓN DIRECTA,Distrito Capital de Bogotá,0,0,2.7918777028138036e-05
10000000,0,0,0,CONTRATACIÓN DIRECTA,OTRO,0,0,4.240119751309055e-05
66527202,1,0,0,CONTRATACIÓN RÉGIMEN ESPECIAL,Antioquia,0,0,4.279505527815808e-05
40000000,5,0,0,CONTRATACIÓN DIRECTA,Distrito Capital de Bogotá,0,0,2.7918799487236907e-05
12000000,169,0,0,CONTRATACIÓN DIRECTA,Valle del Cauca,0,0,4.402499904592396e-05
11880000,6,0,0,CONTRATACIÓN DIRECTA,Santander,0,0,4.974822030029179e-05
9100000,105,0,0,CONTRATACIÓN RÉGIMEN ESPECIAL,Distrito Capital de Bogotá,0,0,2.8082175028514323e-05
6075740,54,0,0,CONTRATACIÓN DIRECTA,Distrito Capital de Bogotá,0,0,2.7918783995693424e-05
7300000,0,0,0,CONTRATACIÓN RÉGIMEN ESPECIAL,Atlántico,0,0,3.76642902638921e-05
13200000,0,0,0,CONTRATACIÓN DIRECTA,OTRO,0,0,4.240120100073131e-05
34216875,225,0,0,CONTRATACIÓN RÉGIMEN ESPECIAL,Antioquia,0,0,4.279508177689863e-05
20000000,9,0,0,CONTRATACIÓN RÉGIMEN ESPECIAL,Antioquia,0,0,4.2795006313480594e-05
86143550,4,0,0,SELECCIÓN ABREVIADA SUBASTA INVERSA,OTRO,0,1,0.5850712127547751
14200000,12,0,0,CONTRATACIÓN RÉGIMEN ESPECIAL,Distrito Capital de Bogotá,0,0,2.808216180730279e-05
22680000,1,0,0,CONTRATACIÓN RÉGIMEN ESPECIAL,Antioquia,0,0,4.2795007045779026e-05
10917486,3,0,0,CONTRATACIÓN DIRECTA,Santander,0,0,4.974821810360561e-05
107371124,11,0,0,CONTRATACIÓN RÉGIMEN ESPECIAL,Distrito Capital de Bogotá,0,0,2.808222888019123e-05
12000000,0,0,0,CONTRATACIÓN DIRECTA,OTRO,0,0,4.240119969286603e-05
5163578,75,0,0,CONTRATACIÓN RÉGIMEN ESPECIAL,Antioquia,0,0,4.279500827302547e-05
74100000,285,0,0,CONTRATACIÓN DIRECTA,Distrito Capital de Bogotá,0,0,2.7918874552342535e-05
5000000,2,0,0,CONTRATACIÓN RÉGIMEN ESPECIAL,No Definido,0,0,5.0126526226350764e-05
64220000,249,0,0,CONTRATACIÓN DIRECTA,Distrito Capital de Bogotá,0,0,2.7918860957149875e-05
57024800,1,0,0,CONCURSO DE MÉRITOS ABIERTO,Norte de Santander,0,1,0.6867814130452498
13755000,5,0,0,CONTRATACIÓN DIRECTA,Distrito Capital de Bogotá,0,0,2.791878065278082e-05
11000000,5,0,0,CONTRATACIÓN DIRECTA,Boyacá,0,0,5.375772163806484e-05
19550952,9,0,0,CONTRATACIÓN DIRECTA,Valle del Cauca,0,0,4.40249620026142e-05
150000000,0,3456,1,CONTRATACIÓN DIRECTA (CON OFERTAS),Antioquia,1,1,0.9870704197704044
7133100,4,0,0,CONTRATACIÓN RÉGIMEN ESPECIAL,OTRO,0,0,4.2649321931103985e-05
15180000,104,0,0,CONTRATACIÓN DIRECTA,Valle del Cauca,0,0,4.402498412429928e-05
23100000,7,0,0,CONTRATACIÓN DIRECTA,OTRO,0,0,4.2401213711543975e-05
3200000,80,0,0,CONTRATACIÓN DIRECTA,Valle del Cauca,0,0,4.4024963729226614e-05
111945223,12,0,0,CONTRATACIÓN RÉGIMEN ESPECIAL,No Definido,0,0,5.012666726434521e-05
6343712,4,0,0,CONTRATACIÓN DIRECTA,Meta,0,0,6.413242162223738e-05
11000000,1,0,0,CONTRATACIÓN RÉGIMEN ESPECIAL,OTRO,0,0,4.264932534218275e-05
5997309,30,0,2,MÍNIMA CUANTÍA,Antioquia,1,1,0.9921378710264864
20988000,165,0,0,CONTRATACIÓN DIRECTA,Distrito Capital de Bogotá,0,0,2.7918814754028875e-05
38909403,9,0,0,CONTRATACIÓN DIRECTA,Distrito Capital de Bogotá,0,0,2.791879942734485e-05
16000000,4,1,1,CONTRATACIÓN DIRECTA (CON OFERTAS),Santander,1,1,0.9881578280483416
16227333,202,0,0,CONTRATACIÓN RÉGIMEN ESPECIAL,Santander,0,0,5.003940752168856e-05
18599752,30,0,0,CONTRATACIÓN RÉGIMEN ESPECIAL,OTRO,0,0,4.2649341678202615e-05
10125972,111,0,0,CONTRATACIÓN RÉGIMEN ESPECIAL,Cundinamarca,0,0,4.39517510681977e-05
45517500,0,0,0,CONTRATACIÓN RÉGIMEN ESPECIAL,Distrito Capital de Bogotá,0,0,2.8082182232525937e-05
363289813,25,10,2,SELECCIÓN ABREVIADA DE MENOR CUANTÍA,Cundinamarca,1,1,0.9542338408225303
3700000,0,0,0,CONTRATACIÓN RÉGIMEN ESPECIAL,OTRO,0,0,4.2649317063423474e-05
16200000,4,0,0,CONTRATACIÓN RÉGIMEN ESPECIAL,OTRO,0,0,4.2649331870832476e-05
5429760,3,0,0,CONTRATACIÓN RÉGIMEN ESPECIAL,Bolívar,0,0,3.480424282069381e-05
2125000,15,0,0,CONTRATACIÓN RÉGIMEN ESPECIAL,Nariño,0,0,2.407570061398385e-05
16875000,0,0,0,CONTRATACIÓN DIRECTA,Caldas,0,0,3.44437985525494e-05
6000000,37,0,0,CONTRATACIÓN RÉGIMEN ESPECIAL,Distrito Capital de Bogotá,0,0,2.8082160431928877e-05
21181600,3,0,1,MÍNIMA CUANTÍA,OTRO,1,1,0.9650039373469353
7242740,42,0,0,CONTRATACIÓN RÉGIMEN ESPECIAL,Bolívar,0,0,3.4804253227460005e-05
19786204,25,0,0,CONTRATACIÓN RÉGIMEN ESPECIAL,Distrito Capital de Bogotá,0,0,2.808216820237106e-05
5947710,91,0,0,CONTRATACIÓN RÉGIMEN ESPECIAL,Santander,0,0,5.003935835272096e-05
13252500,2,0,0,CONTRATACIÓN RÉGIMEN ESPECIAL,OTRO,0,0,4.264932808754369e-05
7326000,0,0,0,CONTRATACIÓN RÉGIMEN ESPECIAL,Atlántico,0,0,3.766429028906358e-05
25193226,210,0,0,CONTRATACIÓN RÉGIMEN ESPECIAL,Distrito Capital de Bogotá,0,0,2.8082205728831364e-05
16771612,132,0,0,CONTRATACIÓN DIRECTA,Antioquia,0,0,4.2546062675873676e-05
7166594,43,0,0,CONTRATACIÓN DIRECTA,Distrito Capital de Bogotá,0,0,2.791878279093363e-05
107352000,6,0,0,CONTRATACIÓN RÉGIMEN ESPECIAL,Distrito Capital de Bogotá,0,0,2.8082227957643298e-05
14412000,87,0,0,CONTRATACIÓN DIRECTA,OTRO,0,0,4.2401226195996805e-05
18313051,177,0,0,CONTRATACIÓN DIRECTA,Antioquia,0,0,4.254607675258125e-05
10600000,108,0,0,CONTRATACIÓN DIRECTA,Norte de Santander,0,0,7.300889305238292e-05
84571674,330,0,0,CONTRATACIÓN DIRECTA,Antioquia,0,0,4.2546191343242434e-05
12000000,3,0,0,CONTRATACIÓN DIRECTA,Distrito Capital de Bogotá,0,0,2.7918779031941725e-05
14937249,3,0,0,CONTRATACIÓN RÉGIMEN ESPECIAL,Distrito Capital de Bogotá,0,0,2.808216070374366e-05
42096750,6,0,0,CONTRATACIÓN DIRECTA,Distrito Capital de Bogotá,0,0,2.791880117263966e-05
81513009,165,0,0,MÍNIMA CUANTÍA,OTRO,0,1,0.8580759800479312
3400000,51,0,0,CONTRATACIÓN DIRECTA,Norte de Santander,0,0,7.300885260891186e-05
12000000,3,0,0,CONTRATACIÓN DIRECTA,Distrito Capital de Bogotá,0,0,2.7918779031941725e-05
115960740,240,0,1,MÍNIMA CUANTÍA,Boyacá,1,1,0.9721918116877573
11250000,75,0,0,CONTRATACIÓN DIRECTA,OTRO,0,0,4.240121945675938e-05
2520400,5,0,0,CONTRATACIÓN RÉGIMEN ESPECIAL,Nariño,0,0,2.4075699300490123e-05
7389672574,30,0,25,SELECCIÓN ABREVIADA SUBASTA INVERSA,Distrito Capital de Bogotá,1,1,1.0
208000,30,0,1,MÍNIMA CUANTÍA,Boyacá,0,1,0.9721916945016255
457142857,2,0,0,CONTRATACIÓN DIRECTA,Bolívar,0,0,3.460215766147996e-05
5400000,54,0,0,CONTRATACIÓN RÉGIMEN ESPECIAL,Antioquia,0,0,4.279500271680672e-05
618800,365,0,0,CONTRATACIÓN RÉGIMEN ESPECIAL,No Definido,0,0,5.012663834329726e-05
111253334,615,0,0,CONTRATACIÓN DIRECTA,Distrito Capital de Bogotá,0,0,2.7918960843457244e-05
70000000,215,0,0,CONTRATACIÓN DIRECTA,Distrito Capital de Bogotá,0,0,2.7918858961610887e-05
6404580,333,0,0,CONTRATACIÓN RÉGIMEN ESPECIAL,OTRO,0,0,4.2649411944165484e-05
15510000,141,0,0,CONTRATACIÓN DIRECTA,Tolima,0,0,4.4774763102743554e-05
40833333,12,0,0,CONTRATACIÓN DIRECTA,Distrito Capital de Bogotá,0,0,2.7918801350107093e-05
282393428,136,0,0,SELECCIÓN ABREVIADA DE MENOR CUANTÍA,Tolima,0,1,0.5066391557163163
54250000,172,0,0,CONTRATACIÓN RÉGIMEN ESPECIAL,OTRO,0,0,4.264941995572645e-05
39655450,0,0,0,CONTRATACIÓN DIRECTA,Distrito Capital de Bogotá,0,0,2.7918798336519084e-05
140000000,20,0,0,SELECCIÓN ABREVIADA DE MENOR CUANTÍA,Boyacá,0,1,0.5521611317242615
60000000,3,0,0,CONTRATACIÓN RÉGIMEN ESPECIAL,Cundinamarca,0,0,4.3951776692154155e-05
21000000,2,0,0,CONTRATACIÓN RÉGIMEN ESPECIAL,Distrito Capital de Bogotá,0,0,2.8082164898326032e-05
6900000,3,0,0,CONTRATACIÓN DIRECTA,OTRO,0,0,4.240119495769099e-05
10500000,4,0,0,CONTRATACIÓN DIRECTA,OTRO,0,0,4.240119915570395e-05
22600000,4,0,0,CONTRATACIÓN RÉGIMEN ESPECIAL,Santander,0,0,5.003935159625049e-05
33969470,215,0,0,CONTRATACIÓN RÉGIMEN ESPECIAL,Distrito Capital de Bogotá,0,0,2.8082212972620584e-05
8200000,30,0,0,CONTRATACIÓN RÉGIMEN ESPECIAL,Atlántico,0,0,3.7664298448062315e-05
15000000,5,0,2,MÍNIMA CUANTÍA,Nariño,1,1,0.9861095795421911
60891204,0,0,0,CONTRATACIÓN RÉGIMEN ESPECIAL,Distrito Capital de Bogotá,0,0,2.808219332987625e-05
273300000,3,0,0,CONTRATACIÓN DIRECTA,OTRO,0,0,4.2401485304746526e-05
151750000,8,0,0,SELECCIÓN ABREVIADA DE MENOR CUANTÍA,Cundinamarca,0,1,0.5005415620225939
46590376,8,0,0,CONTRATACIÓN DIRECTA,Cundinamarca,0,0,4.369605947247264e-05
48341333,173,0,0,CONTRATACIÓN DIRECTA,Distrito Capital de Bogotá,0,0,2.7918835829422926e-05
16800000,6,0,0,CONTRATACIÓN DIRECTA,OTRO,0,0,4.240120657083207e-05
6000000,5,0,0,CONTRATACIÓN RÉGIMEN ESPECIAL,Tolima,0,0,4.50367280907712e-05
37020256,0,0,0,CONTRATACIÓN RÉGIMEN ESPECIAL,Distrito Capital de Bogotá,0,0,2.8082176098879514e-05
16800000,0,0,0,CONTRATACIÓN DIRECTA,Valle del Cauca,0,0,4.40249563252408e-05
17306000,2,0,0,CONTRATACIÓN RÉGIMEN ESPECIAL,Antioquia,0,0,4.2795001411292754e-05
70000000,7,0,0,CONTRATACIÓN DIRECTA,Distrito Capital de Bogotá,0,0,2.79188213778282e-05
1312051463,480,0,0,SELECCIÓN ABREVIADA SUBASTA INVERSA,Antioquia,1,1,0.5859071446074268
350000,30,0,0,CONTRATACIÓN RÉGIMEN ESPECIAL,No Definido,0,0,5.0126529318607514e-05
3400000,2,0,0,CONTRATACIÓN RÉGIMEN ESPECIAL,OTRO,0,0,4.2649317286590174e-05
6600000,6,0,0,CONTRATACIÓN RÉGIMEN ESPECIAL,Boyacá,0,0,5.407229568174992e-05
23942220,159,0,0,CONTRATACIÓN DIRECTA,Distrito Capital de Bogotá,0,0,2.7918815789950007e-05
540000000,2,0,0,CONTRATACIÓN RÉGIMEN ESPECIAL,Antioquia,0,0,4.2795576383601084e-05
4000000,2,0,0,CONTRATACIÓN DIRECTA,Santander,0,0,4.974820893606337e-05
3900000,84,0,0,CONTRATACIÓN RÉGIMEN ESPECIAL,Magdalena,0,0,3.843054572259863e-05
17615000,0,0,0,CONTRATACIÓN DIRECTA,Valle del Cauca,0,0,4.402495724751377e-05
19320000,6,0,0,CONTRATACIÓN DIRECTA,OTRO,0,0,4.2401209317349724e-05
3167600,30,0,0,CONTRATACIÓN RÉGIMEN ESPECIAL,Antioquia,0,0,4.279499361396326e-05
213066981,90,0,0,CONTRATACIÓN RÉGIMEN ESPECIAL,Boyacá,0,0,5.407261204000986e-05
35100000,350,0,0,CONTRATACIÓN DIRECTA,Distrito Capital de Bogotá,0,0,2.7918858309257644e-05
16000000,4,0,0,CONTRATACIÓN DIRECTA,Valle del Cauca,0,0,4.402495655964527e-05
1500000,0,0,0,CONTRATACIÓN RÉGIMEN ESPECIAL,Boyacá,0,0,5.407228649374048e-05
10000000,150,0,0,CONTRATACIÓN DIRECTA,OTRO,0,0,4.240123867571749e-05
17791130,1,0,0,CONTRATACIÓN RÉGIMEN ESPECIAL,Antioquia,0,0,4.279500166797449e-05
14664293,3,0,0,CONTRATACIÓN RÉGIMEN ESPECIAL,Antioquia,0,0,4.279499878235558e-05
5720000,4,0,0,CONTRATACIÓN DIRECTA,Boyacá,0,0,5.3757713994344144e-05
12000000,20,0,0,CONTRATACIÓN RÉGIMEN ESPECIAL,Caldas,0,0,3.464536107132513e-05
20000000,5,0,0,CONTRATACIÓN DIRECTA,Norte de Santander,0,0,7.300886202535702e-05
13740000,3,0,0,CONTRATACIÓN DIRECTA,Distrito Capital de Bogotá,0,0,2.7918780280634456e-05
8250000,5,0,0,CONTRATACIÓN DIRECTA,OTRO,0,0,4.2401196977874e-05
117180000,11,0,0,CONTRATACIÓN DIRECTA,Distrito Capital de Bogotá,0,0,2.7918855958897097e-05
4200000,2,0,0,CONTRATACIÓN DIRECTA,Magdalena,0,0,3.8206942474938e-05
2590000,30,0,0,CONTRATACIÓN RÉGIMEN ESPECIAL,Norte de Santander,0,0,7.343606653745342e-05
11520000,16,0,0,CONTRATACIÓN RÉGIMEN ESPECIAL,Magdalena,0,0,3.8430536336857775e-05
4350000,3,0,0,CONTRATACIÓN DIRECTA,Santander,0,0,4.974820970558227e-05
3666225,45,0,0,CONTRATACIÓN DIRECTA,Distrito Capital de Bogotá,0,0,2.791878064031207e-05
41525000,11,0,0,CONTRATACIÓN DIRECTA,Distrito Capital de Bogotá,0,0,2.7918801665784048e-05
11200000,118,0,0,CONTRATACIÓN RÉGIMEN ESPECIAL,Boyacá,0,0,5.4072341269309355e-05
116921395,5,0,1,CONTRATACIÓN RÉGIMEN ESPECIAL (CON OFERTAS),Boyacá,1,1,0.9773254797565801
6141884,3,0,0,CONTRATACIÓN RÉGIMEN ESPECIAL,Antioquia,0,0,4.279498940762499e-05
15400000,213,0,0,CONTRATACIÓN RÉGIMEN ESPECIAL,Santander,0,0,5.003941001990036e-05
4001360,60,0,0,CONTRATACIÓN RÉGIMEN ESPECIAL,Distrito Capital de Bogotá,0,0,2.808216316944228e-05
17879467,296,0,0,CONTRATACIÓN DIRECTA,Distrito Capital de Bogotá,0,0,2.7918836193762103e-05
39966667,4,0,0,CONTRATACIÓN RÉGIMEN ESPECIAL,OTRO,0,0,4.264935792541753e-05
2023455,33,0,0,CONTRATACIÓN RÉGIMEN ESPECIAL,Distrito Capital de Bogotá,0,0,2.8082156834510737e-05
12000000,105,0,0,CONTRATACIÓN DIRECTA,OTRO,0,0,4.2401228506702115e-05
73656414,263,0,0,CONTRATACIÓN DIRECTA,Distrito Capital de Bogotá,0,0,2.7918870258794243e-05
5000000,2,0,0,CONTRATACIÓN DIRECTA,Boyacá,0,0,5.375771230363742e-05
2532000,2,0,0,CONTRATACIÓN RÉGIMEN ESPECIAL,Norte de Santander,0,0,7.343605312075299e-05
223720,0,0,0,CONTRATACIÓN RÉGIMEN ESPECIAL,Antioquia,0,0,4.279498206669232e-05
86730000,316,0,0,CONTRATACIÓN DIRECTA,Distrito Capital de Bogotá,0,0,2.7918889217600306e-05
10000000,3,0,0,CONTRATACIÓN RÉGIMEN ESPECIAL,No Definido,0,0,5.0126532993018374e-05
1260504201,32,0,0,CONTRATACIÓN RÉGIMEN ESPECIAL,Distrito Capital de Bogotá,0,0,2.8083065087847623e-05
18576000,8,0,0,CONTRATACIÓN DIRECTA,OTRO,0,0,4.2401209055307925e-05
9738960,14,0,0,CONTRATACIÓN RÉGIMEN ESPECIAL,Distrito Capital de Bogotá,0,0,2.8082158950646526e-05
41689974,266,0,0,CONTRATACIÓN DIRECTA,Distrito Capital de Bogotá,0,0,2.7918847860422715e-05
39928105,15,0,5,MÍNIMA CUANTÍA,Nariño,1,1,0.9998515425947948
357392100,0,0,0,SELECCIÓN ABREVIADA SUBASTA INVERSA,OTRO,0,1,0.5850728991368443
21839846,45,0,0,CONTRATACIÓN DIRECTA,Distrito Capital de Bogotá,0,0,2.7918793682424164e-05
925000,4,0,0,CONTRATACIÓN RÉGIMEN ESPECIAL,No Definido,0,0,5.0126521624738745e-05
10000000,7,0,0,CONTRATACIÓN RÉGIMEN ESPECIAL,OTRO,0,0,4.264932590205649e-05
39720000,12,0,0,CONTRATACIÓN DIRECTA,Distrito Capital de Bogotá,0,0,2.791880055113471e-05
37800000,162,0,0,CONTRATACIÓN DIRECTA,Distrito Capital de Bogotá,0,0,2.7918826276928636e-05
93377716,5,0,0,CONTRATACIÓN DIRECTA,Meta,0,0,6.41325655073472e-05
23975000,7,0,0,CONTRATACIÓN DIRECTA,Distrito Capital de Bogotá,0,0,2.7918788348439727e-05
4500000,3,0,0,CONTRATACIÓN DIRECTA,OTRO,0,0,4.240119234196077e-05
15000000,76,0,0,CONTRATACIÓN RÉGIMEN ESPECIAL,Santander,0,0,5.003936513814386e-05
28800000,8,0,0,CONTRATACIÓN RÉGIMEN ESPECIAL,Tolima,0,0,4.503675535913603e-05
2294955636,11,0,0,CONTRATACIÓN DIRECTA,Santander,0,0,4.975114142730322e-05
4948506,12,0,0,CONTRATACIÓN RÉGIMEN ESPECIAL,Boyacá,0,0,5.4072295486078903e-05
107956800,2,0,0,CONTRATACIÓN RÉGIMEN ESPECIAL,Distrito Capital de Bogotá,0,0,2.8082227667217892e-05
421933212,9,0,0,SELECCIÓN ABREVIADA SUBASTA INVERSA,Valle del Cauca,0,1,0.5941665546388207
14400000,138,0,0,CONTRATACIÓN DIRECTA,Nariño,0,0,2.3935656334340037e-05
270000000,10,0,0,SELECCIÓN ABREVIADA DE MENOR CUANTÍA,Valle del Cauca,0,1,0.5024172773026866
45712510,356,0,0,CONTRATACIÓN RÉGIMEN ESPECIAL,Distrito Capital de Bogotá,0,0,2.80822470757922e-05
14000000,4,0,0,CONTRATACIÓN DIRECTA,No Definido,0,0,4.9834913030019175e-05
1605331996,10,0,0,LICITACIÓN PÚBLICA,Distrito Capital de Bogotá,0,1,0.5276808771059083
80000000,267,0,0,CONTRATACIÓN RÉGIMEN ESPECIAL,Distrito Capital de Bogotá,0,0,2.8082255650274486e-05
324000000,135,0,0,CONTRATACIÓN RÉGIMEN ESPECIAL,Distrito Capital de Bogotá,0,0,2.808240778915613e-05
3168322,59,0,0,CONTRATACIÓN RÉGIMEN ESPECIAL,Distrito Capital de Bogotá,0,0,2.8082162386374627e-05
5770000,10,0,0,CONTRATACIÓN RÉGIMEN ESPECIAL,No Definido,0,0,5.012652981375903e-05
4492812,1,0,0,CONTRATACIÓN RÉGIMEN ESPECIAL,Antioquia,0,0,4.2794987039698703e-05
22500000,5,0,0,CONTRATACIÓN DIRECTA,Valle del Cauca,0,0,4.4024964200122655e-05
1500000,1,0,0,CONTRATACIÓN RÉGIMEN ESPECIAL,No Definido,0,0,5.012652139236019e-05
25755200,4,0,0,CONTRATACIÓN DIRECTA,Distrito Capital de Bogotá,0,0,2.791878908390921e-05
854268,1,0,0,CONTRATACIÓN RÉGIMEN ESPECIAL,Antioquia,0,0,4.2794983037266685e-05
450000,2,0,0,CONTRATACIÓN RÉGIMEN ESPECIAL,Valle del Cauca,0,0,4.428256635578543e-05
4000000,2,0,0,CONTRATACIÓN DIRECTA,OTRO,0,0,4.240119152259962e-05
26858000,195,0,0,CONTRATACIÓN DIRECTA,Distrito Capital de Bogotá,0,0,2.7918824387312744e-05
14840000,9,0,0,CONTRATACIÓN RÉGIMEN ESPECIAL,No Definido,0,0,5.0126541175598245e-05
2116700,1,0,0,CONTRATACIÓN RÉGIMEN ESPECIAL,Distrito Capital de Bogotá,0,0,2.808215108587611e-05
30000000,30,0,0,SELECCIÓN ABREVIADA DE MENOR CUANTÍA,No Definido,0,1,0.5333574130907475
14000000,5,0,0,CONTRATACIÓN DIRECTA,Bolívar,0,0,3.46017641924357e-05
10168000,4,0,0,CONTRATACIÓN RÉGIMEN ESPECIAL,Caldas,0,0,3.464535585227856e-05
15833333,100,0,0,CONTRATACIÓN DIRECTA,Tolima,0,0,4.477475159396004e-05
1651000,1,0,0,CONTRATACIÓN RÉGIMEN ESPECIAL,Boyacá,0,0,5.4072287053558156e-05
31164811,365,0,0,CONTRATACIÓN RÉGIMEN ESPECIAL,Boyacá,0,0,5.4072455455064925e-05
2200000,90,0,0,CONTRATACIÓN DIRECTA,OTRO,0,0,4.2401213709533925e-05
4030215,42,0,0,CONTRATACIÓN RÉGIMEN ESPECIAL,No Definido,0,0,5.012653795333669e-05
3936000,42,0,0,CONTRATACIÓN DIRECTA,Valle del Cauca,0,0,4.402495373492174e-05
164327820,365,0,0,CONTRATACIÓN RÉGIMEN ESPECIAL,No Definido,0,0,5.012684927524845e-05
43291500,313,0,0,CONTRATACIÓN DIRECTA,Cundinamarca,0,0,4.369614202051878e-05
24900000,20,0,17,MÍNIMA CUANTÍA,Tolima,1,1,0.9999999999990201
19362209,159,0,0,CONTRATACIÓN DIRECTA,Distrito Capital de Bogotá,0,0,2.7918812503149074e-05
27237546,180,0,0,CONTRATACIÓN DIRECTA,OTRO,0,0,4.2401265695262866e-05
250038152,4,0,0,SELECCIÓN ABREVIADA SUBASTA INVERSA,Distrito Capital de Bogotá,0,0,0.48144334267599936
33000000,0,0,0,CONTRATACIÓN RÉGIMEN ESPECIAL,Caldas,0,0,3.4645375288131474e-05
27373500,315,0,0,CONTRATACIÓN DIRECTA,Distrito Capital de Bogotá,0,0,2.7918846440204487e-05
4160000,0,0,0,CONTRATACIÓN DIRECTA,Distrito Capital de Bogotá,0,0,2.7918772863576156e-05
50509205,0,0,7,MÍNIMA CUANTÍA,Distrito Capital de Bogotá,1,1,0.9999938803297913
18088000,12,0,0,CONTRATACIÓN RÉGIMEN ESPECIAL,No Definido,0,0,5.012654633372653e-05
804160,5,0,0,CONTRATACIÓN RÉGIMEN ESPECIAL,Nariño,0,0,2.4075698238382595e-05
80883200,75,0,0,CONTRATACIÓN DIRECTA,Santander,0,0,4.9748330752242244e-05
1500000,1,0,0,CONTRATACIÓN RÉGIMEN ESPECIAL,Cundinamarca,0,0,4.395171003337663e-05
4166666,1,0,0,CONTRATACIÓN RÉGIMEN ESPECIAL,OTRO,0,0,4.2649317851036206e-05
40800000,10,0,2,MÍNIMA CUANTÍA,Antioquia,1,1,0.9921378769950389
6254000,67,0,0,CONTRATACIÓN RÉGIMEN ESPECIAL,Nariño,0,0,2.4075711271835435e-05
18000000,4,0,0,CONTRATACIÓN DIRECTA,Tolima,0,0,4.477472626887076e-05
1407494,28,0,0,CONTRATACIÓN DIRECTA,Bolívar,0,0,3.4601758143112684e-05
3200000,57,0,0,CONTRATACIÓN RÉGIMEN ESPECIAL,Antioquia,0,0,4.279500112768329e-05
3500000,1,0,0,CONTRATACIÓN DIRECTA,Valle del Cauca,0,0,4.402494155958019e-05
3861000,5,0,0,CONTRATACIÓN RÉGIMEN ESPECIAL,OTRO,0,0,4.264931862003777e-05
53625000,165,0,0,CONTRATACIÓN RÉGIMEN ESPECIAL,Distrito Capital de Bogotá,0,0,2.8082218073346954e-05
52325000,345,0,0,CONTRATACIÓN DIRECTA,Valle del Cauca,0,0,4.402509482576178e-05
136056667,351,0,0,CONTRATACIÓN DIRECTA,Distrito Capital de Bogotá,0,0,2.7918930940741046e-05
6000000,123,0,0,CONTRATACIÓN DIRECTA,Antioquia,0,0,4.254604841772688e-05
142000000,0,0,11,MÍNIMA CUANTÍA,Atlántico,1,1,0.9999999894546409
4736349,73,0,0,CONTRATACIÓN RÉGIMEN ESPECIAL,Antioquia,0,0,4.2795007249137427e-05
7000000,36,0,0,CONTRATACIÓN RÉGIMEN ESPECIAL,Cundinamarca,0,0,4.395172620276364e-05
285000000,0,0,0,CONTRATACIÓN RÉGIMEN ESPECIAL,Valle del Cauca,0,0,4.428288967127254e-05
10000000,3,0,1,MÍNIMA CUANTÍA,Cundinamarca,1,1,0.9660057356789814
23750000,285,0,0,CONTRATACIÓN DIRECTA,Cundinamarca,0,0,4.369611215373074e-05
36242301,309,0,0,CONTRATACIÓN RÉGIMEN ESPECIAL,Distrito Capital de Bogotá,0,0,2.8082231697615002e-05
7705335,51,0,0,CONTRATACIÓN RÉGIMEN ESPECIAL,No Definido,0,0,5.012654560826435e-05
11927400,4,0,0,CONTRATACIÓN DIRECTA,Cundinamarca,0,0,4.3696019408901606e-05
19603743,3,0,0,CONTRATACIÓN DIRECTA,Distrito Capital de Bogotá,0,0,2.7918784488688582e-05
53766000,257,0,0,CONTRATACIÓN DIRECTA,Distrito Capital de Bogotá,0,0,2.7918854900456368e-05
6395988,1,0,0,CONTRATACIÓN RÉGIMEN ESPECIAL,Valle del Cauca,0,0,4.4282572837181566e-05
31500000,6,0,0,CONTRATACIÓN RÉGIMEN ESPECIAL,OTRO,0,0,4.264934919574458e-05
31500000,180,0,0,CONTRATACIÓN DIRECTA,Antioquia,0,0,4.2546092000048336e-05
48474723,11,0,0,CONTRATACIÓN DIRECTA,Antioquia,0,0,4.254606402880734e-05
10200000,165,0,0,CONTRATACIÓN DIRECTA,Valle del Cauca,0,0,4.4024995869296144e-05
871200,1,0,0,CONTRATACIÓN RÉGIMEN ESPECIAL,Distrito Capital de Bogotá,0,0,2.8082150186825907e-05
127050000,11,0,0,CONTRATACIÓN DIRECTA,Distrito Capital de Bogotá,0,0,2.7918863042019333e-05
5267947,58,0,0,CONTRATACIÓN DIRECTA,Antioquia,0,0,4.25460297190876e-05
14518000,25,0,0,CONTRATACIÓN RÉGIMEN ESPECIAL,Caldas,0,0,3.4645364434817696e-05
39655000,326,0,0,CONTRATACIÓN DIRECTA,OTRO,0,0,4.240131929395054e-05
3530000,120,0,0,CONTRATACIÓN RÉGIMEN ESPECIAL,Boyacá,0,0,5.4072331308914615e-05
72740000,10,0,0,CONTRATACIÓN DIRECTA,Distrito Capital de Bogotá,0,0,2.791882388623694e-05
40476000,12,0,0,CONTRATACIÓN DIRECTA,Distrito Capital de Bogotá,0,0,2.7918801093670606e-05
3695000,1,0,0,CONTRATACIÓN RÉGIMEN ESPECIAL,Caldas,0,0,3.464534941516079e-05
47429750,323,0,0,CONTRATACIÓN DIRECTA,OTRO,0,0,4.240132694432531e-05
21600000,3,0,0,CONTRATACIÓN DIRECTA,Distrito Capital de Bogotá,0,0,2.791878592128176e-05
490500,365,0,0,CONTRATACIÓN DIRECTA,Distrito Capital de Bogotá,0,0,2.7918836182422345e-05
142350000,0,0,0,MÍNIMA CUANTÍA,Caldas,0,1,0.8308334374137145
32960000,4,0,0,CONTRATACIÓN DIRECTA,Distrito Capital de Bogotá,0,0,2.7918794254360607e-05
54833333,296,0,0,CONTRATACIÓN DIRECTA,Distrito Capital de Bogotá,0,0,2.7918862713382828e-05
5750000,75,0,0,CONTRATACIÓN DIRECTA,Tolima,0,0,4.477473274465059e-05
41210000,317,0,0,CONTRATACIÓN DIRECTA,Magdalena,0,0,3.820705671311794e-05
95700000,330,0,0,CONTRATACIÓN RÉGIMEN ESPECIAL,Distrito Capital de Bogotá,0,0,2.8082278433373125e-05
13500000,3,0,0,CONTRATACIÓN RÉGIMEN ESPECIAL,No Definido,0,0,5.012653750259732e-05
7620098,4,0,0,CONTRATACIÓN DIRECTA,Cundinamarca,0,0,4.369601457107572e-05
1650000,1,0,0,CONTRATACIÓN RÉGIMEN ESPECIAL,Atlántico,0,0,3.766428503769703e-05
3433896500,3,0,1,CONTRATACIÓN RÉGIMEN ESPECIAL (CON OFERTAS),Tolima,1,1,0.9729016593984188
5000000,17,0,0,CONTRATACIÓN RÉGIMEN ESPECIAL,Tolima,0,0,4.503673043082533e-05
5559031,70,0,0,CONTRATACIÓN DIRECTA,Meta,0,0,6.413244772212745e-05
1298928089,7,0,0,CONTRATACIÓN DIRECTA,OTRO,0,0,4.24026042441957e-05
40000000,0,0,0,CONTRATACIÓN DIRECTA,Distrito Capital de Bogotá,0,0,2.79187985837819e-05
4000000,30,0,1,MÍNIMA CUANTÍA,Valle del Cauca,1,1,0.9662511634983019
27250000,93,0,0,CONTRATACIÓN RÉGIMEN ESPECIAL,Antioquia,0,0,4.2795037553704564e-05
40900000,120,0,0,CONTRATACIÓN RÉGIMEN ESPECIAL,Norte de Santander,0,0,7.343618162298307e-05
47354355,210,0,0,CONTRATACIÓN DIRECTA,Distrito Capital de Bogotá,0,0,2.7918841806703384e-05
6180000,3,0,0,CONTRATACIÓN DIRECTA,Distrito Capital de Bogotá,0,0,2.791877485528016e-05
38302357,3,0,0,CONTRATACIÓN RÉGIMEN ESPECIAL,Antioquia,0,0,4.279502478446044e-05
768000,25,0,0,CONTRATACIÓN RÉGIMEN ESPECIAL,Valle del Cauca,0,0,4.428257330938488e-05
11221700,30,0,0,CONTRATACIÓN RÉGIMEN ESPECIAL,Antioquia,0,0,4.279500247355031e-05
15000000,10,0,0,CONTRATACIÓN RÉGIMEN ESPECIAL,No Definido,0,0,5.0126541706163203e-05
27132000,6,0,0,CONTRATACIÓN DIRECTA,Distrito Capital de Bogotá,0,0,2.7918790433337543e-05
12000000,6,0,0,CONTRATACIÓN DIRECTA,Santander,0,0,4.974822045373916e-05
15000000,155,0,0,CONTRATACIÓN RÉGIMEN ESPECIAL,No Definido,0,0,5.0126588746030193e-05
5393520,2,0,0,CONTRATACIÓN DIRECTA,Valle del Cauca,0,0,4.4024943987256375e-05
56000000,8,0,0,CONTRATACIÓN RÉGIMEN ESPECIAL,Distrito Capital de Bogotá,0,0,2.8082191253197937e-05
70000000,1,0,1,CONTRATACIÓN RÉGIMEN ESPECIAL (CON OFERTAS),Atlántico,1,1,0.9677654457246286
2020000000,286,0,0,CONTRATACIÓN RÉGIMEN ESPECIAL,Meta,0,0,6.451116488266758e-05
537683,4,0,0,CONTRATACIÓN RÉGIMEN ESPECIAL,Meta,0,0,6.450769862948933e-05
6000000,25,0,0,CONTRATACIÓN DIRECTA,Valle del Cauca,0,0,4.4024951226854355e-05
23100458,30,0,0,CONTRATACIÓN RÉGIMEN ESPECIAL,Tolima,0,0,4.503675517360062e-05
11977392,81,0,0,CONTRATACIÓN DIRECTA,Antioquia,0,0,4.254604338976578e-05
2737000,10,0,0,CONTRATACIÓN RÉGIMEN ESPECIAL,Distrito Capital de Bogotá,0,0,2.8082153169366452e-05
5000000,60,0,0,CONTRATACIÓN RÉGIMEN ESPECIAL,Nariño,0,0,2.407570940505469e-05
6132254,51,0,0,CONTRATACIÓN DIRECTA,Distrito Capital de Bogotá,0,0,2.791878349417742e-05
53963520,8,0,0,CONTRATACIÓN DIRECTA,Distrito Capital de Bogotá,0,0,2.7918810050092707e-05
58355000,330,0,0,CONTRATACIÓN DIRECTA,Distrito Capital de Bogotá,0,0,2.7918871384187e-05
6550566,60,0,0,CONTRATACIÓN RÉGIMEN ESPECIAL,Caldas,0,0,3.464536518735855e-05
8000000,4,0,0,CONTRATACIÓN DIRECTA,Santander,0,0,4.974821469490093e-05
20000000,4,0,0,CONTRATACIÓN DIRECTA,OTRO,0,0,4.240120950963866e-05
4750000,1,0,0,CONTRATACIÓN RÉGIMEN ESPECIAL,Magdalena,0,0,3.8430525918448354e-05
8400256,4,0,0,CONTRATACIÓN RÉGIMEN ESPECIAL,Distrito Capital de Bogotá,0,0,2.8082156166835563e-05
27519212,210,0,0,CONTRATACIÓN DIRECTA,Bolívar,0,0,3.46018221247607e-05
13200000,11,1,1,CONTRATACIÓN DIRECTA (CON OFERTAS),Distrito Capital de Bogotá,1,1,0.9790916855660293
10056665,150,0,0,CONTRATACIÓN DIRECTA,Antioquia,0,0,4.254606028872086e-05
6000000,3,0,0,CONTRATACIÓN RÉGIMEN ESPECIAL,Nariño,0,0,2.407570114222798e-05
94655255,3,0,0,CONTRATACIÓN RÉGIMEN ESPECIAL,OTRO,0,0,4.2649417602684805e-05
3120000,194,0,0,CONTRATACIÓN RÉGIMEN ESPECIAL,OTRO,0,0,4.264936997610823e-05
36000000,4,0,0,CONTRATACIÓN DIRECTA,Valle del Cauca,0,0,4.402497919211567e-05
1499999,10,0,0,CONTRATACIÓN RÉGIMEN ESPECIAL,Distrito Capital de Bogotá,0,0,2.808215227645113e-05
39858000,9,0,1,MÍNIMA CUANTÍA,No Definido,1,1,0.9700681630221424
2216968,10,0,0,CONTRATACIÓN RÉGIMEN ESPECIAL,Cundinamarca,0,0,4.395171340343019e-05
57500000,345,0,0,CONTRATACIÓN DIRECTA,Distrito Capital de Bogotá,0,0,2.7918873480975263e-05
40800000,151,0,0,CONTRATACIÓN DIRECTA,Distrito Capital de Bogotá,0,0,2.7918826442247874e-05
10000000,53,0,0,CONTRATACIÓN DIRECTA,Santander,0,0,4.974823302861248e-05
58344000,311,0,0,CONTRATACIÓN DIRECTA,Distrito Capital de Bogotá,0,0,2.7918867943155318e-05
24440000,149,0,0,CONTRATACIÓN RÉGIMEN ESPECIAL,Distrito Capital de Bogotá,0,0,2.8082194098464098e-05
48056000,8,0,0,CONTRATACIÓN DIRECTA,Valle del Cauca,0,0,4.402499397467844e-05
2123640,1,0,0,CONTRATACIÓN DIRECTA,Antioquia,0,0,4.2546010585228375e-05
27500000,11,0,0,CONTRATACIÓN DIRECTA,Antioquia,0,0,4.2546041090621556e-05
59994583,140,0,0,CONTRATACIÓN DIRECTA,Distrito Capital de Bogotá,0,0,2.791883822946174e-05
34306667,6,0,0,CONTRATACIÓN DIRECTA,Distrito Capital de Bogotá,0,0,2.7918795582164543e-05
36000,90,0,0,CONTRATACIÓN RÉGIMEN ESPECIAL,Antioquia,0,0,4.279500678712905e-05
11063800,107,0,0,CONTRATACIÓN DIRECTA,Distrito Capital de Bogotá,0,0,2.7918797151943707e-05
8000000,119,0,0,CONTRATACIÓN RÉGIMEN ESPECIAL,No Definido,0,0,5.012656804799783e-05
8100000,5,0,0,CONTRATACIÓN RÉGIMEN ESPECIAL,OTRO,0,0,4.264932326710603e-05
10000000,0,0,0,CONTRATACIÓN RÉGIMEN ESPECIAL,OTRO,0,0,4.264932396989424e-05
12291090,6,0,0,CONTRATACIÓN DIRECTA,Boyacá,0,0,5.375772376998188e-05
215000000,12,0,0,CONTRATACIÓN RÉGIMEN ESPECIAL,Distrito Capital de Bogotá,0,0,2.8082306752960116e-05
8000000,6,0,3,MÍNIMA CUANTÍA,Antioquia,1,1,0.9982655049764365
42288588,0,0,0,CONTRATACIÓN DIRECTA,Distrito Capital de Bogotá,0,0,2.791880022616426e-05
6540000,60,0,0,CONTRATACIÓN RÉGIMEN ESPECIAL,Nariño,0,0,2.4075710358095326e-05
26867750,5,0,0,CONTRATACIÓN DIRECTA,Distrito Capital de Bogotá,0,0,2.791879006301029e-05
78000000,240,7,2,SELECCIÓN ABREVIADA DE MENOR CUANTÍA,Caldas,1,1,0.9426413340858434
22309536,6,0,0,CONTRATACIÓN DIRECTA,Distrito Capital de Bogotá,0,0,2.7918786972545696e-05
44924880,8,0,0,CONTRATACIÓN DIRECTA,Boyacá,0,0,5.375776955861214e-05
12000000,6,0,0,CONTRATACIÓN DIRECTA,Valle del Cauca,0,0,4.4024952603004105e-05
9000000,3,0,0,CONTRATACIÓN DIRECTA,Norte de Santander,0,0,7.300884043804926e-05
10440000,87,0,0,CONTRATACIÓN RÉGIMEN ESPECIAL,OTRO,0,0,4.264934846627358e-05
6186667,104,0,0,CONTRATACIÓN RÉGIMEN ESPECIAL,No Definido,0,0,5.012656084541238e-05
3569187,3,0,0,CONTRATACIÓN RÉGIMEN ESPECIAL,No Definido,0,0,5.0126524707231014e-05
8521333,166,0,0,CONTRATACIÓN DIRECTA,OTRO,0,0,4.2401241454817426e-05
49999500,1,0,1,SELECCIÓN ABREVIADA SUBASTA INVERSA,OTRO,1,1,0.86542792058179
20420000,20,0,7,MÍNIMA CUANTÍA,No Definido,1,1,0.9999965716694363
27945084,0,0,10,MÍNIMA CUANTÍA,Distrito Capital de Bogotá,1,1,0.9999999354929269
15000000,45,0,0,CONTRATACIÓN DIRECTA,Distrito Capital de Bogotá,0,0,2.7918788773878332e-05
20149400,6,0,0,CONTRATACIÓN RÉGIMEN ESPECIAL,Distrito Capital de Bogotá,0,0,2.8082165011322772e-05
16000000,0,0,0,CONTRATACIÓN DIRECTA,OTRO,0,0,4.240120405241718e-05
25437566,11,0,0,CONTRATACIÓN DIRECTA,Valle del Cauca,0,0,4.4024969233896325e-05
40330400,8,0,0,CONTRATACIÓN DIRECTA,Boyacá,0,0,5.375776321003695e-05
2940000,9,0,0,CONTRATACIÓN RÉGIMEN ESPECIAL,Distrito Capital de Bogotá,0,0,2.8082153134151535e-05
10000000,120,0,0,CONTRATACIÓN DIRECTA,OTRO,0,0,4.240123044318897e-05
400000,15,0,0,CONTRATACIÓN RÉGIMEN ESPECIAL,Magdalena,0,0,3.843052510347988e-05
71997518,84,0,0,CONTRATACIÓN RÉGIMEN ESPECIAL,Antioquia,0,0,4.279508428377784e-05
15000000,0,0,0,CONTRATACIÓN DIRECTA,Valle del Cauca,0,0,4.402495428831905e-05
7964160,0,0,0,CONTRATACIÓN RÉGIMEN ESPECIAL,Antioquia,0,0,4.279499058124801e-05
2000000,69,0,0,CONTRATACIÓN RÉGIMEN ESPECIAL,Caldas,0,0,3.46453631529252e-05
142500000,19,0,0,CONTRATACIÓN RÉGIMEN ESPECIAL,Valle del Cauca,0,0,4.428273291581959e-05
39000000,163,0,0,CONTRATACIÓN DIRECTA,Distrito Capital de Bogotá,0,0,2.7918827318788695e-05
20000000,15,0,0,CONTRATACIÓN RÉGIMEN ESPECIAL,No Definido,0,0,5.012654977048399e-05
28050000,165,0,0,CONTRATACIÓN DIRECTA,Distrito Capital de Bogotá,0,0,2.791881982200595e-05
7500000,148,0,0,CONTRATACIÓN DIRECTA,Atlántico,0,0,3.744520085208311e-05
7500000,3,0,0,CONTRATACIÓN RÉGIMEN ESPECIAL,OTRO,0,0,4.2649322057300524e-05
38632000,330,0,0,CONTRATACIÓN DIRECTA,Distrito Capital de Bogotá,0,0,2.791885723013994e-05
29333333,88,0,0,CONTRATACIÓN DIRECTA,Distrito Capital de Bogotá,0,0,2.791880682976369e-05
7763333,275,0,0,CONTRATACIÓN DIRECTA,No Definido,0,0,4.98349924455809e-05
192000000,60,105,5,SELECCIÓN ABREVIADA DE MENOR CUANTÍA,Distrito Capital de Bogotá,1,1,0.9992108274004358
6100000,8,0,0,CONTRATACIÓN RÉGIMEN ESPECIAL,Antioquia,0,0,4.27949907463815e-05
1900000,38,0,0,CONTRATACIÓN DIRECTA,OTRO,0,0,4.240119911286077e-05
42954014,4,0,0,CONTRATACIÓN DIRECTA,OTRO,0,0,4.240123452695026e-05
1000000,256,0,0,CONTRATACIÓN RÉGIMEN ESPECIAL,OTRO,0,0,4.264938476548074e-05
2342824019,137,0,0,CONTRATACIÓN RÉGIMEN ESPECIAL,OTRO,0,0,4.2651919258041726e-05
40480000,11,0,0,CONTRATACIÓN RÉGIMEN ESPECIAL,Distrito Capital de Bogotá,0,0,2.8082180595491344e-05
8800000,0,0,0,CONTRATACIÓN DIRECTA,Norte de Santander,0,0,7.300883864525451e-05
319300000,316,0,0,CONTRATACIÓN DIRECTA,Bolívar,0,0,3.4602105378911785e-05
42000000,8,0,0,CONTRATACIÓN RÉGIMEN ESPECIAL,No Definido,0,0,5.0126575845534695e-05
3180000,59,0,0,CONTRATACIÓN RÉGIMEN ESPECIAL,No Definido,0,0,5.0126542372892184e-05
39100000,345,0,0,CONTRATACIÓN DIRECTA,Magdalena,0,0,3.8207061564598236e-05
92950639,209,0,0,CONTRATACIÓN DIRECTA,Distrito Capital de Bogotá,0,0,2.7918874347799016e-05
107000000,0,0,0,SELECCIÓN ABREVIADA DE MENOR CUANTÍA,Norte de Santander,0,1,0.6260991219255284
143376000,316,0,0,CONTRATACIÓN DIRECTA,Distrito Capital de Bogotá,0,0,2.7918929869197344e-05
23614778,162,0,0,CONTRATACIÓN DIRECTA,OTRO,0,0,4.2401256807326424e-05
1920000,30,0,0,CONTRATACIÓN RÉGIMEN ESPECIAL,Tolima,0,0,4.5036730654485144e-05
47174400,169,0,0,CONTRATACIÓN RÉGIMEN ESPECIAL,Distrito Capital de Bogotá,0,0,2.8082214144037355e-05
16640000,255,0,0,CONTRATACIÓN RÉGIMEN ESPECIAL,Santander,0,0,5.0039425216456826e-05
79906295,2,0,0,CONTRATACIÓN DIRECTA,Antioquia,0,0,4.254609592454432e-05
65226000,6,0,0,CONTRATACIÓN DIRECTA,Distrito Capital de Bogotá,0,0,2.7918817771121124e-05
22152000,225,0,0,CONTRATACIÓN DIRECTA,Distrito Capital de Bogotá,0,0,2.791882643083066e-05
1237200,30,0,0,CONTRATACIÓN RÉGIMEN ESPECIAL,Antioquia,0,0,4.279499149050508e-05
1000000,5,0,0,MÍNIMA CUANTÍA,No Definido,0,1,0.8766351007628671
125498590,2,0,1,CONTRATACIÓN RÉGIMEN ESPECIAL (CON OFERTAS),Distrito Capital de Bogotá,1,1,0.9572364561027373
781000,30,0,0,CONTRATACIÓN RÉGIMEN ESPECIAL,No Definido,0,0,5.012652987392993e-05
15945588,120,0,0,CONTRATACIÓN DIRECTA,OTRO,0,0,4.240123692321763e-05
102194363,0,0,0,CONTRATACIÓN RÉGIMEN ESPECIAL,Antioquia,0,0,4.2795094235480346e-05
1885285979,45,0,0,CONTRATACIÓN DIRECTA,Valle del Cauca,0,0,4.402708362041669e-05
20400000,102,0,0,CONTRATACIÓN RÉGIMEN ESPECIAL,Distrito Capital de Bogotá,0,0,2.8082182640055562e-05
240000000,84,0,0,SELECCIÓN ABREVIADA DE MENOR CUANTÍA,Distrito Capital de Bogotá,0,0,0.39035881056647165
6233333,110,0,0,CONTRATACIÓN DIRECTA,Tolima,0,0,4.4774743443148476e-05
1300075,0,0,0,CONTRATACIÓN RÉGIMEN ESPECIAL,Distrito Capital de Bogotá,0,0,2.808215031465634e-05
12600000,7,0,0,CONTRATACIÓN DIRECTA,Antioquia,0,0,4.254602369440804e-05
9240000000,27,0,0,CONTRATACIÓN RÉGIMEN ESPECIAL,Antioquia,0,0,4.2805154592063246e-05
17270010,9,0,0,CONTRATACIÓN DIRECTA,Valle del Cauca,0,0,4.402495942144701e-05
7500000,12,0,0,CONTRATACIÓN RÉGIMEN ESPECIAL,No Definido,0,0,5.012653269160466e-05
14000000,105,0,0,CONTRATACIÓN DIRECTA,OTRO,0,0,4.2401230686479186e-05
16800000,153,0,0,CONTRATACIÓN RÉGIMEN ESPECIAL,Atlántico,0,0,3.766433675672234e-05
542640,0,0,0,CONTRATACIÓN RÉGIMEN ESPECIAL,Distrito Capital de Bogotá,0,0,2.808214976791042e-05
53968664,20,0,0,CONTRATACIÓN DIRECTA,Antioquia,0,0,4.2546072515237754e-05
8000000,54,0,0,CONTRATACIÓN DIRECTA,Valle del Cauca,0,0,4.402496175294799e-05
42000000,300,0,0,CONTRATACIÓN DIRECTA,Distrito Capital de Bogotá,0,0,2.7918854226415494e-05
5000000,14,0,0,CONTRATACIÓN DIRECTA,Nariño,0,0,2.393563134176447e-05
64236000,69,0,6,MÍNIMA CUANTÍA,Distrito Capital de Bogotá,1,1,0.9999720900283435
2200000,30,0,0,CONTRATACIÓN DIRECTA,Antioquia,0,0,4.2546018654019426e-05
1125000000,3,0,1,CONTRATACIÓN RÉGIMEN ESPECIAL (CON OFERTAS),OTRO,1,1,0.9714263861083995
139300000,7,0,0,CONTRATACIÓN DIRECTA,Distrito Capital de Bogotá,0,0,2.7918871110365173e-05
32900000,280,0,0,CONTRATACIÓN DIRECTA,OTRO,0,0,4.240129930850704e-05
29624400,111,0,0,CONTRATACIÓN RÉGIMEN ESPECIAL,Cundinamarca,0,0,4.395177309638903e-05
28059728,123,0,0,CONTRATACIÓN RÉGIMEN ESPECIAL,OTRO,0,0,4.2649377719030754e-05
12634000,24,0,0,CONTRATACIÓN RÉGIMEN ESPECIAL,No Definido,0,0,5.012654319946559e-05
9095730,3,0,0,CONTRATACIÓN DIRECTA,OTRO,0,0,4.2401197350789976e-05
25270000,5,0,0,CONTRATACIÓN DIRECTA,Valle del Cauca,0,0,4.4024967334719654e-05
19359600,152,0,0,CONTRATACIÓN DIRECTA,OTRO,0,0,4.2401249425476864e-05
91557500,360,2622,1,CONTRATACIÓN DIRECTA (CON OFERTAS),Distrito Capital de Bogotá,1,1,0.9801138193845593
26837896278,4,0,0,SELECCIÓN ABREVIADA DE MENOR CUANTÍA,Distrito Capital de Bogotá,0,0,0.39052140703528665
37500000,225,0,0,CONTRATACIÓN DIRECTA,Distrito Capital de Bogotá,0,0,2.791883744518259e-05
7000000,95,0,0,CONTRATACIÓN DIRECTA,Caldas,0,0,3.4443810987006414e-05
80000000,4,0,0,SELECCIÓN ABREVIADA SUBASTA INVERSA,Boyacá,1,1,0.6412856300869157
613100,8,0,0,CONTRATACIÓN RÉGIMEN ESPECIAL,Santander,0,0,5.003932461187468e-05
12500000,80,0,0,CONTRATACIÓN DIRECTA,Distrito Capital de Bogotá,0,0,2.791879330396189e-05
2800000,1,0,0,CONTRATACIÓN RÉGIMEN ESPECIAL,OTRO,0,0,4.2649316352807995e-05
3600000,2,0,0,CONTRATACIÓN DIRECTA,Atlántico,0,0,3.7445161716156984e-05
8000000,4,0,0,CONTRATACIÓN RÉGIMEN ESPECIAL,Meta,0,0,6.450771100261164e-05
10600000,135,0,0,CONTRATACIÓN DIRECTA,Caldas,0,0,3.444382309107438e-05
3579029,1,0,0,CONTRATACIÓN DIRECTA,Valle del Cauca,0,0,4.4024941649011225e-05
15000000,6,0,0,CONTRATACIÓN DIRECTA,OTRO,0,0,4.2401204609033875e-05
13500000,3,0,0,CONTRATACIÓN DIRECTA,Bolívar,0,0,3.460176329984384e-05
49999992,40,0,0,CONTRATACIÓN RÉGIMEN ESPECIAL,Valle del Cauca,0,0,4.4282633646376885e-05
12000000,46,0,0,CONTRATACIÓN RÉGIMEN ESPECIAL,OTRO,0,0,4.2649338859493116e-05
159762277,1,0,0,SELECCIÓN ABREVIADA SUBASTA INVERSA,Distrito Capital de Bogotá,0,0,0.481442758486388
12546672,180,0,0,CONTRATACIÓN RÉGIMEN ESPECIAL,Nariño,0,0,2.407573277366638e-05
39447944,330,0,0,CONTRATACIÓN DIRECTA,Antioquia,0,0,4.2546141995306954e-05
9000000,1,0,0,CONTRATACIÓN RÉGIMEN ESPECIAL,No Definido,0,0,5.0126531055742005e-05
775047585,6,19,1,SELECCIÓN ABREVIADA DE MENOR CUANTÍA,Atlántico,1,1,0.7966790315665796
800000,344,0,0,CONTRATACIÓN RÉGIMEN ESPECIAL,No Definido,0,0,5.012663176408517e-05
13680000,114,0,0,CONTRATACIÓN DIRECTA,OTRO,0,0,4.2401232807473247e-05
21989590,9,0,0,CONTRATACIÓN RÉGIMEN ESPECIAL,Meta,0,0,6.450773628588447e-05
1643832,0,0,0,CONTRATACIÓN RÉGIMEN ESPECIAL,Bolívar,0,0,3.480423875796667e-05
15000000,157,0,0,CONTRATACIÓN DIRECTA,Magdalena,0,0,3.820699140884875e-05
7528215,149,0,0,CONTRATACIÓN DIRECTA,Antioquia,0,0,4.254605724822513e-05
9600000,176,0,0,CONTRATACIÓN RÉGIMEN ESPECIAL,OTRO,0,0,4.264937211149275e-05
300000000,35,19,2,SELECCIÓN ABREVIADA DE MENOR CUANTÍA,Distrito Capital de Bogotá,0,1,0.9301869544346552
28000000,8,0,0,CONTRATACIÓN DIRECTA,Valle del Cauca,0,0,4.402497127882956e-05
1100000,1,0,0,CONTRATACIÓN RÉGIMEN ESPECIAL,Magdalena,0,0,3.843052231287347e-05
31451900,0,0,1,MÍNIMA CUANTÍA,OTRO,1,1,0.9650039456068685
161761600,195,0,0,SELECCIÓN ABREVIADA DE MENOR CUANTÍA,Meta,0,1,0.5952908195554805
39690000,0,0,0,CONTRATACIÓN DIRECTA,Nariño,0,0,2.393565051626116e-05
4886645,1,0,0,CONTRATACIÓN DIRECTA,OTRO,0,0,4.240119221452563e-05
84759772,11,0,0,CONTRATACIÓN DIRECTA,Distrito Capital de Bogotá,0,0,2.7918832692806522e-05
107917436,10,0,0,CONTRATACIÓN RÉGIMEN ESPECIAL,Distrito Capital de Bogotá,0,0,2.808222909279281e-05
28598000,79,0,1,MÍNIMA CUANTÍA,No Definido,1,1,0.9700681677727885
10283051,1,0,0,CONTRATACIÓN RÉGIMEN ESPECIAL,Santander,0,0,5.003933478252134e-05
448227,1,0,0,CONTRATACIÓN RÉGIMEN ESPECIAL,Distrito Capital de Bogotá,0,0,2.8082149881507626e-05
24333333,146,0,0,CONTRATACIÓN DIRECTA,Distrito Capital de Bogotá,0,0,2.791881372164421e-05
23488000,4,0,0,CONTRATACIÓN DIRECTA,Distrito Capital de Bogotá,0,0,2.791878745687643e-05
17712000,171,0,0,CONTRATACIÓN RÉGIMEN ESPECIAL,Santander,0,0,5.0039399391971636e-05
554941866,256,3,2,SELECCIÓN ABREVIADA DE MENOR CUANTÍA,Antioquia,1,1,0.9530489998541749
13458544,15,0,0,MÍNIMA CUANTÍA,Antioquia,0,1,0.8584903970821904
43050000,2,0,10,MÍNIMA CUANTÍA,Distrito Capital de Bogotá,1,1,0.9999999354929526
9712566,3,0,0,CONTRATACIÓN DIRECTA,OTRO,0,0,4.240119802307196e-05
100000000,10,0,0,CONTRATACIÓN DIRECTA,Santander,0,0,4.974833426974089e-05
11275000,122,0,0,CONTRATACIÓN DIRECTA,Antioquia,0,0,4.254605391116934e-05
10080000,30,0,0,CONTRATACIÓN RÉGIMEN ESPECIAL,Magdalena,0,0,3.843053839647162e-05
883740,13,0,0,CONTRATACIÓN RÉGIMEN ESPECIAL,Distrito Capital de Bogotá,0,0,2.808215237685602e-05
12985000,120,0,0,CONTRATACIÓN RÉGIMEN ESPECIAL,Antioquia,0,0,4.2795029340141034e-05
18918900,180,0,0,CONTRATACIÓN DIRECTA,Distrito Capital de Bogotá,0,0,2.7918815979525616e-05
1742186146,60,0,0,CONTRATACIÓN RÉGIMEN ESPECIAL,No Definido,0,0,5.012878337216711e-05
17500000,102,0,0,CONTRATACIÓN DIRECTA,Caldas,0,0,3.444382184369023e-05
8867000,133,0,0,CONTRATACIÓN RÉGIMEN ESPECIAL,Cundinamarca,0,0,4.395175590382902e-05
41996900,11,0,0,CONTRATACIÓN DIRECTA,OTRO,0,0,4.2401235404725934e-05
2858229209,2,0,1,LICITACIÓN PÚBLICA,Atlántico,1,1,0.8723562960307032
21240000,1,0,2,MÍNIMA CUANTÍA,Distrito Capital de Bogotá,0,1,0.9880677141871406
182595,3,0,0,CONTRATACIÓN RÉGIMEN ESPECIAL,Antioquia,0,0,4.279498285235191e-05
35486000,0,0,0,CONTRATACIÓN DIRECTA,OTRO,0,0,4.240122528997719e-05
14500000,5,0,0,CONTRATACIÓN DIRECTA,Meta,0,0,6.413243548240056e-05
45696000,60,0,0,MÍNIMA CUANTÍA,Distrito Capital de Bogotá,1,1,0.7992330172602611
19678425,180,0,0,CONTRATACIÓN DIRECTA,Distrito Capital de Bogotá,0,0,2.791881652459147e-05
32814505,0,0,0,CONTRATACIÓN RÉGIMEN ESPECIAL,Atlántico,0,0,3.7664314965359726e-05
28935672,60,0,0,CONTRATACIÓN RÉGIMEN ESPECIAL,Antioquia,0,0,4.2795030268078496e-05
19392000,6,0,0,CONTRATACIÓN DIRECTA,OTRO,0,0,4.240120939582166e-05
19220000,4,0,0,CONTRATACIÓN DIRECTA,Valle del Cauca,0,0,4.4024960203472205e-05
10000000,5,0,0,CONTRATACIÓN DIRECTA,Distrito Capital de Bogotá,0,0,2.79187779580445e-05
7343500,8,0,0,CONTRATACIÓN RÉGIMEN ESPECIAL,Cundinamarca,0,0,4.395171862617862e-05
2000000,1,0,0,CONTRATACIÓN RÉGIMEN ESPECIAL,Atlántico,0,0,3.7664285376543906e-05
17730800,5,0,0,CONTRATACIÓN RÉGIMEN ESPECIAL,Distrito Capital de Bogotá,0,0,2.8082163083734396e-05
7840000,5,0,0,CONTRATACIÓN DIRECTA,Antioquia,0,0,4.254601793811472e-05
27604080,167,0,0,CONTRATACIÓN RÉGIMEN ESPECIAL,Distrito Capital de Bogotá,0,0,2.808219965389617e-05
51308640,340,0,0,CONTRATACIÓN DIRECTA,Caldas,0,0,3.444390483137343e-05
8696000,10,0,1,MÍNIMA CUANTÍA,OTRO,1,1,0.9650039280381949
9800000,7,0,0,CONTRATACIÓN RÉGIMEN ESPECIAL,Magdalena,0,0,3.843053239930714e-05
8000000,2,0,0,CONTRATACIÓN DIRECTA,Meta,0,0,6.413242352241808e-05
7500000,30,0,0,CONTRATACIÓN RÉGIMEN ESPECIAL,Magdalena,0,0,3.8430535847872655e-05
287000000,3,12,0,SELECCIÓN ABREVIADA DE MENOR CUANTÍA,Distrito Capital de Bogotá,0,0,0.3904147179075226
666400,1,0,0,CONTRATACIÓN RÉGIMEN ESPECIAL,Valle del Cauca,0,0,4.428256631550868e-05
37326320,283,0,0,CONTRATACIÓN DIRECTA,Boyacá,0,0,5.3757854735002814e-05
4665381,3,0,0,CONTRATACIÓN DIRECTA,Antioquia,0,0,4.2546013915610555e-05
7260000,115,0,0,CONTRATACIÓN DIRECTA,Norte de Santander,0,0,7.300889009207561e-05
4100000,14,0,0,CONTRATACIÓN RÉGIMEN ESPECIAL,Cundinamarca,0,0,4.3951716668575206e-05
6000000,1,0,0,CONTRATACIÓN RÉGIMEN ESPECIAL,OTRO,0,0,4.2649319860856414e-05
13715625,5,0,0,CONTRATACIÓN DIRECTA,Antioquia,0,0,4.254602436375755e-05
23925000,365,0,0,CONTRATACIÓN RÉGIMEN ESPECIAL,Distrito Capital de Bogotá,0,0,2.808223298441151e-05
26250000,3,0,0,CONTRATACIÓN DIRECTA,Distrito Capital de Bogotá,0,0,2.791878925830645e-05
24640000,122,0,0,CONTRATACIÓN RÉGIMEN ESPECIAL,OTRO,0,0,4.264937369407356e-05
4000000,2,0,0,CONTRATACIÓN DIRECTA,OTRO,0,0,4.240119152259962e-05
65779990,12,0,0,CONTRATACIÓN DIRECTA,Distrito Capital de Bogotá,0,0,2.7918819252833564e-05
12000000,60,0,0,CONTRATACIÓN RÉGIMEN ESPECIAL,OTRO,0,0,4.264934272381899e-05
120000000,6,0,0,CONTRATACIÓN DIRECTA,Cundinamarca,0,0,4.369614135841174e-05
60000000,6,0,0,CONTRATACIÓN RÉGIMEN ESPECIAL,Cundinamarca,0,0,4.3951777545510636e-05
7500000,59,0,0,CONTRATACIÓN RÉGIMEN ESPECIAL,Cundinamarca,0,0,4.39517333100271e-05
18040000,4,0,0,CONTRATACIÓN DIRECTA,OTRO,0,0,4.240120737345819e-05
11200000,120,0,0,CONTRATACIÓN RÉGIMEN ESPECIAL,No Definido,0,0,5.0126572495457264e-05
1389650,56,0,1,MÍNIMA CUANTÍA,Boyacá,1,1,0.9721916998721775
4930250,37,0,0,CONTRATACIÓN DIRECTA,Caldas,0,0,3.444379622520903e-05
55750000,5,0,0,CONTRATACIÓN DIRECTA,Distrito Capital de Bogotá,0,0,2.7918810790069567e-05
12150000,135,0,0,CONTRATACIÓN RÉGIMEN ESPECIAL,Distrito Capital de Bogotá,0,0,2.808218268257572e-05
4200000,60,0,0,CONTRATACIÓN RÉGIMEN ESPECIAL,OTRO,0,0,4.264933417294676e-05
32640000,8,0,0,CONTRATACIÓN DIRECTA,Cundinamarca,0,0,4.369604380383745e-05
8565480,4,0,0,CONTRATACIÓN RÉGIMEN ESPECIAL,OTRO,0,0,4.2649323501372396e-05
109800000,3,3,0,CONTRATACIÓN DIRECTA (CON OFERTAS),Meta,0,1,0.9593285908954431
3751400,15,0,0,CONTRATACIÓN RÉGIMEN ESPECIAL,Bolívar,0,0,3.4804244022223666e-05
18000000,5,0,0,CONTRATACIÓN RÉGIMEN ESPECIAL,OTRO,0,0,4.2649334120133685e-05
128520000,6,0,0,CONTRATACIÓN DIRECTA,OTRO,0,0,4.240132833328499e-05
9435493,4,0,0,CONTRATACIÓN RÉGIMEN ESPECIAL,Santander,0,0,5.0039334663929015e-05
4100000,1,0,0,CONTRATACIÓN RÉGIMEN ESPECIAL,Nariño,0,0,2.4075699654761135e-05
13050000,135,0,0,CONTRATACIÓN DIRECTA,OTRO,0,0,4.2401237883613486e-05
17451260,149,0,0,CONTRATACIÓN RÉGIMEN ESPECIAL,Cundinamarca,0,0,4.395177015306079e-05
250000012,2,0,0,SELECCIÓN ABREVIADA SUBASTA INVERSA,Distrito Capital de Bogotá,0,0,0.48144333919959487
201000000,8,0,0,CONTRATACIÓN RÉGIMEN ESPECIAL,Boyacá,0,0,5.407256657254252e-05
7700000,70,0,0,CONTRATACIÓN DIRECTA,OTRO,0,0,4.2401214215568796e-05
486880000,2,0,0,CONTRATACIÓN DIRECTA,Valle del Cauca,0,0,4.402548885175736e-05
96000000,234,0,0,CONTRATACIÓN RÉGIMEN ESPECIAL,Atlántico,0,0,3.766443317786839e-05
13500000,132,0,0,CONTRATACIÓN RÉGIMEN ESPECIAL,No Definido,0,0,5.0126579351852626e-05
4641000,60,0,0,CONTRATACIÓN RÉGIMEN ESPECIAL,Antioquia,0,0,4.2795003543695074e-05
1500000,90,0,0,CONTRATACIÓN RÉGIMEN ESPECIAL,OTRO,0,0,4.2649339493727135e-05
50779000,5,0,0,CONTRATACIÓN RÉGIMEN ESPECIAL,OTRO,0,0,4.264937005463753e-05
1608760022,8,0,0,CONTRATACIÓN RÉGIMEN ESPECIAL,Santander,0,0,5.004139306862194e-05
19483333,165,0,0,CONTRATACIÓN DIRECTA,Distrito Capital de Bogotá,0,0,2.791881367421906e-05
43810912,60,0,4,MÍNIMA CUANTÍA,No Definido,1,1,0.9996748631896613
4220253,8,0,2,MÍNIMA CUANTÍA,Meta,1,1,0.9947704660597732
5000000,102,0,0,CONTRATACIÓN RÉGIMEN ESPECIAL,Santander,0,0,5.003936069610012e-05
16250000,15,0,0,CONTRATACIÓN RÉGIMEN ESPECIAL,Antioquia,0,0,4.279500385023986e-05
9064000,5,0,0,CONTRATACIÓN DIRECTA,Distrito Capital de Bogotá,0,0,2.7918777286333933e-05
94426108,45,0,0,SELECCIÓN ABREVIADA DE MENOR CUANTÍA,No Definido,0,1,0.5333578494331844
7470120,0,0,0,CONTRATACIÓN RÉGIMEN ESPECIAL,Distrito Capital de Bogotá,0,0,2.808215476843436e-05
8250000,45,0,0,CONTRATACIÓN RÉGIMEN ESPECIAL,Norte de Santander,0,0,7.343608434988495e-05
5400000,54,0,0,CONTRATACIÓN DIRECTA,OTRO,0,0,4.240120731814689e-05
240000429,27,0,6,CONTRATACIÓN RÉGIMEN ESPECIAL (CON OFERTAS),OTRO,1,1,0.9999850942896927
263000000,270,10,6,SELECCIÓN ABREVIADA DE MENOR CUANTÍA,No Definido,1,1,0.9999028173689671
28442640,0,0,0,CONTRATACIÓN RÉGIMEN ESPECIAL,Cundinamarca,0,0,4.395174018712874e-05
28555000,60,0,2,MÍNIMA CUANTÍA,Antioquia,1,1,0.992137877064064
10390000,120,0,0,CONTRATACIÓN RÉGIMEN ESPECIAL,Distrito Capital de Bogotá,0,0,2.8082178685912448e-05
7000000,285,0,0,CONTRATACIÓN RÉGIMEN ESPECIAL,Cundinamarca,0,0,4.395179703132997e-05
8000000,9,0,1,MÍNIMA CUANTÍA,Distrito Capital de Bogotá,1,1,0.9477972142043232
33000000,6,0,0,CONTRATACIÓN DIRECTA,Santander,0,0,4.974824730702239e-05
7500000,149,0,0,CONTRATACIÓN RÉGIMEN ESPECIAL,Cundinamarca,0,0,4.395175891070474e-05
49260000,10,0,0,CONTRATACIÓN DIRECTA,Distrito Capital de Bogotá,0,0,2.7918807036039524e-05
61600000,10,0,0,CONTRATACIÓN DIRECTA,Valle del Cauca,0,0,4.402500987125135e-05
11400000,80,0,0,CONTRATACIÓN RÉGIMEN ESPECIAL,Distrito Capital de Bogotá,0,0,2.8082172145036568e-05
2756025,4,0,0,CONTRATACIÓN RÉGIMEN ESPECIAL,Distrito Capital de Bogotá,0,0,2.8082152092610292e-05
19650000,150,0,0,CONTRATACIÓN DIRECTA,Distrito Capital de Bogotá,0,0,2.7918811083459757e-05
2900000,17,0,0,CONTRATACIÓN RÉGIMEN ESPECIAL,Magdalena,0,0,3.8430528070492813e-05
17522984,8,0,0,CONTRATACIÓN DIRECTA,Distrito Capital de Bogotá,0,0,2.7918783898907974e-05
17346858,155,0,0,CONTRATACIÓN DIRECTA,No Definido,0,0,4.983496601856441e-05
4000000,2,0,0,CONTRATACIÓN RÉGIMEN ESPECIAL,Nariño,0,0,2.40756997486944e-05
5000000,7,0,1,MÍNIMA CUANTÍA,Valle del Cauca,1,1,0.9662511594822244
11096809,15,0,0,CONTRATACIÓN RÉGIMEN ESPECIAL,Distrito Capital de Bogotá,0,0,2.8082160112543114e-05
506817924,76,0,0,CONTRATACIÓN RÉGIMEN ESPECIAL,OTRO,0,0,4.264988959565454e-05
524800,1,0,0,CONTRATACIÓN RÉGIMEN ESPECIAL,No Definido,0,0,5.012652013586299e-05
6800000,30,0,0,CONTRATACIÓN RÉGIMEN ESPECIAL,Nariño,0,0,2.4075705844427085e-05
690000000,224,0,0,SELECCIÓN ABREVIADA DE MENOR CUANTÍA,OTRO,0,0,0.49302541729900046
3560000,29,0,0,CONTRATACIÓN RÉGIMEN ESPECIAL,No Definido,0,0,5.01265331301227e-05
6050000,55,0,0,CONTRATACIÓN DIRECTA,Santander,0,0,4.974822862156707e-05
68353050,5,0,0,SELECCIÓN ABREVIADA DE MENOR CUANTÍA,Boyacá,0,1,0.552160652302575
7497000,119,0,0,CONTRATACIÓN DIRECTA,Antioquia,0,0,4.2546048953442966e-05
13500000,135,0,0,CONTRATACIÓN DIRECTA,Caldas,0,0,3.44438256586098e-05
49068000,7,0,3,MÍNIMA CUANTÍA,Distrito Capital de Bogotá,1,1,0.9973591301934691
400000000,3,0,1,SELECCIÓN ABREVIADA SUBASTA INVERSA,Antioquia,1,1,0.8658255895553315
7640000,0,0,0,CONTRATACIÓN DIRECTA,Atlántico,0,0,3.744516511997689e-05
11986233,10,0,1,MÍNIMA CUANTÍA,Meta,0,1,0.9765851534449217
9996000,2,0,0,CONTRATACIÓN DIRECTA,OTRO,0,0,4.240119805756577e-05
560000,10,0,0,CONTRATACIÓN RÉGIMEN ESPECIAL,No Definido,0,0,5.0126523100929734e-05
821175,30,0,0,CONTRATACIÓN RÉGIMEN ESPECIAL,Antioquia,0,0,4.279499103287365e-05
28737000,270,0,0,CONTRATACIÓN DIRECTA,Norte de Santander,0,0,7.300900363188913e-05
8933925,180,0,0,MÍNIMA CUANTÍA,OTRO,0,1,0.858075764667137
118333333,350,0,0,CONTRATACIÓN DIRECTA,Distrito Capital de Bogotá,0,0,2.7918918041018462e-05
523781328,0,0,0,CONTRATACIÓN RÉGIMEN ESPECIAL,Caldas,0,0,3.46458123501145e-05
14000000,105,0,0,CONTRATACIÓN DIRECTA,Tolima,0,0,4.477475093287668e-05
6333333,50,0,0,CONTRATACIÓN DIRECTA,Cundinamarca,0,0,4.3696026134484215e-05
21000000,14,0,0,CONTRATACIÓN RÉGIMEN ESPECIAL,No Definido,0,0,5.0126550734522766e-05
14933333,136,0,0,CONTRATACIÓN DIRECTA,Distrito Capital de Bogotá,0,0,2.7918805168914926e-05
209442661,60,0,2,CONTRATACIÓN RÉGIMEN ESPECIAL (CON OFERTAS),Antioquia,1,1,0.9936135314624123
38859480,220,0,0,CONTRATACIÓN DIRECTA,Distrito Capital de Bogotá,0,0,2.7918837517344938e-05
23400000,8,0,0,CONTRATACIÓN DIRECTA,Bolívar,0,0,3.460177322477865e-05
46000000,338,0,0,CONTRATACIÓN DIRECTA,Atlántico,0,0,3.744528395383867e-05
9600000,4,0,0,CONTRATACIÓN DIRECTA,OTRO,0,0,4.240119817480504e-05
25585000,1,0,0,CONTRATACIÓN RÉGIMEN ESPECIAL,Tolima,0,0,4.5036749597041435e-05
25400000,1,0,1,MÍNIMA CUANTÍA,Tolima,0,1,0.966797570627556
19634065,147,0,0,CONTRATACIÓN DIRECTA,Distrito Capital de Bogotá,0,0,2.7918810529950953e-05
18156544,240,0,0,CONTRATACIÓN DIRECTA,Tolima,0,0,4.477479483669516e-05
23133886,4,0,0,CONTRATACIÓN RÉGIMEN ESPECIAL,Caldas,0,0,3.464536739888296e-05
8430000,3,0,0,CONTRATACIÓN RÉGIMEN ESPECIAL,Santander,0,0,5.003933304680564e-05
120000000,1,0,0,CONTRATACIÓN RÉGIMEN ESPECIAL,No Definido,0,0,5.0126674074010694e-05
510384,30,0,0,CONTRATACIÓN RÉGIMEN ESPECIAL,Antioquia,0,0,4.2794990691000634e-05
163092040,9,0,0,CONTRATACIÓN DIRECTA,No Definido,0,0,4.983510562331176e-05
8000000,4,0,0,CONTRATACIÓN DIRECTA,Santander,0,0,4.974821469490093e-05
240000000,3,0,0,SELECCIÓN ABREVIADA SUBASTA INVERSA,Valle del Cauca,0,1,0.5941654175835006
145222573,6,0,3,SELECCIÓN ABREVIADA SUBASTA INVERSA,Antioquia,1,1,0.9926050334826892
7200000,3,0,0,CONTRATACIÓN DIRECTA,Santander,0,0,4.97482133499548e-05
43600000,327,0,0,CONTRATACIÓN RÉGIMEN ESPECIAL,OTRO,0,0,4.264945106417325e-05
26550000,8,0,0,CONTRATACIÓN RÉGIMEN ESPECIAL,Bolívar,0,0,3.4804262841571635e-05
5762118,10,0,0,CONTRATACIÓN RÉGIMEN ESPECIAL,Caldas,0,0,3.464535327402056e-05
134000000,334,0,0,CONTRATACIÓN DIRECTA,Distrito Capital de Bogotá,0,0,2.791892639302646e-05
2133333,20,0,0,CONTRATACIÓN DIRECTA,Bolívar,0,0,3.460175699715199e-05
3500000,30,0,0,CONTRATACIÓN RÉGIMEN ESPECIAL,No Definido,0,0,5.0126533377228304e-05
18200000,210,0,0,CONTRATACIÓN DIRECTA,Tolima,0,0,4.477478619335624e-05
3000000,2,0,0,CONTRATACIÓN DIRECTA,Santander,0,0,4.974820765733627e-05
73780000,3,0,6,MÍNIMA CUANTÍA,Caldas,1,1,0.9999773773037848
7667352,3,0,0,CONTRATACIÓN DIRECTA,Antioquia,0,0,4.254601719859598e-05
9984600,129,0,0,CONTRATACIÓN DIRECTA,Distrito Capital de Bogotá,0,0,2.7918800352668484e-05
4500000,1,0,0,CONTRATACIÓN DIRECTA,Santander,0,0,4.974820925346266e-05
8000000,30,0,0,CONTRATACIÓN DIRECTA,Distrito Capital de Bogotá,0,0,2.7918781040037227e-05
18000000,5,0,0,CONTRATACIÓN DIRECTA,Valle del Cauca,0,0,4.4024959107817584e-05
9600000,4,0,0,CONTRATACIÓN DIRECTA,Norte de Santander,0,0,7.300884203648718e-05
280000000,3,0,0,CONTRATACIÓN RÉGIMEN ESPECIAL,No Definido,0,0,5.0126880876017996e-05
22000000,108,0,0,CONTRATACIÓN DIRECTA,OTRO,0,0,4.2401240228841285e-05
5000000,4,0,2,MÍNIMA CUANTÍA,OTRO,1,1,0.9921112270896194
20000000,227,0,0,CONTRATACIÓN DIRECTA,Cundinamarca,0,0,4.3696091539583554e-05
10000000,4,0,0,CONTRATACIÓN DIRECTA,Bolívar,0,0,3.4601760410827556e-05
18900000,6,0,0,CONTRATACIÓN DIRECTA,Valle del Cauca,0,0,4.402496041120435e-05
400000000,6,0,0,CONTRATACIÓN DIRECTA,OTRO,0,0,4.240162421793852e-05
23100000,5,0,0,CONTRATACIÓN DIRECTA,OTRO,0,0,4.2401213162709004e-05
17500000,5,0,0,CONTRATACIÓN DIRECTA,Bolívar,0,0,3.4601767305394125e-05
11368000,105,0,0,CONTRATACIÓN DIRECTA,Valle del Cauca,0,0,4.402498009547497e-05
31954993,231,0,0,CONTRATACIÓN DIRECTA,OTRO,0,0,4.240128483207166e-05
15759000,9,0,0,CONTRATACIÓN DIRECTA,Norte de Santander,0,0,7.300885595677672e-05
15000000,35,0,2,MÍNIMA CUANTÍA,Boyacá,0,1,0.9937674464507836
15984000,160,0,0,CONTRATACIÓN DIRECTA,Distrito Capital de Bogotá,0,0,2.7918810259501112e-05
23250000,227,0,0,CONTRATACIÓN RÉGIMEN ESPECIAL,No Definido,0,0,5.012662273351292e-05
249593575,7,0,0,SELECCIÓN ABREVIADA DE MENOR CUANTÍA,Distrito Capital de Bogotá,0,0,0.39035875065435294
17120000,8,0,0,CONTRATACIÓN DIRECTA,Distrito Capital de Bogotá,0,0,2.791878360971065e-05
33750000,135,0,0,CONTRATACIÓN DIRECTA,Distrito Capital de Bogotá,0,0,2.7918818491823152e-05
90000000,12,0,0,CONTRATACIÓN RÉGIMEN ESPECIAL,Distrito Capital de Bogotá,0,0,2.8082216522756823e-05
5916666,82,0,0,CONTRATACIÓN DIRECTA,Distrito Capital de Bogotá,0,0,2.7918788940881255e-05
23083599,11,0,0,CONTRATACIÓN DIRECTA,Distrito Capital de Bogotá,0,0,2.7918788431498677e-05
188091400,244,0,0,CONTRATACIÓN RÉGIMEN ESPECIAL,Magdalena,0,0,3.843076746819499e-05
50932270,7,0,0,CONTRATACIÓN RÉGIMEN ESPECIAL,Santander,0,0,5.0039389009067004e-05
1500000,3,0,0,CONTRATACIÓN RÉGIMEN ESPECIAL,Boyacá,0,0,5.407228754358368e-05
4500000,1,0,0,CONTRATACIÓN DIRECTA,Atlántico,0,0,3.744516234006499e-05
21292000,4,0,0,CONTRATACIÓN DIRECTA,Distrito Capital de Bogotá,0,0,2.7918785880939632e-05
20000000,4,0,0,CONTRATACIÓN DIRECTA,Atlántico,0,0,3.744517798587469e-05
48252176,0,0,0,CONTRATACIÓN DIRECTA,Valle del Cauca,0,0,4.4024991917267945e-05
3600000,45,0,0,CONTRATACIÓN RÉGIMEN ESPECIAL,Norte de Santander,0,0,7.343607557275391e-05
27574728,9,0,2,CONTRATACIÓN RÉGIMEN ESPECIAL (CON OFERTAS),Distrito Capital de Bogotá,0,1,0.9902997923240743
96009,30,0,0,CONTRATACIÓN RÉGIMEN ESPECIAL,Cundinamarca,0,0,4.395171669633192e-05
31843704,8,0,0,CONTRATACIÓN DIRECTA,OTRO,0,0,4.240122351562155e-05
88281394,60,0,5,MÍNIMA CUANTÍA,Caldas,1,1,0.9998968307564634
91248817,60,0,6,MÍNIMA CUANTÍA,Boyacá,1,1,0.9999855052981991
12000000,3,0,0,CONTRATACIÓN DIRECTA,Valle del Cauca,0,0,4.402495174822686e-05
5537280,361,0,0,CONTRATACIÓN RÉGIMEN ESPECIAL,Tolima,0,0,4.5036831319821914e-05
115848810,2,39,1,CONTRATACIÓN DIRECTA (CON OFERTAS),Distrito Capital de Bogotá,1,1,0.9791069173672597
51864292,1095,0,0,CONTRATACIÓN RÉGIMEN ESPECIAL,Distrito Capital de Bogotá,0,0,2.808238582911249e-05
12000000,4,0,0,CONTRATACIÓN RÉGIMEN ESPECIAL,OTRO,0,0,4.264932726651768e-05
10708000,4,0,0,CONTRATACIÓN DIRECTA,Tolima,0,0,4.4774717876548586e-05
10886400,0,0,0,CONTRATACIÓN DIRECTA,Antioquia,0,0,4.2546019892915286e-05
4000000,120,0,0,CONTRATACIÓN RÉGIMEN ESPECIAL,No Definido,0,0,5.012656321860303e-05
27000000,6,0,0,CONTRATACIÓN DIRECTA,OTRO,0,0,4.2401217687690305e-05
27230400,88,0,0,CONTRATACIÓN RÉGIMEN ESPECIAL,No Definido,0,0,5.012658276864731e-05
28400000,170,0,0,CONTRATACIÓN RÉGIMEN ESPECIAL,Distrito Capital de Bogotá,0,0,2.808220077366858e-05
2400000,3,0,0,CONTRATACIÓN RÉGIMEN ESPECIAL,Santander,0,0,5.00393252909611e-05
5272000,2,0,0,CONTRATACIÓN DIRECTA,Caldas,0,0,3.444378872559973e-05
13006500,145,0,0,CONTRATACIÓN DIRECTA,Distrito Capital de Bogotá,0,0,2.7918805412361468e-05
4668187,62,0,0,CONTRATACIÓN DIRECTA,Antioquia,0,0,4.2546030164602663e-05
42000000,5,0,0,CONTRATACIÓN RÉGIMEN ESPECIAL,Cundinamarca,0,0,4.395175692570175e-05
5588720401,5,0,0,SELECCIÓN ABREVIADA SUBASTA INVERSA,Distrito Capital de Bogotá,0,0,0.48147760517988303
7200000,4,0,0,CONTRATACIÓN RÉGIMEN ESPECIAL,Cundinamarca,0,0,4.395171732625368e-05
15840000,9,0,0,CONTRATACIÓN DIRECTA,Distrito Capital de Bogotá,0,0,2.7918782871822852e-05
3290000,10,0,0,CONTRATACIÓN RÉGIMEN ESPECIAL,Santander,0,0,5.0039328702625834e-05
47598000,180,0,0,CONTRATACIÓN DIRECTA,Distrito Capital de Bogotá,0,0,2.7918836560815374e-05
39311650,1,0,6,MÍNIMA CUANTÍA,OTRO,1,1,0.9999816229421052
9498000,2,0,0,CONTRATACIÓN RÉGIMEN ESPECIAL,Atlántico,0,0,3.766429287937396e-05
13991967,134,0,0,CONTRATACIÓN DIRECTA,OTRO,0,0,4.2401238635835054e-05
41130000,9,0,0,CONTRATACIÓN DIRECTA,Distrito Capital de Bogotá,0,0,2.7918801020934172e-05
41711052,0,0,0,CONTRATACIÓN DIRECTA,Caldas,0,0,3.4443820541313425e-05
22688540,85,0,0,CONTRATACIÓN RÉGIMEN ESPECIAL,Santander,0,0,5.003937794186436e-05
15000000,6,0,0,CONTRATACIÓN DIRECTA,OTRO,0,0,4.2401204609033875e-05
57418200,7,0,0,CONTRATACIÓN DIRECTA,Distrito Capital de Bogotá,0,0,2.791881234861934e-05
13200000,6,0,0,CONTRATACIÓN DIRECTA,Caldas,0,0,3.444379663638157e-05
59632265,165,0,0,CONTRATACIÓN DIRECTA,Distrito Capital de Bogotá,0,0,2.791884248672908e-05
21000000,7,0,0,CONTRATACIÓN DIRECTA,Bolívar,0,0,3.4601770866236407e-05
6615000,3,0,0,CONTRATACIÓN RÉGIMEN ESPECIAL,OTRO,0,0,4.264932108710586e-05
46508108,23,0,0,CONTRATACIÓN RÉGIMEN ESPECIAL,No Definido,0,0,5.01265865202116e-05
3600000,45,0,0,CONTRATACIÓN DIRECTA,Meta,0,0,6.413243411650762e-05
120000000,320,0,0,CONTRATACIÓN DIRECTA,Distrito Capital de Bogotá,0,0,2.7918913816337788e-05
5000000,1,0,1,MÍNIMA CUANTÍA,Valle del Cauca,1,1,0.9662511582158795
19800000,0,0,0,CONTRATACIÓN DIRECTA,Cundinamarca,0,0,4.369602711997102e-05
7270560,3,0,0,CONTRATACIÓN RÉGIMEN ESPECIAL,Distrito Capital de Bogotá,0,0,2.8082155169628848e-05
1800000,25,0,0,CONTRATACIÓN RÉGIMEN ESPECIAL,Antioquia,0,0,4.2794990724760975e-05
11000000,12,0,1,MÍNIMA CUANTÍA,Caldas,1,1,0.9572641263341851
32960000,8,0,0,CONTRATACIÓN DIRECTA,OTRO,0,0,4.240122473225954e-05
47532887,301,0,0,CONTRATACIÓN DIRECTA,Valle del Cauca,0,0,4.4025076866109045e-05
17907219,11,0,0,CONTRATACIÓN RÉGIMEN ESPECIAL,OTRO,0,0,4.2649335674560506e-05
12000000,4,0,0,CONTRATACIÓN RÉGIMEN ESPECIAL,No Definido,0,0,5.012653589433331e-05
34453333,304,0,0,CONTRATACIÓN DIRECTA,Antioquia,0,0,4.25461293738956e-05
6417000,77,0,0,CONTRATACIÓN RÉGIMEN ESPECIAL,No Definido,0,0,5.012655238303919e-05
1000000,4,0,0,CONTRATACIÓN RÉGIMEN ESPECIAL,Distrito Capital de Bogotá,0,0,2.8082150825043308e-05
1650000,0,0,0,CONTRATACIÓN RÉGIMEN ESPECIAL,OTRO,0,0,4.264931481607997e-05
99940509,15,0,3,SELECCIÓN ABREVIADA SUBASTA INVERSA,Distrito Capital de Bogotá,1,1,0.9887739716256045
35273318,340,0,0,CONTRATACIÓN DIRECTA,OTRO,0,0,4.240131836024997e-05
110928635,0,0,0,SELECCIÓN ABREVIADA DE MENOR CUANTÍA,Norte de Santander,0,1,0.6260991455663896
20000000,4,0,0,CONTRATACIÓN DIRECTA,Santander,0,0,4.9748230039630735e-05
16800000,6,0,0,CONTRATACIÓN DIRECTA,Atlántico,0,0,3.74451753905553e-05
30773538,1,0,2,MÍNIMA CUANTÍA,OTRO,1,1,0.9921112321228577
40200469,2,0,0,SELECCIÓN ABREVIADA DE MENOR CUANTÍA,Distrito Capital de Bogotá,0,0,0.39035746203189947
6490000,2,0,0,CONTRATACIÓN DIRECTA,Cundinamarca,0,0,4.3696012736191425e-05
35000000,2,789,1,CONTRATACIÓN DIRECTA (CON OFERTAS),Valle del Cauca,1,1,0.9868400974099247
533183368,3,0,0,LICITACIÓN PÚBLICA,Distrito Capital de Bogotá,0,1,0.5276739969608436
7500000,89,0,0,CONTRATACIÓN DIRECTA,Antioquia,0,0,4.2546040696080405e-05
4490000,95,0,0,CONTRATACIÓN RÉGIMEN ESPECIAL,Antioquia,0,0,4.279501307140305e-05
12632100,159,0,0,CONTRATACIÓN RÉGIMEN ESPECIAL,Distrito Capital de Bogotá,0,0,2.808218739253632e-05
11997720,105,0,0,CONTRATACIÓN DIRECTA,Distrito Capital de Bogotá,0,0,2.7918797460780044e-05
650000,2,0,0,CONTRATACIÓN RÉGIMEN ESPECIAL,No Definido,0,0,5.012652062158955e-05
26400000,6,0,0,CONTRATACIÓN DIRECTA,Bolívar,0,0,3.460177544514571e-05
13200000,3,0,0,CONTRATACIÓN RÉGIMEN ESPECIAL,Antioquia,0,0,4.279499717161921e-05
49488750,350,0,0,CONTRATACIÓN RÉGIMEN ESPECIAL,Antioquia,0,0,4.279513319697851e-05
18798628,35,0,0,CONTRATACIÓN RÉGIMEN ESPECIAL,Tolima,0,0,4.5036751651044365e-05
2490000,2,0,0,CONTRATACIÓN RÉGIMEN ESPECIAL,Antioquia,0,0,4.279498511355277e-05
8400000,0,0,0,CONTRATACIÓN RÉGIMEN ESPECIAL,Valle del Cauca,0,0,4.428257483164472e-05
29833512,0,0,0,CONTRATACIÓN RÉGIMEN ESPECIAL,Bolívar,0,0,3.480426397705396e-05
175000000,2,1,1,CONTRATACIÓN DIRECTA (CON OFERTAS),Antioquia,1,1,0.98618084302607
4500000,6,0,0,CONTRATACIÓN RÉGIMEN ESPECIAL,No Definido,0,0,5.0126526879775724e-05
25004000,15,0,0,CONTRATACIÓN RÉGIMEN ESPECIAL,Tolima,0,0,4.503675300509083e-05
2400000,9,0,0,CONTRATACIÓN RÉGIMEN ESPECIAL,OTRO,0,0,4.2649318122486894e-05
13500000,3,0,0,CONTRATACIÓN DIRECTA,Distrito Capital de Bogotá,0,0,2.7918780108400983e-05
26200000,4,0,0,CONTRATACIÓN DIRECTA,Magdalena,0,0,3.820696457529429e-05
26082000,324,0,0,CONTRATACIÓN DIRECTA,Distrito Capital de Bogotá,0,0,2.7918847139592574e-05
619161,2,0,0,CONTRATACIÓN RÉGIMEN ESPECIAL,Distrito Capital de Bogotá,0,0,2.808215018664259e-05
7500000,15,0,0,CONTRATACIÓN RÉGIMEN ESPECIAL,Distrito Capital de Bogotá,0,0,2.8082157516226153e-05
11000000,30,0,0,MÍNIMA CUANTÍA,Valle del Cauca,0,1,0.8625911014594727
22000000,4,0,0,CONTRATACIÓN DIRECTA,Valle del Cauca,0,0,4.402496334938518e-05
13750000,134,0,0,CONTRATACIÓN DIRECTA,Valle del Cauca,0,0,4.4024991053855874e-05
41000000,289,0,6,MÍNIMA CUANTÍA,Distrito Capital de Bogotá,0,1,0.9999720900514132
16000000,137,0,0,CONTRATACIÓN RÉGIMEN ESPECIAL,Distrito Capital de Bogotá,0,0,2.8082185825155112e-05
3216009,51,0,0,CONTRATACIÓN DIRECTA,Boyacá,0,0,5.3757726886238226e-05
19462800,7,0,0,CONTRATACIÓN DIRECTA,Distrito Capital de Bogotá,0,0,2.7918785110305896e-05
117000000,10,0,0,CONTRATACIÓN DIRECTA,Distrito Capital de Bogotá,0,0,2.7918855649030232e-05
15633333,134,0,0,CONTRATACIÓN DIRECTA,Distrito Capital de Bogotá,0,0,2.7918805309880954e-05
24355000,5,0,0,CONTRATACIÓN DIRECTA,Distrito Capital de Bogotá,0,0,2.7918788259760978e-05
14587250,10,0,0,CONTRATACIÓN RÉGIMEN ESPECIAL,Bolívar,0,0,3.480425258994365e-05
8379000,73,0,0,CONTRATACIÓN DIRECTA,Valle del Cauca,0,0,4.402496759542375e-05
1162924738,9,7,4,SELECCIÓN ABREVIADA DE MENOR CUANTÍA,Bolívar,1,1,0.9970965880070889
14000000,4,0,0,CONTRATACIÓN DIRECTA,OTRO,0,0,4.2401202970311195e-05
18150000,3,0,0,CONTRATACIÓN RÉGIMEN ESPECIAL,OTRO,0,0,4.2649333732527024e-05
5000000,2,0,0,CONTRATACIÓN RÉGIMEN ESPECIAL,Magdalena,0,0,3.8430526414126065e-05
7134645,8,0,0,CONTRATACIÓN RÉGIMEN ESPECIAL,Caldas,0,0,3.4645354047858953e-05
12279210,11,0,0,CONTRATACIÓN RÉGIMEN ESPECIAL,OTRO,0,0,4.264932950476825e-05
50600000,11,0,0,CONTRATACIÓN DIRECTA,Distrito Capital de Bogotá,0,0,2.7918808178368513e-05
6000000,3,0,0,CONTRATACIÓN RÉGIMEN ESPECIAL,No Definido,0,0,5.012652783921426e-05
1700000,1,0,0,CONTRATACIÓN RÉGIMEN ESPECIAL,Magdalena,0,0,3.843052290557071e-05
7500000,90,0,0,CONTRATACIÓN RÉGIMEN ESPECIAL,OTRO,0,0,4.264934607132175e-05
2476800,36,0,0,CONTRATACIÓN RÉGIMEN ESPECIAL,Distrito Capital de Bogotá,0,0,2.808215770699751e-05
15162000,3,0,0,CONTRATACIÓN DIRECTA,Valle del Cauca,0,0,4.402495532641925e-05
1640000000,5,0,2,SELECCIÓN ABREVIADA SUBASTA INVERSA,OTRO,1,1,0.9670310195591606
2463750,5,0,0,CONTRATACIÓN RÉGIMEN ESPECIAL,No Definido,0,0,5.012652393175502e-05
9000000,3,0,0,CONTRATACIÓN DIRECTA,Atlántico,0,0,3.744516715600984e-05
2803640,3,0,0,CONTRATACIÓN RÉGIMEN ESPECIAL,Antioquia,0,0,4.279498573552553e-05
56048499,335,0,0,CONTRATACIÓN RÉGIMEN ESPECIAL,Distrito Capital de Bogotá,0,0,2.8082250720010772e-05
52500000,0,0,0,CONTRATACIÓN DIRECTA,Distrito Capital de Bogotá,0,0,2.7918807554283365e-05
1401000000,186,0,0,SELECCIÓN ABREVIADA DE MENOR CUANTÍA,OTRO,0,0,0.49302992404693097
14425069,5,2,1,CONTRATACIÓN DIRECTA (CON OFERTAS),Caldas,1,1,0.9829855885930951
194174693,36,0,0,CONTRATACIÓN RÉGIMEN ESPECIAL,Distrito Capital de Bogotá,0,0,2.808229608234512e-05
19165200,295,0,0,CONTRATACIÓN DIRECTA,OTRO,0,0,4.240128845535377e-05
1640840020,25,0,0,CONTRATACIÓN RÉGIMEN ESPECIAL,Distrito Capital de Bogotá,0,0,2.8083338366979176e-05
14272000,48,0,0,CONTRATACIÓN DIRECTA,Meta,0,0,6.413245295376595e-05
2783012,30,0,2,MÍNIMA CUANTÍA,Distrito Capital de Bogotá,1,1,0.9880677108064089
5460000,0,0,0,CONTRATACIÓN RÉGIMEN ESPECIAL,OTRO,0,0,4.264931899285013e-05
8400000,57,0,0,CONTRATACIÓN RÉGIMEN ESPECIAL,Distrito Capital de Bogotá,0,0,2.8082165799307965e-05
6330447,3,0,0,CONTRATACIÓN RÉGIMEN ESPECIAL,No Definido,0,0,5.0126528264979064e-05
64115896,365,0,0,CONTRATACIÓN RÉGIMEN ESPECIAL,Boyacá,0,0,5.407250125285782e-05
22000000,4,0,0,CONTRATACIÓN DIRECTA,Santander,0,0,4.9748232597086135e-05
27500000,11,0,0,CONTRATACIÓN DIRECTA,Cundinamarca,0,0,4.369603887913961e-05
6736230,78,0,0,CONTRATACIÓN RÉGIMEN ESPECIAL,OTRO,0,0,4.26493419217473e-05
9300000,0,0,0,CONTRATACIÓN DIRECTA,OTRO,0,0,4.2401196750169206e-05
212090186,11,0,0,CONTRATACIÓN DIRECTA,Santander,0,0,4.9748477925037015e-05
34777743,2,0,2,MÍNIMA CUANTÍA,OTRO,1,1,0.992111232979091
89914222,1,0,1,SELECCIÓN ABREVIADA SUBASTA INVERSA,Cundinamarca,0,1,0.8688930653754265
21182000,1,0,3,MÍNIMA CUANTÍA,Antioquia,1,1,0.9982655055071123
36762468,253,0,0,CONTRATACIÓN DIRECTA,Santander,0,0,4.974833164351664e-05
8327914,144,0,0,CONTRATACIÓN DIRECTA,Antioquia,0,0,4.254605674601041e-05
56050000,295,0,0,CONTRATACIÓN DIRECTA,Distrito Capital de Bogotá,0,0,2.7918863405822372e-05
2000000,1,0,0,CONTRATACIÓN DIRECTA,Bolívar,0,0,3.460175262367084e-05
9477000,9,0,3,MÍNIMA CUANTÍA,Valle del Cauca,1,1,0.9983236767491732
4677294,1,0,0,CONTRATACIÓN RÉGIMEN ESPECIAL,No Definido,0,0,5.0126525486147286e-05
22800000,6,0,0,CONTRATACIÓN DIRECTA,Distrito Capital de Bogotá,0,0,2.7918787324522153e-05
43294271,300,0,0,CONTRATACIÓN DIRECTA,Distrito Capital de Bogotá,0,0,2.7918855155238007e-05
39600000,299,0,0,CONTRATACIÓN DIRECTA,Distrito Capital de Bogotá,0,0,2.7918852323384782e-05
42000000,12,0,0,CONTRATACIÓN RÉGIMEN ESPECIAL,Distrito Capital de Bogotá,0,0,2.8082181874435844e-05
47441800,8,9,5,SELECCIÓN ABREVIADA DE MENOR CUANTÍA,Distrito Capital de Bogotá,1,1,0.9992093451632079
29099760,144,0,0,CONTRATACIÓN DIRECTA,Distrito Capital de Bogotá,0,0,2.791881678084272e-05
18360000,34,0,0,CONTRATACIÓN RÉGIMEN ESPECIAL,Distrito Capital de Bogotá,0,0,2.8082168808615754e-05
15000000,5,0,0,CONTRATACIÓN DIRECTA,Antioquia,0,0,4.254602576836313e-05
130999066,90,0,0,SELECCIÓN ABREVIADA DE MENOR CUANTÍA,Meta,0,1,0.5952904653216268
20430760,351,0,0,CONTRATACIÓN RÉGIMEN ESPECIAL,Tolima,0,0,4.5036845646242186e-05
1800000,20,0,0,CONTRATACIÓN RÉGIMEN ESPECIAL,OTRO,0,0,4.264932050098232e-05
16335000,0,0,0,CONTRATACIÓN DIRECTA,Valle del Cauca,0,0,4.4024955799036e-05
9450000,7,0,0,CONTRATACIÓN DIRECTA,OTRO,0,0,4.240119883457404e-05
12311580,3,0,0,CONTRATACIÓN RÉGIMEN ESPECIAL,No Definido,0,0,5.0126535971376155e-05
5419050,12,0,0,CONTRATACIÓN RÉGIMEN ESPECIAL,No Definido,0,0,5.0126530010402436e-05
37000000,10,0,2,MÍNIMA CUANTÍA,Distrito Capital de Bogotá,1,1,0.9880677196501662
393640288,2,0,0,SELECCIÓN ABREVIADA SUBASTA INVERSA,Distrito Capital de Bogotá,0,0,0.4814442610059502
10000000,341,0,0,CONTRATACIÓN DIRECTA,Tolima,0,0,4.477481471698532e-05
214677459,7,0,2,SELECCIÓN ABREVIADA SUBASTA INVERSA,Meta,0,1,0.9779559530193985
38246000,260,0,0,CONTRATACIÓN DIRECTA,Distrito Capital de Bogotá,0,0,2.791884430473719e-05
14018691508,12,0,1,LICITACIÓN PÚBLICA OBRA PUBLICA,Meta,1,1,0.8614283992725751
6226980,15,0,0,CONTRATACIÓN RÉGIMEN ESPECIAL,Nariño,0,0,2.4075703152524225e-05
9094800,238,0,0,CONTRATACIÓN DIRECTA,Antioquia,0,0,4.2546083468050426e-05
10787040,4,0,0,CONTRATACIÓN DIRECTA,Valle del Cauca,0,0,4.4024950660539056e-05
73500000,325,0,2,MÍNIMA CUANTÍA,Distrito Capital de Bogotá,1,1,0.9880677547484732
484313,30,0,0,CONTRATACIÓN DIRECTA,OTRO,0,0,4.240119537458198e-05
7000000,2,0,0,CONTRATACIÓN DIRECTA,Cundinamarca,0,0,4.369601330900732e-05
4620000,2,0,0,CONTRATACIÓN DIRECTA,Distrito Capital de Bogotá,0,0,2.7918773555071916e-05
71151208,13,0,0,CONTRATACIÓN RÉGIMEN ESPECIAL,Cundinamarca,0,0,4.3951792134669754e-05
60000000,2,0,1,MÍNIMA CUANTÍA,Tolima,1,1,0.9667975993851332
9862882,104,0,0,CONTRATACIÓN RÉGIMEN ESPECIAL,Santander,0,0,5.003936759848765e-05
14880000,6,0,0,CONTRATACIÓN RÉGIMEN ESPECIAL,Tolima,0,0,4.5036738661989465e-05
28000000,112,0,0,CONTRATACIÓN DIRECTA,Cundinamarca,0,0,4.369606800324398e-05
14000000,0,0,0,CONTRATACIÓN DIRECTA,No Definido,0,0,4.9834911739917455e-05
13800000,6,0,0,CONTRATACIÓN DIRECTA,Norte de Santander,0,0,7.300885086308686e-05
7500000,3,0,0,CONTRATACIÓN DIRECTA,OTRO,0,0,4.2401195611623514e-05
833000,115,0,0,CONTRATACIÓN RÉGIMEN ESPECIAL,Antioquia,0,0,4.2795014587986946e-05
40000000,2,0,0,CONTRATACIÓN DIRECTA,Antioquia,0,0,4.25460522825629e-05
13549113,232,0,0,CONTRATACIÓN DIRECTA,Distrito Capital de Bogotá,0,0,2.7918821521887345e-05
19093053,8,0,0,CONTRATACIÓN DIRECTA,Norte de Santander,0,0,7.300886174088339e-05
343013696,217,0,0,SELECCIÓN ABREVIADA DE MENOR CUANTÍA,Bolívar,0,0,0.4424588180092509
34500000,36,0,0,CONTRATACIÓN RÉGIMEN ESPECIAL,Distrito Capital de Bogotá,0,0,2.8082180822600264e-05
59834500,324,0,0,CONTRATACIÓN DIRECTA,Valle del Cauca,0,0,4.402509734025333e-05
8400000,0,0,0,CONTRATACIÓN DIRECTA,OTRO,0,0,4.240119576927028e-05
23894350,300,0,0,CONTRATACIÓN DIRECTA,Caldas,0,0,3.4443871643092036e-05
9500000,2,0,0,CONTRATACIÓN DIRECTA,Distrito Capital de Bogotá,0,0,2.7918777057152174e-05
6921878,12,0,0,CONTRATACIÓN DIRECTA,OTRO,0,0,4.2401197451291885e-05
26395446,167,0,0,CONTRATACIÓN DIRECTA,Distrito Capital de Bogotá,0,0,2.7918818996013216e-05
10500000,3,0,0,CONTRATACIÓN DIRECTA,Santander,0,0,4.9748217569754875e-05
18630000,6,0,0,CONTRATACIÓN DIRECTA,Cundinamarca,0,0,4.369602750264591e-05
10994000,60,0,0,CONTRATACIÓN DIRECTA,Atlántico,0,0,3.7445182888822486e-05
200000,30,0,0,CONTRATACIÓN RÉGIMEN ESPECIAL,No Definido,0,0,5.01265291253399e-05
48000000,148,0,0,CONTRATACIÓN RÉGIMEN ESPECIAL,Caldas,0,0,3.464542183138137e-05
8053100,55,0,0,CONTRATACIÓN DIRECTA,Boyacá,0,0,5.3757734961693116e-05
4142000,1,0,0,CONTRATACIÓN RÉGIMEN ESPECIAL,Valle del Cauca,0,0,4.428257027159164e-05
22152000,240,0,0,CONTRATACIÓN DIRECTA,Bolívar,0,0,3.460182406932968e-05
15725000,5,0,0,CONTRATACIÓN DIRECTA,Antioquia,0,0,4.254602656123057e-05
11500000,6,0,0,CONTRATACIÓN DIRECTA,Bolívar,0,0,3.460176219283592e-05
9500000,57,0,0,CONTRATACIÓN RÉGIMEN ESPECIAL,Distrito Capital de Bogotá,0,0,2.8082166593331015e-05
2046933,255,0,2,MÍNIMA CUANTÍA,Distrito Capital de Bogotá,1,1,0.988067727752315
1912500,3,0,0,CONTRATACIÓN RÉGIMEN ESPECIAL,OTRO,0,0,4.264931593191895e-05
2000000,15,0,0,CONTRATACIÓN RÉGIMEN ESPECIAL,No Definido,0,0,5.012652657836214e-05
40650133,328,0,0,CONTRATACIÓN DIRECTA,Meta,0,0,6.41326126510209e-05
6120000,12,0,0,MÍNIMA CUANTÍA,Bolívar,0,1,0.831475123620279
48000000,6,0,0,CONTRATACIÓN DIRECTA,Distrito Capital de Bogotá,0,0,2.7918805409048746e-05
47212000,348,0,0,CONTRATACIÓN DIRECTA,Distrito Capital de Bogotá,0,0,2.7918866639950378e-05
2860000,39,0,0,CONTRATACIÓN DIRECTA,Antioquia,0,0,4.2546021853993694e-05
33895800,160,0,0,CONTRATACIÓN RÉGIMEN ESPECIAL,Distrito Capital de Bogotá,0,0,2.8082202923272234e-05
24717000,321,0,0,CONTRATACIÓN DIRECTA,Bolívar,0,0,3.4601844490008694e-05
476000,1,0,0,CONTRATACIÓN RÉGIMEN ESPECIAL,Distrito Capital de Bogotá,0,0,2.8082149901555266e-05
25348956,5,0,0,CONTRATACIÓN RÉGIMEN ESPECIAL,No Definido,0,0,5.0126553418226834e-05
32170000,45,0,11,MÍNIMA CUANTÍA,Nariño,0,1,0.9999999835024591
140211914,347,0,0,CONTRATACIÓN RÉGIMEN ESPECIAL,Distrito Capital de Bogotá,0,0,2.8082313653699936e-05
16460049,145,0,0,CONTRATACIÓN DIRECTA,Bolívar,0,0,3.460179773230932e-05
20481344,8,0,0,CONTRATACIÓN DIRECTA,Boyacá,0,0,5.3757735782953595e-05
31432633,32,0,0,CONTRATACIÓN RÉGIMEN ESPECIAL,Distrito Capital de Bogotá,0,0,2.8082177881460057e-05
16800000,0,0,0,CONTRATACIÓN DIRECTA,Caldas,0,0,3.444379848614769e-05
414000000,5,1,1,CONTRATACIÓN DIRECTA (CON OFERTAS),Meta,1,1,0.9907896600077025
85598208,288,0,0,CONTRATACIÓN DIRECTA,Distrito Capital de Bogotá,0,0,2.7918883346014804e-05
66486994,12,1,1,CONTRATACIÓN DIRECTA (CON OFERTAS),Distrito Capital de Bogotá,1,1,0.9790917137389973
24960000,0,0,0,CONTRATACIÓN DIRECTA,OTRO,0,0,4.240121381781343e-05
24272640,195,0,0,CONTRATACIÓN DIRECTA,Nariño,0,0,2.3935671238581794e-05
596000,3,0,0,CONTRATACIÓN RÉGIMEN ESPECIAL,OTRO,0,0,4.264931448868596e-05
1845152,26,0,0,CONTRATACIÓN RÉGIMEN ESPECIAL,Distrito Capital de Bogotá,0,0,2.8082155433567184e-05
80730000,345,0,0,CONTRATACIÓN DIRECTA,Distrito Capital de Bogotá,0,0,2.7918890151802145e-05
7200000,3,0,0,CONTRATACIÓN DIRECTA,Santander,0,0,4.97482133499548e-05
10800000,0,0,0,CONTRATACIÓN DIRECTA,Bolívar,0,0,3.460176022659379e-05
15079680,4,0,0,CONTRATACIÓN DIRECTA,OTRO,0,0,4.2401204147041255e-05
21000000,3,0,0,CONTRATACIÓN RÉGIMEN ESPECIAL,Antioquia,0,0,4.279500575169453e-05
11309760,4,0,0,CONTRATACIÓN DIRECTA,OTRO,0,0,4.240120003825146e-05
22896720,315,0,0,CONTRATACIÓN DIRECTA,Distrito Capital de Bogotá,0,0,2.791884322748277e-05
7600000,60,0,0,CONTRATACIÓN DIRECTA,Tolima,0,0,4.477473052713531e-05
1098825,12,0,0,CONTRATACIÓN RÉGIMEN ESPECIAL,Antioquia,0,0,4.279498635290579e-05
6973000,1,0,0,CONTRATACIÓN DIRECTA,Distrito Capital de Bogotá,0,0,2.7918775062986498e-05
7470000,80,0,0,CONTRATACIÓN RÉGIMEN ESPECIAL,Distrito Capital de Bogotá,0,0,2.8082169308208173e-05
88328664,12,0,0,CONTRATACIÓN DIRECTA,Distrito Capital de Bogotá,0,0,2.7918835434680622e-05
800000,30,0,0,CONTRATACIÓN RÉGIMEN ESPECIAL,Antioquia,0,0,4.2794991009581e-05
32960000,240,0,0,CONTRATACIÓN DIRECTA,OTRO,0,0,4.240128839718034e-05
19733333,320,0,0,CONTRATACIÓN DIRECTA,Antioquia,0,0,4.2546117681600944e-05
6200000,4,0,0,CONTRATACIÓN DIRECTA,Boyacá,0,0,5.375771465759949e-05
244582485,90,0,0,CONTRATACIÓN RÉGIMEN ESPECIAL,Bolívar,0,0,3.4804476369477645e-05
57400000,210,0,0,CONTRATACIÓN DIRECTA,Distrito Capital de Bogotá,0,0,2.791884901587217e-05
15080000,195,0,0,CONTRATACIÓN DIRECTA,Cundinamarca,0,0,4.3696076964068544e-05
75000000,210,0,0,CONTRATACIÓN DIRECTA,Antioquia,0,0,4.2546147832856e-05
5500662,30,0,0,CONTRATACIÓN RÉGIMEN ESPECIAL,Santander,0,0,5.003933802296802e-05
24900000,6,0,0,CONTRATACIÓN DIRECTA,Magdalena,0,0,3.820696379313434e-05
27000000,45,0,0,CONTRATACIÓN RÉGIMEN ESPECIAL,Distrito Capital de Bogotá,0,0,2.8082177044539273e-05
4500000,75,1,1,CONTRATACIÓN DIRECTA (CON OFERTAS),No Definido,1,1,0.9881781875760078
3500000,15,0,0,CONTRATACIÓN RÉGIMEN ESPECIAL,No Definido,0,0,5.012652851103854e-05
35000000,5,0,0,CONTRATACIÓN RÉGIMEN ESPECIAL,Antioquia,0,0,4.2795021705766165e-05
29905890,60,0,2,MÍNIMA CUANTÍA,Distrito Capital de Bogotá,1,1,0.988067721315537
66234136,242,3,1,CONTRATACIÓN DIRECTA (CON OFERTAS),Distrito Capital de Bogotá,1,1,0.9790925432417298
30245333,214,0,0,CONTRATACIÓN RÉGIMEN ESPECIAL,Boyacá,0,0,5.4072401334866355e-05
133280,30,0,0,CONTRATACIÓN RÉGIMEN ESPECIAL,Antioquia,0,0,4.279499027618274e-05
6000000,3,0,0,CONTRATACIÓN DIRECTA,OTRO,0,0,4.240119397679211e-05
45070905,179,0,0,CONTRATACIÓN DIRECTA,Antioquia,0,0,4.2546106565999205e-05
1140000,3,0,0,CONTRATACIÓN RÉGIMEN ESPECIAL,Distrito Capital de Bogotá,0,0,2.8082150744352547e-05
4800000,2,0,0,CONTRATACIÓN RÉGIMEN ESPECIAL,Atlántico,0,0,3.766428833108039e-05
4400000,1,0,0,CONTRATACIÓN DIRECTA,Tolima,0,0,4.4774709747374034e-05
2100000,1,0,0,CONTRATACIÓN RÉGIMEN ESPECIAL,Bolívar,0,0,3.480423939131623e-05
1339000,12,0,0,CONTRATACIÓN RÉGIMEN ESPECIAL,No Definido,0,0,5.0126524753458196e-05
15761504,160,0,0,CONTRATACIÓN DIRECTA,OTRO,0,0,4.240124769929329e-05
1815000,15,0,0,CONTRATACIÓN RÉGIMEN ESPECIAL,Cundinamarca,0,0,4.395171437156945e-05
14000000,148,0,0,CONTRATACIÓN DIRECTA,Nariño,0,0,2.3935657637363403e-05
18240000,63,0,0,CONTRATACIÓN RÉGIMEN ESPECIAL,Nariño,0,0,2.4075718066187002e-05
19532969,0,0,0,CONTRATACIÓN RÉGIMEN ESPECIAL,Nariño,0,0,2.4075709049749113e-05
1385303,90,0,0,CONTRATACIÓN RÉGIMEN ESPECIAL,No Definido,0,0,5.0126550117307624e-05
24960000,180,0,0,CONTRATACIÓN DIRECTA,Distrito Capital de Bogotá,0,0,2.7918820314863623e-05
1407200,8,0,0,CONTRATACIÓN RÉGIMEN ESPECIAL,Distrito Capital de Bogotá,0,0,2.8082151845968806e-05
47600000,40,0,0,CONTRATACIÓN RÉGIMEN ESPECIAL,Cundinamarca,0,0,4.3951773208080265e-05
19144000,8,0,0,CONTRATACIÓN DIRECTA,OTRO,0,0,4.240120967436432e-05
22713731,80,0,0,CONTRATACIÓN RÉGIMEN ESPECIAL,Distrito Capital de Bogotá,0,0,2.808218031173373e-05
1050000,90,0,0,CONTRATACIÓN RÉGIMEN ESPECIAL,Antioquia,0,0,4.2795007902538994e-05
12000000,3,0,0,CONTRATACIÓN RÉGIMEN ESPECIAL,No Definido,0,0,5.012653556992059e-05
714240732,6,0,0,CONTRATACIÓN RÉGIMEN ESPECIAL,OTRO,0,0,4.2650097667725964e-05
1888000,30,0,0,CONTRATACIÓN RÉGIMEN ESPECIAL,OTRO,0,0,4.2649323357685176e-05
5000000,239,0,0,CONTRATACIÓN RÉGIMEN ESPECIAL,No Definido,0,0,5.0126603112201423e-05
256857554,3,0,0,CONTRATACIÓN RÉGIMEN ESPECIAL,Distrito Capital de Bogotá,0,0,2.8082335331805306e-05
9800000,120,0,0,CONTRATACIÓN DIRECTA,OTRO,0,0,4.24012302252112e-05
21718866,74,0,0,CONTRATACIÓN DIRECTA,Distrito Capital de Bogotá,0,0,2.7918798835642423e-05
17615000,140,0,0,CONTRATACIÓN DIRECTA,Valle del Cauca,0,0,4.402499713713945e-05
27873139,229,0,0,CONTRATACIÓN RÉGIMEN ESPECIAL,OTRO,0,0,4.264940677298196e-05
3045000,2,0,0,CONTRATACIÓN RÉGIMEN ESPECIAL,OTRO,0,0,4.264931689741602e-05
8087691,0,0,0,CONTRATACIÓN RÉGIMEN ESPECIAL,Antioquia,0,0,4.2794990717133315e-05
42000000,7,0,0,CONTRATACIÓN DIRECTA,Distrito Capital de Bogotá,0,0,2.7918801283899e-05
33000000,5,0,0,CONTRATACIÓN DIRECTA,Distrito Capital de Bogotá,0,0,2.791879446375719e-05
32450000,11,0,0,CONTRATACIÓN DIRECTA,Distrito Capital de Bogotá,0,0,2.7918795153201054e-05
6650000,1,0,0,CONTRATACIÓN RÉGIMEN ESPECIAL,OTRO,0,0,4.264932057342884e-05
31200000,8,0,0,CONTRATACIÓN DIRECTA,Atlántico,0,0,3.744518973527409e-05
21342877,7,0,0,CONTRATACIÓN RÉGIMEN ESPECIAL,Distrito Capital de Bogotá,0,0,2.8082166054569478e-05
40365000,35,0,0,CONTRATACIÓN RÉGIMEN ESPECIAL,No Definido,0,0,5.0126582498065286e-05
14629962,68,0,0,CONTRATACIÓN DIRECTA,Antioquia,0,0,4.2546042711032663e-05
19000000,5,0,0,CONTRATACIÓN RÉGIMEN ESPECIAL,No Definido,0,0,5.0126545237904936e-05
243700,13,0,0,CONTRATACIÓN RÉGIMEN ESPECIAL,OTRO,0,0,4.264931686270287e-05
20000000,5,0,0,CONTRATACIÓN DIRECTA,Norte de Santander,0,0,7.300886202535702e-05
2533103,0,0,0,CONTRATACIÓN RÉGIMEN ESPECIAL,Distrito Capital de Bogotá,0,0,2.8082151204703756e-05
20000000,4,0,0,CONTRATACIÓN RÉGIMEN ESPECIAL,Santander,0,0,5.003934825210385e-05
20687000,30,0,2,MÍNIMA CUANTÍA,OTRO,1,1,0.9921112315626083
2300000,90,0,7,MÍNIMA CUANTÍA,Boyacá,1,1,0.9999968218534402
711968,61,0,0,CONTRATACIÓN RÉGIMEN ESPECIAL,Antioquia,0,0,4.279499949868788e-05
4000000,31,0,0,CONTRATACIÓN RÉGIMEN ESPECIAL,Santander,0,0,5.0039336416650085e-05
77734295,353,0,0,CONTRATACIÓN DIRECTA,Distrito Capital de Bogotá,0,0,2.7918889447490082e-05
1225150,3,0,0,CONTRATACIÓN RÉGIMEN ESPECIAL,No Definido,0,0,5.012652168705466e-05
6864000,2,0,0,CONTRATACIÓN RÉGIMEN ESPECIAL,Boyacá,0,0,5.4072294648883844e-05
35000000,6,0,0,CONTRATACIÓN RÉGIMEN ESPECIAL,Santander,0,0,5.003936819295774e-05
36000000,365,0,0,CONTRATACIÓN RÉGIMEN ESPECIAL,Distrito Capital de Bogotá,0,0,2.8082241700641614e-05
32826000,180,0,0,CONTRATACIÓN DIRECTA,Distrito Capital de Bogotá,0,0,2.791882595982488e-05
19800000,180,0,0,CONTRATACIÓN DIRECTA,OTRO,0,0,4.240125758916084e-05
26918000,101,0,0,CONTRATACIÓN RÉGIMEN ESPECIAL,Distrito Capital de Bogotá,0,0,2.8082187163258e-05
213409584,90,0,0,SELECCIÓN ABREVIADA DE MENOR CUANTÍA,Nariño,0,0,0.35440315884659734
818022,1,0,0,CONTRATACIÓN RÉGIMEN ESPECIAL,Distrito Capital de Bogotá,0,0,2.808215014844001e-05
9954000,3,0,0,CONTRATACIÓN DIRECTA,Distrito Capital de Bogotá,0,0,2.791877756365135e-05
1084074297,5,5,1,SELECCIÓN ABREVIADA DE MENOR CUANTÍA,OTRO,1,1,0.8160339282102729
22200000,180,0,0,CONTRATACIÓN RÉGIMEN ESPECIAL,Tolima,0,0,4.5036797852285684e-05
60350000,1,0,0,SELECCIÓN ABREVIADA SUBASTA INVERSA,OTRO,1,1,0.5850710470820663
6345000,135,0,0,CONTRATACIÓN RÉGIMEN ESPECIAL,Distrito Capital de Bogotá,0,0,2.8082178492297145e-05
12000000,82,0,0,CONTRATACIÓN RÉGIMEN ESPECIAL,Atlántico,0,0,3.7664314802583073e-05
124400000,0,0,0,CONTRATACIÓN RÉGIMEN ESPECIAL,Distrito Capital de Bogotá,0,0,2.8082239173094747e-05
19645886208,14,0,70,LICITACIÓN PÚBLICA OBRA PUBLICA,Distrito Capital de Bogotá,1,1,1.0
17684000,120,0,0,CONTRATACIÓN DIRECTA,Distrito Capital de Bogotá,0,0,2.791880425184752e-05
947716,30,0,0,CONTRATACIÓN RÉGIMEN ESPECIAL,Antioquia,0,0,4.2794991172069974e-05
1792000,27,0,0,CONTRATACIÓN RÉGIMEN ESPECIAL,OTRO,0,0,4.264932242437424e-05
158423466,356,0,3,CONTRATACIÓN RÉGIMEN ESPECIAL (CON OFERTAS),OTRO,1,1,0.9985878884884404
18000000,4,0,0,CONTRATACIÓN RÉGIMEN ESPECIAL,No Definido,0,0,5.0126543625040777e-05
208000000,3,0,0,SELECCIÓN ABREVIADA SUBASTA INVERSA,Antioquia,0,1,0.5858995100228097
2407501,8,0,0,CONTRATACIÓN RÉGIMEN ESPECIAL,No Definido,0,0,5.012652483251881e-05
17304213,320,0,0,CONTRATACIÓN DIRECTA,Antioquia,0,0,4.254611502508482e-05
3917000,0,0,0,CONTRATACIÓN RÉGIMEN ESPECIAL,Antioquia,0,0,4.279498612933433e-05
24000000,240,0,0,CONTRATACIÓN DIRECTA,Tolima,0,0,4.4774801561907616e-05
43605005,3,0,0,SELECCIÓN ABREVIADA DE MENOR CUANTÍA,Distrito Capital de Bogotá,0,0,0.39035748439871254
3529824839,17,0,0,CONTRATACIÓN DIRECTA,Atlántico,0,0,3.7448559502701166e-05
22900000,229,0,0,CONTRATACIÓN RÉGIMEN ESPECIAL,Distrito Capital de Bogotá,0,0,2.808220752671094e-05
796250,15,0,1,MÍNIMA CUANTÍA,Distrito Capital de Bogotá,1,1,0.947797206963709
6985000,135,0,0,CONTRATACIÓN RÉGIMEN ESPECIAL,No Definido,0,0,5.012657193082551e-05
8550000,90,0,0,CONTRATACIÓN DIRECTA,Antioquia,0,0,4.254604211972628e-05
20811333,0,0,0,CONTRATACIÓN RÉGIMEN ESPECIAL,No Definido,0,0,5.012654594965575e-05
15629117,105,0,0,CONTRATACIÓN RÉGIMEN ESPECIAL,OTRO,0,0,4.26493591233469e-05
96157261,285,0,0,CONTRATACIÓN RÉGIMEN ESPECIAL,Antioquia,0,0,4.279516653012063e-05
22500000,4,0,0,CONTRATACIÓN DIRECTA,Valle del Cauca,0,0,4.402496391519688e-05
2550000,15,0,0,CONTRATACIÓN DIRECTA,OTRO,0,0,4.240119350968818e-05
4500000,2,0,0,CONTRATACIÓN RÉGIMEN ESPECIAL,No Definido,0,0,5.012652558212532e-05
25830000,9,0,0,CONTRATACIÓN DIRECTA,Antioquia,0,0,4.2546038713582404e-05
1700000,1,0,0,CONTRATACIÓN RÉGIMEN ESPECIAL,Tolima,0,0,4.503672194707369e-05
4550000,105,0,0,CONTRATACIÓN DIRECTA,OTRO,0,0,4.240122038703373e-05
4800000,3,0,0,CONTRATACIÓN DIRECTA,Santander,0,0,4.9748210281009475e-05
19000000,5,0,0,CONTRATACIÓN DIRECTA,OTRO,0,0,4.24012086941681e-05
110174515,11,0,0,CONTRATACIÓN DIRECTA,Distrito Capital de Bogotá,0,0,2.7918850931470915e-05
10551804,6,0,0,CONTRATACIÓN DIRECTA,OTRO,0,0,4.240119976099926e-05
8000000,2,0,0,CONTRATACIÓN DIRECTA,Valle del Cauca,0,0,4.402494693680897e-05
2365000,331,0,0,CONTRATACIÓN RÉGIMEN ESPECIAL,Antioquia,0,0,4.2795076097907956e-05
6060000,3,0,0,CONTRATACIÓN DIRECTA,Boyacá,0,0,5.375771411623808e-05
22256570,2,0,0,CONTRATACIÓN RÉGIMEN ESPECIAL,Valle del Cauca,0,0,4.428259117700232e-05
34515624,261,0,0,CONTRATACIÓN DIRECTA,Antioquia,0,0,4.2546117601740373e-05
300000000,200,0,0,SELECCIÓN ABREVIADA DE MENOR CUANTÍA,Distrito Capital de Bogotá,0,0,0.3903593562736492
17787000,76,0,0,CONTRATACIÓN RÉGIMEN ESPECIAL,Distrito Capital de Bogotá,0,0,2.808217602843136e-05
25078890,8,0,0,CONTRATACIÓN RÉGIMEN ESPECIAL,Antioquia,0,0,4.2795011623343644e-05
3000000,15,0,0,CONTRATACIÓN DIRECTA,Antioquia,0,0,4.254601539858844e-05
4160000,39,0,0,CONTRATACIÓN DIRECTA,Antioquia,0,0,4.254602327568686e-05
550000,1,0,0,CONTRATACIÓN RÉGIMEN ESPECIAL,Antioquia,0,0,4.27949827025691e-05
15000000,246,0,0,CONTRATACIÓN RÉGIMEN ESPECIAL,Atlántico,0,0,3.766435768394392e-05
150000000,5,0,0,SELECCIÓN ABREVIADA DE MENOR CUANTÍA,Meta,0,1,0.5952904504537522
1500000,30,0,0,CONTRATACIÓN RÉGIMEN ESPECIAL,No Definido,0,0,5.012653080032621e-05
14967390,30,0,0,CONTRATACIÓN RÉGIMEN ESPECIAL,Antioquia,0,0,4.279500659384581e-05
44125000,90,0,0,CONTRATACIÓN RÉGIMEN ESPECIAL,Santander,0,0,5.003940713292601e-05
15700689,270,0,0,CONTRATACIÓN DIRECTA,Distrito Capital de Bogotá,0,0,2.7918829932210266e-05
12933024,120,0,0,CONTRATACIÓN RÉGIMEN ESPECIAL,OTRO,0,0,4.26493603080622e-05
7650000,0,0,0,CONTRATACIÓN DIRECTA,Boyacá,0,0,5.375771526953531e-05
192000,0,0,0,CONTRATACIÓN RÉGIMEN ESPECIAL,Antioquia,0,0,4.279498203180003e-05
9111030,142,0,0,CONTRATACIÓN DIRECTA,Atlántico,0,0,3.744520094864136e-05
10257055,6,0,0,CONTRATACIÓN RÉGIMEN ESPECIAL,No Definido,0,0,5.0126534297459196e-05
79254000,180,0,0,CONTRATACIÓN DIRECTA,Tolima,0,0,4.477484776685672e-05
200938437,144,0,0,CONTRATACIÓN DIRECTA,Distrito Capital de Bogotá,0,0,2.7918940099503736e-05
3240000,21,0,0,CONTRATACIÓN RÉGIMEN ESPECIAL,No Definido,0,0,5.012653012251712e-05
17687032,330,0,0,CONTRATACIÓN DIRECTA,Distrito Capital de Bogotá,0,0,2.791884219916557e-05
15495011,0,0,0,CONTRATACIÓN RÉGIMEN ESPECIAL,Bolívar,0,0,3.480425114952368e-05
17236800,4,0,0,CONTRATACIÓN RÉGIMEN ESPECIAL,Cundinamarca,0,0,4.395172866523721e-05
4781836,45,0,0,CONTRATACIÓN DIRECTA,Valle del Cauca,0,0,4.402495554686663e-05
96431727,315,0,0,CONTRATACIÓN DIRECTA,Distrito Capital de Bogotá,0,0,2.7918895999279518e-05
71499780,330,0,0,CONTRATACIÓN DIRECTA,Distrito Capital de Bogotá,0,0,2.7918880817433134e-05
7200000,102,0,0,CONTRATACIÓN RÉGIMEN ESPECIAL,Distrito Capital de Bogotá,0,0,2.8082173111774518e-05
73825500,315,0,0,CONTRATACIÓN DIRECTA,Distrito Capital de Bogotá,0,0,2.791887977609488e-05
21666666,19,0,0,CONTRATACIÓN RÉGIMEN ESPECIAL,No Definido,0,0,5.012655321555358e-05
5868336,54,0,0,CONTRATACIÓN RÉGIMEN ESPECIAL,Distrito Capital de Bogotá,0,0,2.8082163426608976e-05
12000000,124,0,1,MÍNIMA CUANTÍA,Magdalena,1,1,0.9613106685816117
169100000,11,0,0,CONTRATACIÓN DIRECTA,Atlántico,0,0,3.7445323191620694e-05
20000000,5,0,0,CONTRATACIÓN DIRECTA,OTRO,0,0,4.2401209784056076e-05
5000000,2,0,0,CONTRATACIÓN RÉGIMEN ESPECIAL,OTRO,0,0,4.264931904061442e-05
140458853,50,0,0,CONTRATACIÓN RÉGIMEN ESPECIAL,Antioquia,0,0,4.2795150175243585e-05
25520000,11,0,0,CONTRATACIÓN DIRECTA,Distrito Capital de Bogotá,0,0,2.791879017995689e-05
31360000,126,0,0,CONTRATACIÓN RÉGIMEN ESPECIAL,Valle del Cauca,0,0,4.428263707650357e-05
7691625,90,0,0,CONTRATACIÓN DIRECTA,Nariño,0,0,2.3935644771157496e-05
309988634,135,0,0,CONCURSO DE MÉRITOS ABIERTO,Caldas,0,1,0.5084571458666518
464530,30,0,0,CONTRATACIÓN RÉGIMEN ESPECIAL,Antioquia,0,0,4.27949906405608e-05
1088850,4,0,0,CONTRATACIÓN RÉGIMEN ESPECIAL,Bolívar,0,0,3.4804239162476675e-05
6000891,90,0,0,CONTRATACIÓN DIRECTA,Antioquia,0,0,4.254603933199371e-05
15656000,4,0,0,CONTRATACIÓN DIRECTA,Cundinamarca,0,0,4.3696023596748094e-05
84000000,340,0,0,CONTRATACIÓN RÉGIMEN ESPECIAL,OTRO,0,0,4.2649498941761995e-05
480800,1,0,0,CONTRATACIÓN RÉGIMEN ESPECIAL,Antioquia,0,0,4.279498262644852e-05
400050,2,0,0,CONTRATACIÓN RÉGIMEN ESPECIAL,OTRO,0,0,4.264931399784973e-05
49500000,330,0,0,CONTRATACIÓN DIRECTA,Tolima,0,0,4.477485698986533e-05
2780000,2,0,0,CONTRATACIÓN RÉGIMEN ESPECIAL,Distrito Capital de Bogotá,0,0,2.8082151746419954e-05
39949490,67,0,0,CONTRATACIÓN RÉGIMEN ESPECIAL,Antioquia,0,0,4.279504432215797e-05
31500000,7,0,0,CONTRATACIÓN DIRECTA,Santander,0,0,4.974824571089486e-05
3800000,8,0,0,CONTRATACIÓN RÉGIMEN ESPECIAL,No Definido,0,0,5.012652662668536e-05
32688974234,24,0,0,CONTRATACIÓN RÉGIMEN ESPECIAL,Distrito Capital de Bogotá,0,0,2.8105759825727662e-05
248197570,10,0,2,SELECCIÓN ABREVIADA SUBASTA INVERSA,Distrito Capital de Bogotá,1,1,0.9507684597820132
22500000,135,0,0,CONTRATACIÓN DIRECTA,Distrito Capital de Bogotá,0,0,2.7918810418368582e-05
5500000,5,0,0,CONTRATACIÓN RÉGIMEN ESPECIAL,No Definido,0,0,5.012652784381407e-05
3600000,27,0,0,CONTRATACIÓN DIRECTA,Distrito Capital de Bogotá,0,0,2.7918777340350793e-05
5760000,30,0,0,CONTRATACIÓN RÉGIMEN ESPECIAL,Magdalena,0,0,3.843053412905014e-05
7807772,44,0,0,CONTRATACIÓN RÉGIMEN ESPECIAL,Santander,0,0,5.0039345524273696e-05
140000000,2,0,0,SELECCIÓN ABREVIADA DE MENOR CUANTÍA,Distrito Capital de Bogotá,0,0,0.39035807253575117
101506912,345,0,0,CONTRATACIÓN DIRECTA,Distrito Capital de Bogotá,0,0,2.79189050621982e-05
123968000,447,0,0,CONTRATACIÓN DIRECTA,Distrito Capital de Bogotá,0,0,2.7918939611807925e-05
6200000,2,0,0,CONTRATACIÓN DIRECTA,Meta,0,0,6.413242055523507e-05
16000000,4,0,0,CONTRATACIÓN DIRECTA,Valle del Cauca,0,0,4.402495655964527e-05
3200000,1,0,0,CONTRATACIÓN DIRECTA,Santander,0,0,4.97482075911174e-05
80500000,345,0,0,CONTRATACIÓN DIRECTA,Distrito Capital de Bogotá,0,0,2.7918889986744433e-05
185000183,165,0,0,CONTRATACIÓN RÉGIMEN ESPECIAL,OTRO,0,0,4.264956136100511e-05
8500000,8,0,3,MÍNIMA CUANTÍA,Boyacá,1,1,0.9986267695752545
16000000,5,0,0,CONTRATACIÓN DIRECTA,Distrito Capital de Bogotá,0,0,2.7918782263881665e-05
1350000,28,0,0,CONTRATACIÓN RÉGIMEN ESPECIAL,Bolívar,0,0,3.480424480215893e-05
164192065,2,0,0,SELECCIÓN ABREVIADA DE MENOR CUANTÍA,Atlántico,0,0,0.4620185608346311
54000000,62,0,0,CONTRATACIÓN DIRECTA,Distrito Capital de Bogotá,0,0,2.791881983359163e-05
32329722,5,0,0,CONTRATACIÓN DIRECTA,Distrito Capital de Bogotá,0,0,2.7918793982738957e-05
17500000,105,0,0,CONTRATACIÓN DIRECTA,Meta,0,0,6.413248193285411e-05
44652000,226,0,0,CONTRATACIÓN DIRECTA,Distrito Capital de Bogotá,0,0,2.7918842758442753e-05
108000000,0,0,0,CONTRATACIÓN DIRECTA,Distrito Capital de Bogotá,0,0,2.7918847383344628e-05
14000000,5,0,0,CONTRATACIÓN RÉGIMEN ESPECIAL,Santander,0,0,5.0039340858691587e-05
39900000,194,0,0,CONTRATACIÓN RÉGIMEN ESPECIAL,Distrito Capital de Bogotá,0,0,2.808221343679632e-05
61100000,5,0,0,CONTRATACIÓN RÉGIMEN ESPECIAL,Meta,0,0,6.45077994642351e-05
22000000,30,0,0,CONTRATACIÓN RÉGIMEN ESPECIAL,Caldas,0,0,3.464537221893857e-05
2900000,1,0,0,CONTRATACIÓN RÉGIMEN ESPECIAL,Meta,0,0,6.450770129396143e-05
8500000,5,0,0,CONTRATACIÓN RÉGIMEN ESPECIAL,No Definido,0,0,5.0126531709167114e-05
11440480,0,0,0,CONTRATACIÓN DIRECTA,OTRO,0,0,4.240119908305202e-05
3607000,0,0,0,CONTRATACIÓN RÉGIMEN ESPECIAL,Norte de Santander,0,0,7.343605419935812e-05
1171124893,278,0,0,SELECCIÓN ABREVIADA SUBASTA INVERSA,Distrito Capital de Bogotá,0,0,0.48144969645496566
68440000,1,0,0,SELECCIÓN ABREVIADA DE MENOR CUANTÍA,Norte de Santander,0,1,0.6260988914028869
10890000,98,0,0,CONTRATACIÓN RÉGIMEN ESPECIAL,No Definido,0,0,5.012656495895333e-05
26000000,0,0,0,CONTRATACIÓN DIRECTA,Distrito Capital de Bogotá,0,0,2.7918788536823693e-05
6443897,5,0,1,MÍNIMA CUANTÍA,OTRO,1,1,0.9650039249902667
36000000,240,0,0,CONTRATACIÓN DIRECTA,Distrito Capital de Bogotá,0,0,2.7918839079089805e-05
39000000,6,0,0,CONTRATACIÓN DIRECTA,Antioquia,0,0,4.254605229037125e-05
10483200,169,0,0,CONTRATACIÓN RÉGIMEN ESPECIAL,Santander,0,0,5.003938944650923e-05
27600000,0,0,0,CONTRATACIÓN DIRECTA,Tolima,0,0,4.4774736158347506e-05
25000000,24,0,0,CONTRATACIÓN RÉGIMEN ESPECIAL,Caldas,0,0,3.464537354520715e-05
36000000,3,0,0,CONTRATACIÓN RÉGIMEN ESPECIAL,Antioquia,0,0,4.2795022251844186e-05
43284000,6,0,0,CONTRATACIÓN RÉGIMEN ESPECIAL,OTRO,0,0,4.264936211414444e-05
2034900,60,0,0,CONTRATACIÓN RÉGIMEN ESPECIAL,OTRO,0,0,4.26493317994223e-05
3084480,2,0,0,CONTRATACIÓN RÉGIMEN ESPECIAL,Distrito Capital de Bogotá,0,0,2.8082151966205438e-05
90000000,2,0,0,CONTRATACIÓN RÉGIMEN ESPECIAL,Distrito Capital de Bogotá,0,0,2.808221470527085e-05
38000000,4,0,0,CONTRATACIÓN DIRECTA,Distrito Capital de Bogotá,0,0,2.79187978712659e-05
14160000,8,0,0,CONTRATACIÓN DIRECTA,Distrito Capital de Bogotá,0,0,2.7918781485497485e-05
5913000,3,0,0,CONTRATACIÓN DIRECTA,Valle del Cauca,0,0,4.4024944860037586e-05
720000,24,0,0,CONTRATACIÓN RÉGIMEN ESPECIAL,Antioquia,0,0,4.2794989259785055e-05
11000000,1,0,0,CONTRATACIÓN RÉGIMEN ESPECIAL,Magdalena,0,0,3.843053209237873e-05
37807483,153,0,0,CONTRATACIÓN RÉGIMEN ESPECIAL,OTRO,0,0,4.26493966858794e-05
8250000,75,0,0,CONTRATACIÓN DIRECTA,Boyacá,0,0,5.375774219200837e-05
12000000,180,0,0,CONTRATACIÓN DIRECTA,No Definido,0,0,4.983496723261357e-05
2800000,28,0,0,CONTRATACIÓN RÉGIMEN ESPECIAL,Magdalena,0,0,3.843053070763544e-05
15942000,31,0,0,CONTRATACIÓN RÉGIMEN ESPECIAL,No Definido,0,0,5.0126549732552124e-05
462720000,11,0,0,CONTRATACIÓN DIRECTA,Distrito Capital de Bogotá,0,0,2.791910393383376e-05
19160000,8,0,0,CONTRATACIÓN DIRECTA,OTRO,0,0,4.2401209691802573e-05
14311200,96,0,0,CONTRATACIÓN DIRECTA,Distrito Capital de Bogotá,0,0,2.79187974948069e-05
156750000,1,0,0,SELECCIÓN ABREVIADA DE MENOR CUANTÍA,OTRO,0,0,0.4930216303785063
149948436,0,0,0,SELECCIÓN ABREVIADA DE MENOR CUANTÍA,OTRO,0,0,0.4930215850602893
4000000,2,0,0,CONTRATACIÓN DIRECTA,Santander,0,0,4.974820893606337e-05
13759999,90,0,0,CONTRATACIÓN RÉGIMEN ESPECIAL,OTRO,0,0,4.264935293394559e-05
28200000,6,0,0,CONTRATACIÓN DIRECTA,OTRO,0,0,4.240121899555614e-05
18191523,3,0,0,CONTRATACIÓN RÉGIMEN ESPECIAL,Antioquia,0,0,4.2795002662342514e-05
200000,1,0,0,CONTRATACIÓN RÉGIMEN ESPECIAL,Antioquia,0,0,4.2794982317565944e-05
14400000,90,0,0,CONTRATACIÓN RÉGIMEN ESPECIAL,No Definido,0,0,5.012656688611663e-05
26706213,4,0,0,CONTRATACIÓN DIRECTA,Distrito Capital de Bogotá,0,0,2.7918789766393992e-05
900000000,120,0,0,SELECCIÓN ABREVIADA SUBASTA INVERSA,Distrito Capital de Bogotá,0,0,0.48144770121939906
24192000,6,0,0,CONTRATACIÓN RÉGIMEN ESPECIAL,OTRO,0,0,4.264934118423381e-05
169965418,91,0,0,CONTRATACIÓN RÉGIMEN ESPECIAL,Santander,0,0,5.003956931445738e-05
5310000,0,0,0,CONTRATACIÓN DIRECTA,Cundinamarca,0,0,4.3696010845258844e-05
36685000,11,0,0,CONTRATACIÓN DIRECTA,Boyacá,0,0,5.3757759216621754e-05
8900000,4,0,0,CONTRATACIÓN DIRECTA,Distrito Capital de Bogotá,0,0,2.79187769879502e-05
390546573,75,0,0,SELECCIÓN ABREVIADA DE MENOR CUANTÍA,Distrito Capital de Bogotá,0,0,0.39035971764434224
36320000,8,0,0,CONTRATACIÓN DIRECTA,OTRO,0,0,4.240122839428468e-05
7500000,3,0,0,CONTRATACIÓN DIRECTA,Norte de Santander,0,0,7.300883762318768e-05
24126667,154,0,0,CONTRATACIÓN DIRECTA,OTRO,0,0,4.240125516988663e-05
10080000,10,0,0,CONTRATACIÓN RÉGIMEN ESPECIAL,Magdalena,0,0,3.8430533422060764e-05
1096000,3,0,0,CONTRATACIÓN RÉGIMEN ESPECIAL,No Definido,0,0,5.012652152065122e-05
800000000,0,0,1,LICITACIÓN PÚBLICA,OTRO,1,1,0.8855637043457858
41392000,8,0,0,CONTRATACIÓN DIRECTA,Distrito Capital de Bogotá,0,0,2.791880102826487e-05
4800000,2,0,0,CONTRATACIÓN RÉGIMEN ESPECIAL,Magdalena,0,0,3.843052621656025e-05
8556000,18,0,0,CONTRATACIÓN RÉGIMEN ESPECIAL,Cundinamarca,0,0,4.395172284050749e-05
119380,1,0,0,CONTRATACIÓN RÉGIMEN ESPECIAL,No Definido,0,0,5.0126519613499296e-05
3600000,2,0,0,CONTRATACIÓN DIRECTA,Santander,0,0,4.974820842457256e-05
35277000,330,0,0,CONTRATACIÓN DIRECTA,Cundinamarca,0,0,4.36961378264219e-05
3000000,3,0,0,CONTRATACIÓN RÉGIMEN ESPECIAL,OTRO,0,0,4.2649317124107245e-05
562000000,75,0,0,CONTRATACIÓN DIRECTA,Magdalena,0,0,3.8207508335405726e-05
